,time,807,829,1323,1345,852,1368,1301,830,1346,808,1324,853
0,0,25.722650747415045,46.406548375476234,28.068529735606504,41.55194976816875,0.0,0.0,0.0,0.0,0.0,0.0,0.0,0.0
1,1,25.475142897546277,46.74066275396705,27.627327359100924,41.92642513663435,0.0,0.0,0.0,0.0,0.0,0.0,0.0,0.0
2,2,25.239938371401024,47.07090007274236,27.18820315995341,42.2973737779564,0.0,0.0,0.0,0.0,0.0,0.0,0.0,0.0
3,3,25.017623263506692,47.39730190769138,26.751653331607884,42.66478812542242,0.0,0.0,0.0,0.0,0.0,0.0,0.0,0.0
4,4,24.808764564141242,0.0,26.318161194855307,43.02865291077755,0.0,0.0,0.0,0.0,0.0,0.0,0.0,0.0
5,5,24.613931518823748,0.0,25.888290157667114,43.38895596199947,0.0,0.0,0.0,0.0,0.0,0.0,0.0,0.0
6,6,24.43366620122208,0.0,25.462592048665556,43.745697845793146,0.0,0.0,0.0,0.0,0.0,0.0,0.0,0.0
7,7,24.26849184672139,0.0,25.041678999182963,44.098876326721474,0.0,0.0,0.0,0.0,0.0,0.0,0.0,0.0
8,8,24.118882018021154,0.0,24.626189018400154,44.44849141700522,0.0,0.0,0.0,0.0,0.0,0.0,0.0,0.0
9,9,23.98529539034388,0.0,24.216799163207966,44.794545239418504,0.0,0.0,0.0,0.0,0.0,0.0,0.0,0.0
10,10,23.86815860909276,0.0,23.814226721387783,45.13705561037933,0.0,0.0,0.0,0.0,0.0,0.0,0.0,0.0
11,11,23.7678215819969,0.0,23.419202551197756,45.47601878468321,0.0,0.0,0.0,0.0,0.0,0.0,0.0,0.0
12,12,23.684620587596697,0.0,23.032539139382422,45.81145548100593,0.0,0.0,0.0,0.0,0.0,0.0,0.0,0.0
13,13,23.61882093789626,0.0,22.655034484377552,46.14337846812039,0.0,0.0,0.0,0.0,0.0,0.0,0.0,0.0
14,14,23.57065451449772,0.0,22.287553884074697,46.47179752488997,0.0,0.0,0.0,0.0,0.0,0.0,0.0,0.0
15,15,23.540262657131407,0.0,21.930971949381842,46.79673228206149,0.0,0.0,0.0,0.0,0.0,0.0,0.0,0.0
16,16,23.52774883543688,0.0,21.58624436263733,47.118207295452606,0.0,0.0,0.0,0.0,0.0,0.0,0.0,0.0
17,17,23.533177580191705,0.0,21.25426939027072,47.436235460070456,0.0,0.0,0.0,0.0,0.0,0.0,0.0,0.0
18,18,23.556505376853025,0.0,20.93605026747646,0.0,0.0,0.0,0.0,0.0,0.0,0.0,0.0,0.0
19,19,23.5976631564358,0.0,20.632552326497915,0.0,0.0,0.0,0.0,0.0,0.0,0.0,0.0,0.0
20,20,23.65651608843565,0.0,20.34477382881981,0.0,0.0,0.0,0.0,0.0,0.0,0.0,0.0,0.0
21,21,23.732865274202595,0.0,20.073723784552556,0.0,0.0,0.0,0.0,0.0,0.0,0.0,0.0,0.0
22,22,23.82646367386529,0.0,19.820362850138963,0.0,0.0,0.0,0.0,0.0,0.0,0.0,0.0,0.0
23,23,23.93700540964882,0.0,19.585710966349055,0.0,0.0,0.0,0.0,0.0,0.0,0.0,0.0,0.0
24,24,24.064142672122756,0.0,19.370684670166185,0.0,0.0,0.0,0.0,0.0,0.0,0.0,0.0,0.0
25,25,24.207462882513937,0.0,19.176203874304576,0.0,0.0,0.0,0.0,0.0,0.0,0.0,0.0,0.0
26,26,24.366546040517647,0.0,19.003110705774333,0.0,0.0,0.0,0.0,0.0,0.0,0.0,0.0,0.0
27,27,24.540915787963172,0.0,18.852209503776095,0.0,0.0,0.0,0.0,0.0,0.0,0.0,0.0,0.0
28,28,24.73005763369146,0.0,18.724182668860777,0.0,47.53185643879526,0.0,0.0,0.0,0.0,0.0,0.0,0.0
29,29,24.93343658574851,0.0,18.619704976850784,0.0,47.28530953098701,0.0,0.0,0.0,0.0,0.0,0.0,0.0
30,30,25.150501366247966,0.0,18.539250828728484,0.0,47.038226098659244,0.0,0.0,0.0,0.0,0.0,0.0,0.0
31,31,25.380688461751276,0.0,18.483229581954447,0.0,46.79067814136073,0.0,0.0,0.0,0.0,0.0,0.0,0.0
32,32,25.623413720124347,0.0,18.45194169204278,0.0,46.54274511649971,0.0,0.0,0.0,0.0,0.0,0.0,0.0
33,33,25.87806468070866,0.0,18.44557289759605,0.0,46.29450570599828,0.0,0.0,0.0,0.0,0.0,0.0,0.0
34,34,26.14405323687368,0.0,18.46411664141334,0.0,46.04605069111883,0.0,0.0,0.0,0.0,0.0,0.0,0.0
35,35,26.420770084402974,0.0,18.507484553604215,0.0,45.79746595299829,0.0,0.0,0.0,0.0,0.0,0.0,0.0
36,36,26.70762386004435,0.0,18.57547130324369,0.0,45.548840928273215,0.0,0.0,0.0,0.0,0.0,0.0,0.0
37,37,27.004008543185677,0.0,18.667703955625385,0.0,45.300282283820934,0.0,0.0,0.0,0.0,0.0,0.0,0.0
38,38,27.309340946287634,0.0,18.783740863110808,0.0,45.05188274553547,0.0,0.0,0.0,0.0,0.0,0.0,0.0
39,39,27.62305059451488,0.0,18.922989113618925,0.0,44.80375254860025,0.0,0.0,0.0,0.0,0.0,0.0,0.0
40,40,27.944548685511947,0.0,19.084805960058546,0.0,44.555996850980215,0.0,0.0,0.0,0.0,0.0,0.0,0.0
41,41,28.273295988718026,0.0,19.26843794013581,0.0,44.30873429197297,0.0,0.0,0.0,0.0,0.0,0.0,0.0
42,42,28.608748678930844,0.0,19.47303469682008,0.0,44.062083166213974,0.0,0.0,0.0,0.0,0.0,0.0,0.0
43,43,28.950381457713263,0.0,19.697749112439098,0.0,43.816166076755366,0.0,0.0,0.0,0.0,0.0,0.0,0.0
44,44,29.297677928355796,0.0,19.94162761864564,0.0,43.57110999059909,0.0,0.0,0.0,0.0,0.0,0.0,0.0
45,45,29.650151672028855,0.0,20.203709701574837,0.0,43.327046287296696,0.0,0.0,0.0,0.0,0.0,0.0,0.0
46,46,30.007325953716048,0.0,20.48302104719407,0.0,43.08410571540009,0.0,0.0,0.0,0.0,0.0,0.0,0.0
47,47,30.36875376087427,0.0,20.778567191635375,0.0,42.842438698804465,0.0,0.0,0.0,0.0,0.0,0.0,0.0
48,48,30.733997951748094,0.0,21.089343540573793,0.0,42.60219025425139,0.0,0.0,0.0,0.0,0.0,0.0,0.0
49,49,31.102622632324,0.0,21.41435974960561,0.0,42.36349936971672,0.0,0.0,0.0,0.0,0.0,0.0,0.0
50,50,31.474239859383502,0.0,21.752646009543298,0.0,42.12652506037332,0.0,0.0,0.0,0.0,0.0,0.0,0.0
51,51,31.848462142745234,0.0,22.10324330971079,0.0,41.891431105436,0.0,0.0,0.0,0.0,0.0,0.0,0.0
52,52,32.224929853553434,0.0,22.465208985169014,0.0,41.65837508801532,0.0,0.0,0.0,0.0,0.0,0.0,0.0
53,53,32.603284135021724,0.0,22.83764977452705,0.0,41.427518775544534,0.0,0.0,0.0,0.0,0.0,0.0,0.0
54,54,32.98320160579789,0.0,23.21968061915922,0.0,41.199039254816036,0.0,0.0,0.0,0.0,0.0,0.0,0.0
55,55,33.364367377270106,0.0,23.610469978084524,0.0,40.97311251880673,0.0,0.0,0.0,0.0,0.0,0.0,0.0
56,56,33.74647522908234,0.0,24.009212312290813,0.0,40.749907328295,0.0,0.0,0.0,0.0,0.0,0.0,0.0
57,57,34.12925159033345,0.0,24.4151558021249,0.0,40.529613401990446,0.0,0.0,0.0,0.0,0.0,0.0,0.0
58,58,34.51242997813749,0.0,24.827549458932808,0.0,40.31241298253807,0.0,0.0,0.0,0.0,0.0,0.0,0.0
59,59,34.89575112429502,0.0,25.245709139591582,0.0,40.098491876498166,0.0,0.0,0.0,0.0,0.0,0.0,0.0
60,60,35.27898560517869,0.0,25.668964809980267,0.0,39.888039279986195,0.0,0.0,0.0,0.0,0.0,0.0,0.0
61,61,35.6618949313762,0.0,26.096709793981027,0.0,39.681247581401365,47.47102248366092,0.0,0.0,0.0,0.0,0.0,0.0
62,62,36.04428368060003,0.0,26.52834992335356,0.0,39.478318241444214,47.2720197527059,0.0,0.0,0.0,0.0,0.0,0.0
63,63,36.4259464594514,0.0,26.963327481943423,0.0,39.27944336552493,47.07410080204497,0.0,0.0,0.0,0.0,0.0,0.0
64,64,36.80669027368897,0.0,27.401130689559224,0.0,39.08481726794035,46.877354601042356,0.0,0.0,0.0,0.0,0.0,0.0
65,65,37.186347622321435,0.0,27.841247150058805,0.0,38.894648744779836,46.68189747136039,0.0,0.0,0.0,0.0,0.0,0.0
66,66,37.56475453723383,0.0,28.283240471492114,0.0,38.70912330436402,46.48782331496834,0.0,0.0,0.0,0.0,0.0,0.0
67,67,37.941757302792816,0.0,28.726660358241148,0.0,38.5284528367681,46.295249571013194,0.0,0.0,0.0,0.0,0.0,0.0
68,68,38.31721196076664,0.0,29.171106850723824,0.0,38.35283767402178,46.104283533055025,0.0,0.0,0.0,0.0,0.0,0.0
69,69,38.690990180073406,0.0,29.61619647576874,0.0,38.18245911929376,45.91503481496087,0.0,0.0,0.0,0.0,0.0,0.0
70,70,39.06295330279647,0.0,30.06157155798961,0.0,38.01753071778295,45.72762416730691,0.0,0.0,0.0,0.0,0.0,0.0
71,71,39.4330025608711,0.0,30.50691773824574,0.0,37.8582462543157,45.542161486535264,0.0,0.0,0.0,0.0,0.0,0.0
72,72,39.8010217899188,0.0,30.95190455861878,0.0,37.70479183158907,45.358772207295424,0.0,0.0,0.0,0.0,0.0,0.0
73,73,40.166914649965406,0.0,31.396252024893982,0.0,37.55735186992123,45.177579636919,0.0,0.0,0.0,0.0,0.0,0.0
74,74,40.53059157641129,0.0,31.83969057605141,0.0,37.41612215691132,44.998700052489205,0.0,0.0,0.0,0.0,0.0,0.0
75,75,40.89196375445056,0.0,32.28196958523679,0.0,37.281282595347086,44.82225612279198,0.0,0.0,0.0,0.0,0.0,0.0
76,76,41.25095446599724,0.0,32.72285619543111,0.0,37.15300308159591,44.648381713624424,0.0,0.0,0.0,0.0,0.0,0.0
77,77,41.60749825735515,0.0,33.162134223716016,0.0,37.03146345755494,44.47719854312374,0.0,0.0,0.0,0.0,0.0,0.0
78,78,41.96152938685593,0.0,33.59960313149648,0.0,36.91681183185657,44.308839295496234,0.0,0.0,0.0,0.0,0.0,0.0
79,79,42.31298733016551,0.0,34.03508504640123,0.0,36.809219021545495,44.14342865122334,0.0,0.0,0.0,0.0,0.0,0.0
80,80,42.66181131555564,0.0,34.46839955107927,0.0,36.708836784734686,43.981097299746736,0.0,0.0,0.0,0.0,0.0,0.0
81,81,43.007966045104524,0.0,34.89938748939641,0.0,36.615796950349605,43.821977099652585,0.0,0.0,0.0,0.0,0.0,0.0
82,82,43.35140454035209,0.0,35.32790932320351,0.0,36.53023181178551,43.66620091728778,0.0,0.0,0.0,0.0,0.0,0.0
83,83,43.69208406157318,0.0,35.753828929004946,0.0,36.4522738270137,43.51389250796227,0.0,0.0,0.0,0.0,0.0,0.0
84,84,44.02997072788326,0.0,36.177028073149195,0.0,36.382026836864995,43.36519100797762,0.0,0.0,0.0,0.0,0.0,0.0
85,85,44.36504364716504,0.0,36.59738389972817,0.0,36.319608097041424,43.22022102376698,0.0,0.0,0.0,0.0,0.0,0.0
86,86,44.697265852611736,0.0,37.01481116528608,0.0,36.2650981212647,43.07911221246034,0.0,0.0,0.0,0.0,0.0,0.0
87,87,45.02661794336866,0.0,37.42919802573612,0.0,36.21858297122054,42.94199926319353,0.0,0.0,0.0,0.0,0.0,0.0
88,88,45.35308767253433,0.0,37.840475205534666,0.0,36.18013256077542,42.80900123074403,0.0,0.0,0.0,0.0,0.0,0.0
89,89,45.67665165230357,0.0,38.24856020821436,0.0,36.14980749849126,42.680246744406624,47.508999676608305,0.0,0.0,0.0,0.0,0.0
90,90,45.99730256693208,0.0,38.653384312240036,0.0,36.12765164479536,42.555863678195394,47.34183344174057,0.0,0.0,0.0,0.0,0.0
91,91,46.31502643975647,0.0,39.05489149269162,0.0,36.11369909370809,42.43596839955912,47.17653779489031,0.0,0.0,0.0,0.0,0.0
92,92,46.62982013763498,0.0,39.45301909311019,0.0,36.10797403668091,42.320686359628304,47.01320500186504,0.0,0.0,0.0,0.0,0.0
93,93,46.94168223265594,0.0,39.84772264373771,0.0,36.110483454899494,42.210125577664286,46.85193692780477,0.0,0.0,0.0,0.0,0.0
94,94,47.25060473677046,0.0,40.23896845075671,0.0,36.12121708109734,42.10440802422237,46.69283690771407,0.0,0.0,0.0,0.0,0.0
95,95,0.0,0.0,40.62670969756218,0.0,36.14016904543717,42.00363756981738,46.536009667555554,0.0,0.0,0.0,0.0,0.0
96,96,0.0,0.0,41.0109161023172,0.0,36.16730909930685,41.90792632074087,46.381556958333924,0.0,0.0,0.0,0.0,0.0
97,97,0.0,0.0,41.39156698436188,0.0,36.20258998151378,41.81736751910231,46.22958160402213,0.0,0.0,0.0,0.0,0.0
98,98,0.0,0.0,41.7686396228467,0.0,36.24596197947722,41.73206761774121,46.08019610326917,0.0,0.0,0.0,0.0,0.0
99,99,0.0,0.0,42.14211490043184,0.0,36.2973516300694,41.65211905050266,45.933496567203946,0.0,0.0,0.0,0.0,0.0
100,100,0.0,0.0,42.51198232237661,0.0,36.35669777678113,41.5776052615253,45.78959284636626,0.0,0.0,0.0,0.0,0.0
101,101,0.0,0.0,42.87822905031809,0.0,36.42390183562692,41.5086169148505,45.648595569291125,0.0,0.0,0.0,0.0,0.0
102,102,0.0,0.0,43.24085533834666,0.0,36.498863955316665,41.44522423392403,45.51060256735967,0.0,0.0,0.0,0.0,0.0
103,103,0.0,0.0,43.59985362203688,0.0,36.581476228604885,41.38750424851617,45.375729857408196,0.0,0.0,0.0,0.0,0.0
104,104,0.0,0.0,43.95522387611568,0.0,36.67161607551375,41.33551853646723,45.24407123432492,0.0,0.0,0.0,0.0,0.0
105,105,0.0,0.0,44.30697778446661,0.0,36.76916078755593,41.28933518107274,45.115738531353045,0.0,0.0,0.0,0.0,0.0
106,106,0.0,0.0,44.65511431129858,0.0,36.8739600294098,41.24900081999151,44.99083905940113,47.466613579135306,0.0,0.0,0.0,0.0
107,107,0.0,0.0,44.99964389091042,0.0,36.985885195795895,41.21456828274559,44.86946602618849,47.13447723322265,0.0,0.0,0.0,0.0
108,108,0.0,0.0,45.34058294817577,0.0,37.1047673396668,41.18606855697721,44.75173059286392,46.798193187971385,0.0,0.0,0.0,0.0
109,109,0.0,0.0,45.677935635343815,0.0,37.230453252978236,41.16354419511925,44.63772944230874,46.457706169003224,0.0,0.0,0.0,0.0
110,110,0.0,0.0,46.01172548278412,0.0,37.36277145471235,41.1470212585365,44.527563068577884,46.11296432105952,0.0,0.0,0.0,0.0
111,111,0.0,0.0,46.341968024528725,0.0,37.501546598947776,41.13652040769389,44.421321511367196,45.76391515465114,0.0,0.0,0.0,0.0
112,112,0.0,0.0,46.66867571052741,0.0,37.64660667160601,41.13204561253568,44.31911255189031,45.41050552881871,0.0,0.0,0.0,0.0
113,113,0.0,0.0,46.99187890464864,0.0,37.797756712460966,41.13361218653781,44.22101409485902,45.0526908142394,0.0,0.0,0.0,0.0
114,114,0.0,0.0,47.31159180649872,0.0,37.95481955299157,41.14120747188884,44.127126267200495,44.69041235455073,0.0,0.0,0.0,0.0
115,115,0.0,0.0,47.627841832836566,0.0,38.11759635806178,41.154835756368875,44.03753795228374,44.323619983480725,0.0,0.0,0.0,0.0
116,116,0.0,0.0,0.0,0.0,38.285900259434754,41.17447339044597,43.9523263829919,43.952263177795984,0.0,0.0,0.0,0.0
117,117,0.0,0.0,0.0,0.0,38.4595305940866,41.200091317006965,43.871571411269656,43.576296011290154,0.0,0.0,0.0,0.0
118,118,0.0,0.0,0.0,0.0,38.63829298114718,41.23167191617716,43.79536035391499,43.19566247409211,0.0,0.0,0.0,0.0
119,119,0.0,0.0,0.0,0.0,38.82198684917242,41.269169909739034,43.723758494488095,42.81031611016537,0.0,0.0,0.0,0.0
120,120,0.0,0.0,0.0,0.0,39.0104061209947,41.31254048911201,43.65684311773624,42.42021049808139,0.0,0.0,0.0,0.0
121,121,0.0,0.0,0.0,0.0,39.20336463078411,41.36173938780946,43.59467389761922,42.025299269910136,0.0,0.0,0.0,0.0
122,122,0.0,0.0,0.0,0.0,39.4006527004914,41.41670633696901,43.53731734789062,41.62553612963901,0.0,0.0,0.0,0.0
123,123,0.0,0.0,0.0,0.0,39.60207505799944,41.47737640461181,43.48483188852031,41.22086928087353,47.402922691458855,0.0,0.0,0.0
124,124,0.0,0.0,0.0,0.0,39.80743252738543,41.54368017103584,43.43727263228004,40.81126368728219,47.07357700903966,0.0,0.0,0.0
125,125,0.0,0.0,0.0,0.0,40.01652855594411,41.61554391338279,43.394681249419214,40.396673721397725,46.74025967194102,0.0,0.0,0.0
126,126,0.0,0.0,0.0,0.0,40.229181222451544,41.692884340232126,43.357100790153744,39.97705986488275,46.40292768653081,0.0,0.0,0.0
127,127,0.0,0.0,0.0,0.0,40.44518214508313,41.77561977631918,43.324580659785305,39.55238328290538,46.061533486971115,0.0,0.0,0.0
128,128,0.0,0.0,0.0,0.0,40.664355764633484,41.86365943903821,43.297146421309314,39.122605876533875,45.71603784221015,0.0,0.0,0.0
129,129,0.0,0.0,0.0,0.0,40.88650677213079,41.956903776914956,43.27482977664744,38.68769033627928,45.366401634113195,0.0,0.0,0.0
130,130,0.0,0.0,0.0,0.0,41.11146089506017,42.05525554880845,43.25765344216311,38.247613170138855,45.01257668377146,0.0,0.0,0.0
131,131,0.0,0.0,0.0,0.0,41.3390362926677,42.15860926454465,43.24563610690788,37.80233305014322,44.654528350409485,0.0,0.0,0.0
132,132,0.0,0.0,0.0,0.0,41.56905530225988,42.26685156184269,43.238787342505404,37.35183618816219,44.292217745383624,0.0,0.0,0.0
133,133,0.0,0.0,0.0,0.0,41.801344539687925,42.37988268398455,43.23711260922917,36.89608395320079,43.92560132774389,0.0,0.0,0.0
134,134,0.0,0.0,0.0,0.0,42.03574034475544,42.49757434374175,43.24062333024535,36.43505956151183,43.55465031619424,0.0,0.0,0.0
135,135,0.0,0.0,0.0,0.0,42.27207262465385,42.61981240803237,43.24930661728899,35.968756048132384,43.179316729989736,0.0,0.0,0.0
136,136,0.0,0.0,0.0,0.0,42.51018648575578,42.74648631257055,43.26315554946426,35.497140142580164,42.79957791769893,0.0,0.0,0.0
137,137,0.0,0.0,0.0,0.0,42.74993128181034,42.87745828692709,43.28215910155347,35.02021746492656,42.4153970027568,0.0,0.0,0.0
138,138,0.0,0.0,0.0,0.0,42.991145307759965,43.0126103836466,43.30629211708388,34.53796699689031,42.026742893469475,0.0,0.0,0.0
139,139,0.0,0.0,0.0,0.0,43.23368198269181,43.15181867129393,43.33553047738864,34.05040149102024,41.633585387868315,0.0,0.0,0.0
140,140,0.0,0.0,0.0,0.0,43.477409207517226,43.29495363084095,43.369846118682126,33.5575142510323,41.235900830528145,0.0,0.0,0.0
141,141,0.0,0.0,0.0,0.0,43.72217920049066,43.441880556734034,43.40920209937852,33.05931838190683,40.833661358866834,0.0,0.0,0.0
142,142,0.0,0.0,0.0,0.0,43.96786372458674,43.59247481996639,43.45355772194096,32.55583191634254,40.42684024385719,0.0,0.0,0.0
143,143,0.0,0.0,0.0,0.0,44.21433393132933,43.74660694179694,43.502868629701176,32.04706055843842,40.015429791747465,0.0,0.0,0.0
144,144,0.0,0.0,0.0,0.0,44.46146062555919,43.90414297811171,43.557081948898144,31.533041027896793,39.59940085517445,0.0,0.0,0.0
145,145,0.0,0.0,0.0,0.0,44.70912853947388,44.06495457067423,43.61614142240295,31.01380776288054,39.17875000883815,0.0,0.0,0.0
146,146,0.0,0.0,0.0,0.0,44.95721720924011,44.22890933414439,43.67999246994746,30.48939225947568,38.75345798449574,0.0,0.0,0.0
147,147,0.0,0.0,0.0,0.0,45.20561517545997,44.39587597591723,43.7485674954565,29.959851677095813,38.32352662250194,0.0,0.0,0.0
148,148,0.0,0.0,0.0,0.0,45.454219611973635,44.56572445193384,43.82180088536061,29.42524183687508,37.88894808578556,0.0,0.0,0.0
149,149,0.0,0.0,0.0,0.0,45.70292264796436,44.738330779018725,43.899619314762845,28.885626917291454,37.44972390785929,0.0,0.0,0.0
150,150,0.0,0.0,0.0,0.0,45.95162939074265,44.91356308226908,43.981946852635765,28.341080178238435,37.00586592439825,0.0,0.0,0.0
151,151,0.0,0.0,0.0,0.0,46.20023997874421,45.091295890182245,44.06870512219251,27.79168476882878,36.55737612971046,0.0,0.0,0.0
152,152,0.0,0.0,0.0,0.0,46.44867139484198,45.271405497020766,44.15981346290738,27.23754587792073,36.1042742408418,0.0,0.0,0.0
153,153,0.0,0.0,0.0,0.0,46.696827071809786,45.45376557102397,44.255179521173304,26.678770255235257,35.646584820408535,0.0,0.0,0.0
154,154,0.0,0.0,0.0,0.0,46.94463115181129,45.63825636995225,44.354723468183444,26.115489626677267,35.184330083574444,0.0,0.0,0.0
155,155,0.0,0.0,0.0,0.0,47.19200269792217,45.82475579224446,44.45835411789093,25.547826956518946,34.71755257293497,0.0,0.0,0.0
156,156,0.0,0.0,0.0,0.0,47.43886424707883,46.013148400276854,44.56596934484706,24.975944981964673,34.246285709516116,0.0,0.0,0.0
157,157,0.0,0.0,0.0,0.0,0.0,46.20331662700148,44.67747993730303,24.40001252901638,33.77058479536202,0.0,0.0,0.0
158,158,0.0,0.0,0.0,0.0,0.0,46.39514960708881,44.79278608836869,23.820218054675564,33.29049622797805,0.0,0.0,0.0
159,159,0.0,0.0,0.0,0.0,0.0,46.588530308597534,44.911791715830354,23.23677190717406,32.80609852976365,0.0,0.0,0.0
160,160,0.0,0.0,0.0,0.0,0.0,46.783348581327076,45.034390694934594,22.649908936810817,32.31746248985945,0.0,0.0,0.0
161,161,0.0,0.0,0.0,0.0,0.0,46.9795051171368,45.16048557862995,22.059891523311805,31.82466760859038,0.0,0.0,0.0
162,162,0.0,0.0,0.0,0.0,0.0,47.176886430059874,45.2899693158032,21.4669976911499,31.32781192713245,0.0,0.0,0.0
163,163,0.0,0.0,0.0,0.0,0.0,47.37539821475808,45.42273922223587,20.871554401109435,30.82700457579228,0.0,0.0,0.0
164,164,0.0,0.0,0.0,0.0,0.0,47.57493638702677,45.55869250311591,20.27391188556065,30.322366692742627,0.0,0.0,0.0
165,165,0.0,0.0,0.0,0.0,0.0,0.0,45.69771751900112,19.67446338252276,29.814022576541873,0.0,0.0,0.0
166,166,0.0,0.0,0.0,0.0,0.0,0.0,45.839707468529156,19.073633640183786,29.302129858364417,0.0,0.0,0.0
167,167,0.0,0.0,0.0,0.0,0.0,0.0,45.98456473118989,18.471919906957865,28.78684177692316,0.0,0.0,0.0
168,168,0.0,0.0,0.0,0.0,0.0,0.0,46.13217896868905,17.869884818516383,28.268348507147067,0.0,0.0,0.0
169,169,0.0,0.0,0.0,0.0,0.0,0.0,46.28244496603035,17.268126934838477,27.74682668818715,0.0,0.0,0.0
170,170,0.0,0.0,0.0,0.0,0.0,0.0,46.43525404036169,16.66734750666201,27.222515474219946,0.0,0.0,0.0
171,171,0.0,0.0,0.0,0.0,0.0,0.0,46.59050279000906,16.06830369922838,26.69564344314906,0.0,0.0,0.0
172,172,0.0,0.0,0.0,0.0,0.0,0.0,46.7480888240129,15.471929794647735,26.16647359850188,0.0,0.0,0.0
173,173,0.0,0.0,0.0,0.0,0.0,0.0,46.90791085619804,14.879182409131616,25.635282777646083,0.0,0.0,0.0
174,174,0.0,0.0,0.0,0.0,0.0,0.0,47.06985641693095,14.291261785895145,25.102400215063867,0.0,0.0,0.0
175,175,0.0,0.0,0.0,0.0,0.0,0.0,47.23383518972928,13.709454193292032,24.5681621334828,0.0,0.0,0.0
176,176,0.0,0.0,0.0,0.0,0.0,0.0,47.39973765507563,13.135305122218455,24.032937944037997,0.0,0.0,0.0
177,177,0.0,0.0,0.0,0.0,0.0,0.0,47.567472213321494,12.570584880104946,23.497133675068156,0.0,0.0,0.0
178,178,0.0,0.0,0.0,0.0,0.0,0.0,0.0,12.017267651114466,22.961224108292356,0.0,0.0,0.0
179,179,0.0,0.0,0.0,0.0,0.0,0.0,0.0,11.47778046024014,22.425659319041756,0.0,0.0,0.0
180,180,0.0,0.0,0.0,0.0,0.0,0.0,0.0,10.954825522586958,21.89102392948398,0.0,0.0,0.0
181,181,0.0,0.0,0.0,0.0,0.0,0.0,0.0,10.451546847603538,21.357869949090585,0.0,0.0,0.0
182,182,0.0,0.0,0.0,0.0,0.0,0.0,0.0,9.971586869098985,20.826868555891267,0.0,0.0,0.0
183,183,0.0,0.0,0.0,0.0,0.0,0.0,0.0,9.519133524874718,20.298694244414236,0.0,0.0,0.0
184,184,0.0,0.0,0.0,0.0,0.0,0.0,0.0,9.098864138457031,19.774157982810095,0.0,0.0,0.0
185,185,0.0,0.0,0.0,0.0,0.0,0.0,0.0,8.715992697051064,19.254084850771335,0.0,0.0,0.0
186,186,0.0,0.0,0.0,0.0,0.0,0.0,0.0,8.376184984051804,18.739402243373647,0.0,0.0,0.0
187,187,0.0,0.0,0.0,0.0,0.0,0.0,0.0,8.0852900679959,18.23113272944974,0.0,0.0,0.0
188,188,0.0,0.0,0.0,0.0,0.0,0.0,0.0,7.8491753243655324,17.730403460709837,0.0,0.0,0.0
189,189,0.0,0.0,0.0,0.0,0.0,0.0,0.0,7.673141132963394,17.238395852502663,0.0,0.0,0.0
190,190,0.0,0.0,0.0,0.0,0.0,0.0,0.0,7.561673665332464,16.75649048607596,0.0,0.0,0.0
191,191,0.0,0.0,0.0,0.0,0.0,0.0,0.0,7.517784118366436,16.286118768714246,0.0,0.0,0.0
192,192,0.0,0.0,0.0,0.0,0.0,0.0,0.0,7.5427358747567155,15.828824258668433,0.0,0.0,0.0
193,193,0.0,0.0,0.0,0.0,0.0,0.0,0.0,7.635738263643034,15.386380018170385,0.0,0.0,0.0
194,194,0.0,0.0,0.0,0.0,0.0,0.0,0.0,7.794283826184312,14.960572181059902,0.0,0.0,0.0
195,195,0.0,0.0,0.0,0.0,0.0,0.0,0.0,8.014316834543692,14.553421831162012,0.0,0.0,0.0
196,196,0.0,0.0,0.0,0.0,0.0,0.0,0.0,8.290688761225582,14.16702042116711,0.0,0.0,0.0
197,197,0.0,0.0,0.0,0.0,0.0,0.0,0.0,8.617562293087786,13.803585255699389,0.0,0.0,0.0
198,198,0.0,0.0,0.0,0.0,0.0,0.0,0.0,8.98914811187231,13.465414012290665,0.0,0.0,0.0
199,199,0.0,0.0,0.0,0.0,0.0,0.0,0.0,9.399601349108849,13.154879499211546,0.0,0.0,0.0
200,200,0.0,0.0,0.0,0.0,0.0,0.0,0.0,9.843689793840454,12.874389793748819,0.0,0.0,0.0
201,201,0.0,0.0,0.0,0.0,0.0,0.0,0.0,10.316504558120059,12.626279926631867,0.0,0.0,0.0
202,202,0.0,0.0,0.0,0.0,0.0,0.0,0.0,10.813739893704422,12.412801502240868,0.0,0.0,0.0
203,203,0.0,0.0,0.0,0.0,0.0,0.0,0.0,11.331638332608549,12.236051984691073,0.0,0.0,0.0
204,204,0.0,0.0,0.0,0.0,0.0,0.0,0.0,11.866888510417496,12.097839336791864,0.0,0.0,0.0
205,205,0.0,0.0,0.0,0.0,0.0,0.0,0.0,12.416643255575764,11.999693341024454,0.0,0.0,0.0
206,206,0.0,0.0,0.0,0.0,0.0,0.0,0.0,12.978488040971442,11.942738790164839,0.0,0.0,0.0
207,207,0.0,0.0,0.0,0.0,0.0,0.0,0.0,13.55024662601042,11.92757998836207,0.0,0.0,0.0
208,208,0.0,0.0,0.0,0.0,0.0,0.0,0.0,14.1301295451278,11.954417763615552,0.0,0.0,0.0
209,209,0.0,0.0,0.0,0.0,0.0,0.0,0.0,14.716549963134511,12.022980086429058,0.0,0.0,0.0
210,210,0.0,0.0,0.0,0.0,0.0,0.0,0.0,15.308118064353124,12.132418155297401,0.0,0.0,0.0
211,211,0.0,0.0,0.0,0.0,0.0,0.0,0.0,15.903655519089057,12.281555984232654,0.0,0.0,0.0
212,212,0.0,0.0,0.0,0.0,0.0,0.0,0.0,16.50209826144038,12.468741221297279,0.0,0.0,0.0
213,213,0.0,0.0,0.0,0.0,0.0,0.0,0.0,17.102521312079233,12.692093696655746,0.0,0.0,0.0
214,214,0.0,0.0,0.0,0.0,0.0,0.0,0.0,17.704137059939313,12.949465298068802,47.570395605728955,0.0,0.0
215,215,0.0,0.0,0.0,0.0,0.0,0.0,0.0,18.30621785287012,13.238574163854551,47.28736455801147,0.0,0.0
216,216,0.0,0.0,0.0,0.0,0.0,0.0,0.0,18.90812473495133,13.557020731824139,47.002398029527406,0.0,0.0
217,217,0.0,0.0,0.0,0.0,0.0,0.0,0.0,19.509294745421315,13.902481536134232,46.715524877399105,0.0,0.0
218,218,0.0,0.0,0.0,0.0,0.0,0.0,0.0,20.10923029934608,14.27254799960852,46.42678913246178,0.0,0.0
219,219,0.0,0.0,0.0,0.0,0.0,0.0,0.0,20.707490289044188,14.664949683396173,46.13622942088719,0.0,0.0
220,220,0.0,0.0,0.0,0.0,0.0,0.0,0.0,21.3036359409205,15.077479615540824,45.84389604763483,0.0,0.0
221,221,0.0,0.0,0.0,0.0,0.0,0.0,0.0,21.89732257892443,15.508108559906987,45.54983839258761,0.0,0.0
222,222,0.0,0.0,0.0,0.0,0.0,0.0,0.0,22.48822787013789,15.954855191833445,45.254109257137884,0.0,0.0
223,223,0.0,0.0,0.0,0.0,0.0,0.0,0.0,23.07604972727559,16.41593015506062,44.95676501107168,0.0,0.0
224,224,0.0,0.0,0.0,0.0,0.0,0.0,0.0,23.66053173904018,16.88966547558455,44.65787043110846,0.0,0.0
225,225,0.0,0.0,0.0,0.0,0.0,0.0,0.0,24.24141781480195,17.37451277628243,44.357494465816956,0.0,0.0
226,226,0.0,0.0,0.0,0.0,0.0,0.0,0.0,24.818504413724327,17.869039110336885,44.05570557342485,0.0,0.0
227,227,0.0,0.0,0.0,0.0,0.0,0.0,0.0,25.391584191169628,18.37197705346165,43.75257643075843,47.38084309951733,0.0
228,228,0.0,0.0,0.0,0.0,0.0,0.0,0.0,25.9604956122122,18.882101088792183,43.448199074230004,47.07805970514262,0.0
229,229,0.0,0.0,0.0,0.0,0.0,0.0,0.0,26.52507053106868,19.398369286758836,43.1426558454114,46.77253746603972,0.0
230,230,0.0,0.0,0.0,0.0,0.0,0.0,0.0,27.085169941474497,19.91975036650048,42.836039002747164,46.46428231639015,0.0
231,231,0.0,0.0,0.0,0.0,0.0,0.0,0.0,27.64066964622608,20.445342819524058,42.52844085155009,46.15331066155472,0.0
232,232,0.0,0.0,0.0,0.0,0.0,0.0,0.0,28.191448188029703,20.974344878039147,42.219980100264465,45.83962818048011,0.0
233,233,0.0,0.0,0.0,0.0,0.0,0.0,0.0,28.73741835541165,21.505997942076903,41.91075515303999,45.523255724134344,0.0
234,234,0.0,0.0,0.0,0.0,0.0,0.0,0.0,29.27847252712114,22.039584085746085,41.60088608846719,45.20420777321016,0.0
235,235,0.0,0.0,0.0,0.0,0.0,0.0,0.0,29.814545061587637,22.574510414310538,41.29049943521527,44.88251034201842,0.0
236,236,0.0,0.0,0.0,0.0,0.0,0.0,0.0,30.34555934511286,23.11018165182378,40.97972273963363,44.55819246917221,0.0
237,237,0.0,0.0,0.0,0.0,0.0,0.0,0.0,30.871457694147857,23.646084855749052,40.66869584224674,44.23127679589831,0.0
238,238,0.0,0.0,0.0,0.0,0.0,0.0,0.0,31.392199384190306,24.18172720383444,40.357565707759164,43.901793535088196,0.0
239,239,0.0,0.0,0.0,0.0,0.0,0.0,0.0,31.907732261620495,24.716673836821755,40.04647479236688,43.56979095346532,0.0
240,240,0.0,0.0,0.0,0.0,0.0,0.0,0.0,32.41802047253664,25.2505417245399,39.735590455813046,43.235301515575166,0.0
241,241,0.0,0.0,0.0,0.0,0.0,0.0,0.0,32.92304281029917,25.78294565628663,39.425082104254145,42.89837628705788,0.0
242,242,0.0,0.0,0.0,0.0,0.0,0.0,0.0,33.42277476442398,26.31355909047111,39.115120944482086,42.55906555725934,0.0
243,243,0.0,0.0,0.0,0.0,0.0,0.0,0.0,33.91718917672565,26.84208473623226,38.80589864232022,42.21741861251176,0.0
244,244,0.0,0.0,0.0,0.0,0.0,0.0,0.0,34.40629603613404,27.368229563365446,38.49759645890335,41.87350512408683,0.0
245,245,0.0,0.0,0.0,0.0,0.0,0.0,0.0,34.890077090850376,27.891748897521694,38.190416504631884,41.527389277079294,0.0
246,246,0.0,0.0,0.0,0.0,0.0,0.0,0.0,35.368541651572976,28.412398862419025,37.88457629290536,41.179140280912634,0.0
247,247,0.0,0.0,0.0,0.0,0.0,0.0,0.0,35.841687100564776,28.92997848272823,37.58028259107733,40.82884402822737,0.0
248,248,0.0,0.0,0.0,0.0,0.0,0.0,0.0,36.3095289564113,29.44429498957161,37.27777089947775,40.47657536315466,0.0
249,249,0.0,0.0,0.0,0.0,0.0,0.0,0.0,36.77207805920729,29.95517336757593,36.97727946301334,40.12243228794145,0.0
250,250,0.0,0.0,0.0,0.0,0.0,0.0,0.0,37.22934803236903,30.46245489229871,36.67903485057419,39.76651978479451,0.0
251,251,0.0,0.0,0.0,0.0,0.0,0.0,0.0,37.68136176995847,30.96600511398394,36.383307397605186,39.40893179684561,0.0
252,252,0.0,0.0,0.0,0.0,0.0,0.0,0.0,38.1281440074542,31.465675218238154,36.09035608931263,39.04979356117575,0.0
253,253,0.0,0.0,0.0,0.0,0.0,0.0,0.0,38.56972120536041,31.961366317989786,35.80044166461153,38.689226100203484,0.0
254,254,0.0,0.0,0.0,0.0,0.0,0.0,0.0,39.00612143837773,32.45297220359354,35.51384834149104,38.32735840440152,0.0
255,255,0.0,0.0,0.0,0.0,0.0,0.0,0.0,39.437374289781545,32.94038909692514,35.23085466388214,37.96433439201914,0.0
256,256,0.0,0.0,0.0,0.0,0.0,0.0,0.0,39.863522720253854,33.423548767344904,34.95177051173097,37.600300506242405,0.0
257,257,0.0,0.0,0.0,0.0,0.0,0.0,0.0,40.284592423063664,33.90237462308188,34.67688431740655,37.235419177216855,0.0
258,258,0.0,0.0,0.0,0.0,0.0,0.0,0.0,40.700628057021426,34.376806588020806,34.40650780918937,36.86985597614326,0.0
259,259,0.0,0.0,0.0,0.0,0.0,0.0,0.0,41.11166887166474,34.84678422384345,34.14095291897418,36.50379358241374,0.0
260,260,0.0,0.0,0.0,0.0,0.0,0.0,0.0,41.51775476894706,35.31226208503506,33.880547006524665,36.13742567448494,0.0
261,261,0.0,0.0,0.0,0.0,0.0,0.0,0.0,41.91892625257839,35.77320834298639,33.62560848839745,35.77095740993789,0.0
262,262,0.0,0.0,0.0,0.0,0.0,0.0,0.0,42.31523495515726,36.22958202775285,33.37647832977071,35.404598448334134,0.0
263,263,0.0,0.0,0.0,0.0,0.0,0.0,0.0,42.70672180963546,36.68135528869223,33.133487063628806,35.03858557396049,0.0
264,264,0.0,0.0,0.0,0.0,0.0,0.0,0.0,43.093438406240736,37.128519060101425,32.896970034864694,34.673145854020724,0.0
265,265,0.0,0.0,0.0,0.0,0.0,0.0,0.0,43.475421041337974,37.57104768930684,32.667275217281514,34.308542343028805,0.0
266,266,0.0,0.0,0.0,0.0,0.0,0.0,0.0,43.852731264102935,38.00893368751412,32.4447283004509,33.94503656099268,0.0
267,267,0.0,0.0,0.0,0.0,0.0,0.0,0.0,44.225410325555345,38.4421795631018,32.22968279186938,33.5829038996042,0.0
268,268,0.0,0.0,0.0,0.0,0.0,0.0,0.0,44.59351397382897,38.87077804022183,32.02247629974571,33.222459035218854,0.0
269,269,0.0,0.0,0.0,0.0,0.0,0.0,0.0,44.957088010855394,39.29473166413003,31.823437473068914,32.863990890863846,0.0
270,270,0.0,0.0,0.0,0.0,0.0,0.0,0.0,45.31618729337148,39.71405191545792,31.632911447049857,32.50783689418787,0.0
271,271,0.0,0.0,0.0,0.0,0.0,0.0,0.0,45.67086154057675,40.12875249072456,31.45121408405098,32.15433377869574,0.0
272,272,0.0,0.0,0.0,0.0,0.0,0.0,0.0,46.02116012809788,40.53884337059209,31.278675289081974,31.803825358703776,0.0
273,273,0.0,0.0,0.0,0.0,0.0,0.0,0.0,46.36713637064117,40.94434827227005,31.11559231922493,31.456698378516336,0.0
274,274,0.0,0.0,0.0,0.0,0.0,0.0,0.0,46.70884713345768,41.345275575676,30.962273855752123,31.113320460192824,0.0
275,275,0.0,0.0,0.0,0.0,0.0,0.0,0.0,47.04633595110537,41.74166344683248,30.819020613632603,30.77410290886514,0.0
276,276,0.0,0.0,0.0,0.0,0.0,0.0,0.0,47.37966256369581,42.133523604534396,30.68608617656424,30.43946497115531,0.0
277,277,0.0,0.0,0.0,0.0,0.0,0.0,0.0,0.0,42.52089100765389,30.563750340199697,30.109823341449186,0.0
278,278,0.0,0.0,0.0,0.0,0.0,0.0,0.0,0.0,42.90379600614043,30.452252093820967,29.7856299477042,0.0
279,279,0.0,0.0,0.0,0.0,0.0,0.0,0.0,0.0,43.282264792771606,30.351816250040542,29.467343220143455,0.0
280,280,0.0,0.0,0.0,0.0,0.0,0.0,0.0,0.0,43.6563395637064,30.262652193586568,29.155437111144984,0.0
281,281,0.0,0.0,0.0,0.0,0.0,0.0,0.0,0.0,44.026043123048616,30.184943005425765,28.850379859873428,0.0
282,282,0.0,0.0,0.0,0.0,0.0,0.0,0.0,0.0,44.391418711417,30.118853875665778,28.55269476134096,0.0
283,283,0.0,0.0,0.0,0.0,0.0,0.0,0.0,0.0,44.75250480814258,30.06453110684113,28.262855760469762,0.0
284,284,0.0,0.0,0.0,0.0,0.0,0.0,0.0,0.0,45.10933555431499,30.022081703553148,27.981400699464565,0.0
285,285,0.0,0.0,0.0,0.0,0.0,0.0,0.0,0.0,45.46195462238195,29.99161151481841,27.708824136664816,0.0
286,286,0.0,0.0,0.0,0.0,0.0,0.0,0.0,0.0,45.8104011106142,29.97317587693764,27.445672124458873,0.0
287,287,0.0,0.0,0.0,0.0,0.0,0.0,0.0,0.0,46.15471426638752,29.966818160482944,27.192464543607457,0.0
288,288,0.0,0.0,0.0,0.0,0.0,0.0,0.0,0.0,46.49494196650366,29.97255975663733,26.949725129099583,0.0
289,289,0.0,0.0,0.0,0.0,0.0,0.0,0.0,0.0,46.83111904015583,29.990370628279152,26.71799081124496,0.0
290,290,0.0,0.0,0.0,0.0,0.0,0.0,0.0,0.0,47.16329301636683,30.02022807818164,26.497751494602205,0.0
291,291,0.0,0.0,0.0,0.0,0.0,0.0,0.0,0.0,47.4915068686738,30.062068092043546,26.28955110357392,0.0
292,292,0.0,0.0,0.0,0.0,0.0,0.0,0.0,0.0,0.0,30.115785896503404,26.09386853049874,47.58687118907251
293,293,0.0,0.0,0.0,0.0,0.0,0.0,0.0,0.0,0.0,30.181275534360168,25.911195908305146,47.30984081340106
294,294,0.0,0.0,0.0,0.0,0.0,0.0,0.0,0.0,0.0,30.25839171067865,25.742000155614363,47.031080055005546
295,295,0.0,0.0,0.0,0.0,0.0,0.0,0.0,0.0,0.0,30.346970199432924,25.586706900021255,46.75062787117639
296,296,0.0,0.0,0.0,0.0,0.0,0.0,0.0,0.0,0.0,30.446838384595715,25.445745668361226,46.468534487962586
297,297,0.0,0.0,0.0,0.0,0.0,0.0,0.0,0.0,0.0,30.55777808623357,25.319510241064123,46.18484053847435
298,298,0.0,0.0,0.0,0.0,0.0,0.0,0.0,0.0,0.0,30.67956528028116,25.208342463427797,45.899602560760286
299,299,0.0,0.0,0.0,0.0,0.0,0.0,0.0,0.0,0.0,30.811961706963515,25.11256621091853,45.6128718250918
