,time,60,105,1232,1277,38,1210,83,1255,128,61,1233,106,1278
0,0,33.38906041633068,34.19082227343029,8.178707125269142,0.0,0.0,0.0,0.0,0.0,0.0,0.0,0.0,0.0,0.0
1,1,33.70589302680463,33.7899116141845,7.834563871710941,0.0,0.0,0.0,0.0,0.0,0.0,0.0,0.0,0.0,0.0
2,2,34.026071835254584,33.38873874253295,7.5427846207578995,0.0,0.0,0.0,0.0,0.0,0.0,0.0,0.0,0.0,0.0
3,3,34.34928781909352,32.98756873287536,7.310086097862964,0.0,0.0,0.0,0.0,0.0,0.0,0.0,0.0,0.0,0.0
4,4,34.6752202833174,32.586658096417736,7.142540050342333,0.0,0.0,0.0,0.0,0.0,0.0,0.0,0.0,0.0,0.0
5,5,35.00356910426831,32.18629682206875,7.045037622579017,0.0,0.0,0.0,0.0,0.0,0.0,0.0,0.0,0.0,0.0
6,6,35.334053949934976,31.786784109929457,7.02062865309199,0.0,0.0,0.0,0.0,0.0,0.0,0.0,0.0,0.0,0.0
7,7,35.66639873856889,31.38844654557547,7.070037481325244,0.0,0.0,0.0,0.0,0.0,0.0,0.0,0.0,0.0,0.0
8,8,36.00033203168846,30.9916119616079,7.1917554954968494,0.0,0.0,0.0,0.0,0.0,0.0,0.0,0.0,0.0,0.0
9,9,36.335608771867214,30.59664635296196,7.382013558627861,0.0,0.0,0.0,0.0,0.0,0.0,0.0,0.0,0.0,0.0
10,10,36.671980766978905,30.203917889183018,7.635449447591782,0.0,0.0,0.0,0.0,0.0,0.0,0.0,0.0,0.0,0.0
11,11,37.00921826712707,29.813835267227724,7.945784410219147,0.0,0.0,0.0,0.0,0.0,0.0,0.0,0.0,0.0,0.0
12,12,37.347102290221834,29.42681019542492,8.306192995594387,0.0,0.0,0.0,0.0,0.0,0.0,0.0,0.0,0.0,0.0
13,13,37.68542430777714,29.043286935318072,8.710071557586218,0.0,0.0,0.0,0.0,0.0,0.0,0.0,0.0,0.0,0.0
14,14,38.02398592359465,28.66373350200069,9.151213397257308,0.0,0.0,0.0,0.0,0.0,0.0,0.0,0.0,0.0,0.0
15,15,38.36259209822246,28.288620957285083,9.623988366002976,0.0,0.0,0.0,0.0,0.0,0.0,0.0,0.0,0.0,0.0
16,16,38.70107038562319,27.918454435423442,10.123375954880572,0.0,0.0,0.0,0.0,0.0,0.0,0.0,0.0,0.0,0.0
17,17,39.039238347575726,27.553774507826326,10.645106890435471,0.0,0.0,0.0,0.0,0.0,0.0,0.0,0.0,0.0,0.0
18,18,39.37694159940017,27.195124612145875,11.185461328920951,0.0,0.0,0.0,0.0,0.0,0.0,0.0,0.0,0.0,0.0
19,19,39.71402779664738,26.843083437880047,11.741245279249526,47.797909094385226,0.0,0.0,0.0,0.0,0.0,0.0,0.0,0.0,0.0
20,20,40.05035276556906,26.49821901518947,12.309780041370914,47.578247923986005,0.0,0.0,0.0,0.0,0.0,0.0,0.0,0.0,0.0
21,21,40.38578018906248,26.16116841012468,12.888710666698884,47.35885899888193,0.0,0.0,0.0,0.0,0.0,0.0,0.0,0.0,0.0
22,22,40.72018129868518,25.83255642787941,13.476066572402445,47.13983710617437,0.0,0.0,0.0,0.0,0.0,0.0,0.0,0.0,0.0
23,23,41.05344021090201,25.513016055598698,14.070196634083075,46.92126374627411,0.0,0.0,0.0,0.0,0.0,0.0,0.0,0.0,0.0
24,24,41.38543098937108,25.203223577102634,14.669594277366102,46.703244062158,0.0,0.0,0.0,0.0,0.0,0.0,0.0,0.0,0.0
25,25,41.71606236998323,24.903835221707467,15.273039624199399,46.48586553105994,47.70822394634286,0.0,0.0,0.0,0.0,0.0,0.0,0.0,0.0
26,26,42.045226937526294,24.615559431342703,15.879416559028684,46.26923121065664,47.54053355634231,0.0,0.0,0.0,0.0,0.0,0.0,0.0,0.0
27,27,42.372829042845076,24.33906537418892,16.487783172474394,46.05344308009944,47.37461908394789,0.0,0.0,0.0,0.0,0.0,0.0,0.0,0.0
28,28,42.69878927474558,24.075069056618986,17.09728213094745,45.838610621000335,47.21058290019724,47.6987640473791,0.0,0.0,0.0,0.0,0.0,0.0,0.0
29,29,43.0230229512233,23.8242381590222,17.707206727265245,45.62483771397073,47.04852496410544,47.41448714087181,0.0,0.0,0.0,0.0,0.0,0.0,0.0
30,30,43.34545579385386,23.58726631740818,18.316920077014714,45.41224016549766,46.88853841047422,47.12816589211394,0.0,0.0,0.0,0.0,0.0,0.0,0.0
31,31,43.666018345224664,23.364842784750437,18.925827402618538,45.200932541579505,46.73073012801045,46.839833223109466,0.0,0.0,0.0,0.0,0.0,0.0,0.0
32,32,43.98464575560311,23.15760549994195,19.533405871319545,44.99103251457918,46.57520003127328,46.54951632143796,0.0,0.0,0.0,0.0,0.0,0.0,0.0
33,33,44.30127757732457,22.966204214410112,20.13924435010614,44.782665503510074,46.422053436169904,46.25726195136194,0.0,0.0,0.0,0.0,0.0,0.0,0.0
34,34,44.6158622639761,22.791239382514675,20.74288130290492,44.57595078088979,46.271392531619775,45.96310290650487,0.0,0.0,0.0,0.0,0.0,0.0,0.0
35,35,44.92834273605593,22.633283906996382,21.3440016251986,44.37101520678952,46.1233204483195,45.66709235128887,0.0,0.0,0.0,0.0,0.0,0.0,0.0
36,36,45.238679691066906,22.49287744452093,21.94224893113028,44.167993438047226,45.9779411552771,45.36927373349387,0.0,0.0,0.0,0.0,0.0,0.0,0.0
37,37,45.54682794822369,22.37049145678168,22.537335294718133,43.96701841031731,45.83536375555414,45.0696982298243,0.0,0.0,0.0,0.0,0.0,0.0,0.0
38,38,45.85275022984501,22.26658164489423,23.128989618645804,43.768221021875114,45.695689216999526,44.76842524786742,0.0,0.0,0.0,0.0,0.0,0.0,0.0
39,39,46.15641231509549,22.181509730802375,23.71698338815034,43.571739724814414,45.559023334229174,44.46551821828769,0.0,0.0,0.0,0.0,0.0,0.0,0.0
40,40,46.4577828969133,22.115597103912535,24.301098933849346,43.377720688754046,45.42546775700287,44.16103995902274,0.0,0.0,0.0,0.0,0.0,0.0,0.0
41,41,46.75683344470423,22.069076498929064,24.881128828364723,43.18629771781056,45.29513329810421,43.85506224337231,0.0,0.0,0.0,0.0,0.0,0.0,0.0
42,42,47.05353807260326,22.042118216981436,25.45691240778622,42.99762203866711,45.168121845653346,43.547661397465376,0.0,0.0,0.0,0.0,0.0,0.0,0.0
43,43,47.347881540949516,22.034842782450426,26.02828186042268,42.81183197898777,45.04453509686983,43.23891849023124,0.0,0.0,0.0,0.0,0.0,0.0,0.0
44,44,47.6398384971834,22.047274784259812,26.595098969221624,42.629083322770654,44.92447440935956,42.92891952868047,0.0,0.0,0.0,0.0,0.0,0.0,0.0
45,45,0.0,22.079357350899244,27.15724037758222,42.44951837129521,44.808035996891405,42.61775045113894,0.0,0.0,0.0,0.0,0.0,0.0,0.0
46,46,0.0,22.130967775111117,27.71458522474181,42.2732915561584,44.695329344577,42.30552336891512,0.0,0.0,0.0,0.0,0.0,0.0,0.0
47,47,0.0,22.201933915004417,28.267036787742732,42.100548349536595,44.58643981777499,41.992324704237234,0.0,0.0,0.0,0.0,0.0,0.0,0.0
48,48,0.0,22.29196281171083,28.814519801844263,41.931446174077905,44.481475135459185,41.67827840179325,0.0,0.0,0.0,0.0,0.0,0.0,0.0
49,49,0.0,22.400733203002403,29.356927659735398,41.76613290555247,44.380518296473234,41.36349878918917,0.0,0.0,0.0,0.0,0.0,0.0,0.0
50,50,0.0,22.52786980357436,29.894215456906814,41.60476812767333,44.28366502043681,41.04810642134045,0.0,0.0,0.0,0.0,0.0,0.0,0.0
51,51,0.0,22.672919102720428,30.426315948059198,41.447490183999335,44.19100473579888,40.73223403579545,0.0,0.0,0.0,0.0,0.0,0.0,0.0
52,52,0.0,22.835369888908076,30.95318006755278,41.294454045466225,44.102620290802236,40.41601559761649,0.0,0.0,0.0,0.0,0.0,0.0,0.0
53,53,0.0,23.014687654468204,31.474765957454167,41.14582048101563,44.018597368468306,40.09960382052659,0.0,0.0,0.0,0.0,0.0,0.0,0.0
54,54,0.0,23.21029161738386,31.991029584016005,41.001722071808814,43.93901469567597,39.78314129810805,0.0,0.0,0.0,0.0,0.0,0.0,0.0
55,55,0.0,23.421561108137638,32.501951209014635,40.86231314203552,43.86395354651095,39.46680205688797,47.547622677055884,0.0,0.0,0.0,0.0,0.0,0.0
56,56,0.0,23.647855592166692,33.007515914864875,40.72774162087334,43.79347806459473,39.15074409999388,47.21851560109514,0.0,0.0,0.0,0.0,0.0,0.0
57,57,0.0,23.888506623585542,33.50768867835465,40.59814854110682,43.7276594382857,38.83514550560107,46.88536812332651,0.0,0.0,0.0,0.0,0.0,0.0
58,58,0.0,24.142837104103194,34.00248105436237,40.47366754550279,43.66656605625387,38.52019923200982,46.54813342958977,0.0,0.0,0.0,0.0,0.0,0.0
59,59,0.0,24.410166038537056,34.491875614677284,40.35443608271107,43.61025345957081,38.206100848487615,46.20676429517867,0.0,0.0,0.0,0.0,0.0,0.0
60,60,0.0,24.689787122225127,34.97588290512793,40.240595273237034,43.55878887223042,37.893041654806545,45.861213081665284,0.0,0.0,0.0,0.0,0.0,0.0
61,61,0.0,24.981025282554157,35.45449372332042,40.132260225112724,43.51221147266699,37.58124808846105,45.511431732809,0.0,0.0,0.0,0.0,0.0,0.0
62,62,0.0,25.28318826120666,35.927732476339024,40.029566566113076,43.470576836904414,37.27092950650853,45.1573763354796,0.0,0.0,0.0,0.0,0.0,0.0
63,63,0.0,25.595583870666005,36.395603769845245,39.93262899144763,43.433922089678106,36.96232467989013,44.798998240537955,0.0,0.0,0.0,0.0,0.0,0.0
64,64,0.0,25.917547669949087,36.858129488921236,39.84156447546491,43.40229066783242,36.655668422662266,44.43625311720078,0.0,0.0,0.0,0.0,0.0,0.0
65,65,0.0,26.248420345588997,37.315326631781126,39.75648007013829,43.37571227519843,36.35121204621385,44.06909656816237,0.0,0.0,0.0,0.0,0.0,0.0
66,66,0.0,26.587550440558097,37.767214589644524,39.67747247671323,43.354212759423184,36.04920952940379,43.697484144529504,0.0,0.0,0.0,0.0,0.0,0.0
67,67,0.0,26.934330984268883,38.213834481343085,39.604645836693734,43.33781405001102,35.749931735946774,43.32137136059196,0.0,0.0,0.0,0.0,0.0,0.0
68,68,0.0,27.288153508770158,38.655202393193605,39.53808125696339,43.3265391267306,35.45365954173377,42.94071883021225,0.0,0.0,0.0,0.0,0.0,0.0
69,69,0.0,27.64841079107051,39.09136186222799,39.47787285240426,43.320396914541966,35.160668721131394,42.55548756669162,0.0,0.0,0.0,0.0,0.0,0.0
70,70,0.0,28.014553313622002,39.522338434368535,39.42409106219925,43.31938725655926,34.87125947505812,42.16563369682559,0.0,0.0,0.0,0.0,0.0,0.0
71,71,0.0,28.38604392067092,39.94817137816742,39.376800560344016,43.32352099671544,34.585726322426346,41.771118838832145,0.0,0.0,0.0,0.0,0.0,0.0
72,72,0.0,28.762348392070706,40.36890064334404,39.33606620310674,43.33278983615953,34.30439627547875,41.37190512414852,0.0,0.0,0.0,0.0,0.0,0.0
73,73,0.0,29.142967811665883,40.78456110046757,39.30193443469555,43.34718643484405,34.02756632430837,40.967966567146796,0.0,0.0,0.0,0.0,0.0,0.0
74,74,0.0,29.527417167365513,41.195205470231635,39.27445150879191,43.36668938379759,33.75558144577979,40.5592613917946,0.0,0.0,0.0,0.0,0.0,0.0
75,75,0.0,29.91526504985285,41.60086963752437,39.253657224583684,43.39128331465148,33.488754884725694,40.14575983665875,0.0,0.0,0.0,0.0,0.0,0.0
76,76,0.0,30.306053225774114,42.001601196558084,39.239572451011675,43.42093889730696,33.227439872213196,39.72743939462574,0.0,0.0,0.0,0.0,0.0,0.0
77,77,0.0,30.699376164961265,42.3974425044474,39.23222370312402,43.45562793935452,32.97197232092413,39.30426708490964,0.0,0.0,0.0,0.0,0.0,0.0
78,78,0.0,31.094840479805548,42.78844667605772,39.231606038580146,43.49531843712556,32.72270274991272,38.87622341042243,0.0,0.0,0.0,0.0,0.0,0.0
79,79,0.0,31.492083202904013,43.174661347295256,39.2377386039779,43.5399597514947,32.47998751364564,38.443290939855785,0.0,0.0,0.0,0.0,0.0,0.0
80,80,0.0,31.89073454634859,43.55613414464194,39.25059669554198,43.58951755892219,32.244170578721196,38.00544132724819,0.0,0.0,0.0,0.0,0.0,0.0
81,81,0.0,32.29047199142281,43.93291267022846,39.2701735461799,43.64393418110158,32.01560815466363,37.562667568570916,0.0,0.0,0.0,0.0,0.0,0.0
82,82,0.0,32.69098266840481,44.30504926010712,39.29644332613306,43.7031535970275,31.79465933892972,37.11495888819736,0.0,0.0,0.0,0.0,0.0,0.0
83,83,0.0,33.09195503684991,44.672595832575226,39.32936743259972,43.76712641009225,31.581685087124022,36.66230018798322,0.0,0.0,0.0,0.0,0.0,0.0
84,84,0.0,33.49312895216631,45.03560849164636,39.36890692270511,43.83577556780375,31.377028858538964,36.20470732075741,0.0,0.0,0.0,0.0,0.0,0.0
85,85,0.0,33.8942191765785,45.39413357605015,39.41501034483958,43.90904566767184,31.18104211503468,35.742164470942974,0.0,0.0,0.0,0.0,0.0,0.0
86,86,0.0,34.29499748063921,45.74822179936213,39.467626169266794,43.98685896292023,30.99406492643959,35.27468788136632,0.0,0.0,0.0,0.0,0.0,0.0
87,87,0.0,34.69521833610757,46.09793216955152,39.52667244463018,44.069140061668875,30.816442948922806,34.80228337132462,0.0,0.0,0.0,0.0,0.0,0.0
88,88,0.0,35.09466676139345,46.443314136449665,39.59209197011174,44.15581117601982,30.648498070461386,34.32497637676648,0.0,0.0,0.0,0.0,0.0,0.0
89,89,0.0,35.49314120662754,46.78441678200999,39.6637915692462,44.24679706968897,30.490545223883117,33.842781866262804,0.0,0.0,0.0,0.0,0.0,0.0
90,90,0.0,35.89044558779863,47.121301160709365,39.741691034447975,44.342001276909464,30.342890925380473,33.3557358550194,0.0,0.0,0.0,0.0,0.0,0.0
91,91,0.0,36.286403639857895,47.4540189971138,39.82568705900253,44.44134466567062,30.205831779957798,32.86388084197035,0.0,0.0,0.0,0.0,0.0,0.0
92,92,0.0,36.68085056347459,0.0,39.91568373130615,44.54473682847893,30.07964323989065,32.367248964369196,0.0,0.0,0.0,0.0,0.0,0.0
93,93,0.0,37.07362555634601,0.0,40.01157472986042,44.652081184191914,29.96457780272886,31.865895944352197,0.0,0.0,0.0,0.0,0.0,0.0
94,94,0.0,37.46458539281944,0.0,40.113243749457176,44.76328460248003,29.86088296945963,31.35988555844399,0.0,0.0,0.0,0.0,0.0,0.0
95,95,0.0,37.85360321007058,0.0,40.2205708340982,44.87824816942508,29.768770462641847,30.849290295494022,0.0,0.0,0.0,0.0,0.0,0.0
96,96,0.0,38.24054789860999,0.0,40.33343853528185,44.996876700820046,29.68845413771634,30.33418247719773,0.0,0.0,0.0,0.0,0.0,0.0
97,97,0.0,38.625303969884676,0.0,40.45171461893175,45.11907418449907,29.620089406632033,29.814673216193214,0.0,0.0,0.0,0.0,0.0,0.0
98,98,0.0,39.00777046240541,0.0,40.575270047065985,45.244730298063956,29.563841340472678,29.290836186852616,47.53668828977135,0.0,0.0,0.0,0.0,0.0
99,99,0.0,39.3878476563251,0.0,40.70396763760566,45.37374810568632,29.519834102189748,28.76280590973601,47.22456722450352,0.0,0.0,0.0,0.0,0.0
100,100,0.0,39.76544326824189,0.0,40.83766825947665,45.506021335704204,29.48814985409087,28.230710881509935,46.90920496594369,0.0,0.0,0.0,0.0,0.0
101,101,0.0,40.14047795471693,0.0,40.97623114231627,45.641448192599555,29.468878144457975,27.694693996123156,46.59059590631251,0.0,0.0,0.0,0.0,0.0
102,102,0.0,40.51287859416881,0.0,41.11951417838562,45.77992250237077,29.46205534569541,27.15490260787906,46.26871882921762,0.0,0.0,0.0,0.0,0.0
103,103,0.0,40.88257226666789,0.0,41.26736306184776,45.92134278274865,29.467704389533523,26.611523286538002,45.943570560886606,0.0,0.0,0.0,0.0,0.0
104,104,0.0,41.24949762254144,0.0,41.41963967090148,46.06559915130197,29.485794539923482,26.064750899414086,45.61514525661441,0.0,0.0,0.0,0.0,0.0
105,105,0.0,41.61359856825563,0.0,41.57618327061655,46.21259106004268,29.5163016816999,25.514801221350837,45.283429586010946,0.0,0.0,0.0,0.0,0.0
106,106,0.0,41.97482936256609,0.0,41.73685522392109,46.362209939005446,29.559148437172247,24.961900428610562,44.94842972855246,0.0,0.0,0.0,0.0,0.0
107,107,0.0,42.33313801045792,0.0,41.90149515396675,46.51435665043658,29.614244743891263,24.40632482843695,44.610135498838545,0.0,0.0,0.0,0.0,0.0
108,108,0.0,42.68849292145892,0.0,42.06995957684403,46.66892017459715,29.681468496795702,23.848353630619542,44.268557075205166,0.0,0.0,0.0,0.0,0.0
109,109,0.0,43.04085577444463,0.0,42.242089598692154,46.8258074919963,29.760666484184014,23.288309750581504,43.923692719222885,0.0,0.0,0.0,0.0,0.0
110,110,0.0,43.390192246394804,0.0,42.41773287920243,46.98490567448528,29.85166537618108,22.72655110168084,43.57555736071313,0.0,0.0,0.0,0.0,0.0
111,111,0.0,43.73648162571038,0.0,42.59674360791613,47.14611572703936,29.95427281319978,22.16343029882094,43.224153777498344,0.0,0.0,0.0,0.0,0.0
112,112,0.0,44.07970124861902,0.0,42.77897212850549,47.309339917512574,30.068278586790093,21.599414362614738,42.86950223129722,0.0,0.0,0.0,0.0,0.0
113,113,0.0,44.41983150902052,0.0,42.96426024309515,47.47447781338212,30.193426881766335,21.03494414243346,42.51162107400749,0.0,0.0,0.0,0.0,0.0
114,114,0.0,44.75685102615539,0.0,43.15247227015246,47.641434530031596,30.32947621683222,20.47055821448518,42.15052646260578,0.0,0.0,0.0,0.0,0.0
115,115,0.0,45.090759797613444,0.0,43.34345407778527,47.81010872043024,30.47613313813509,19.906806132947253,41.786253779094565,0.0,0.0,0.0,0.0,0.0
116,116,0.0,45.42154142482204,0.0,43.53706898318694,0.0,30.633130779627933,19.344335008198087,41.41883166385095,0.0,0.0,0.0,0.0,0.0
117,117,0.0,45.749191120496235,0.0,43.733162712403725,0.0,30.800144406131764,18.783849605758007,41.04829250792456,0.0,0.0,0.0,0.0,0.0
118,118,0.0,46.073710447926906,0.0,43.93160345201868,0.0,30.976869250280146,18.22611912413352,40.674678422211585,0.0,0.0,0.0,0.0,0.0
119,119,0.0,46.39509400723444,0.0,44.13224723010693,0.0,31.162974695493318,17.672023810673252,40.29803616633543,0.0,0.0,0.0,0.0,0.0
120,120,0.0,46.713346883032116,0.0,44.33496259151323,0.0,31.35813392753205,17.12251028145917,39.91841742529445,0.0,0.0,0.0,0.0,0.0
121,121,0.0,47.02847555123115,0.0,44.53961602361525,0.0,31.56198874646256,16.578661019270427,39.53587910204537,0.0,0.0,0.0,0.0,0.0
122,122,0.0,47.34047966530406,0.0,44.74607693996674,0.0,31.774196975919928,16.041670038565044,39.15048982878549,0.0,0.0,0.0,0.0,0.0
123,123,0.0,47.649368643972316,0.0,44.95421773575821,0.0,31.994415118300182,15.512878509423984,38.76231193125262,0.0,0.0,0.0,0.0,0.0
124,124,0.0,0.0,0.0,45.16390926851303,0.0,32.22227331077505,14.993746164266042,38.37143924616033,0.0,0.0,0.0,0.0,0.0
125,125,0.0,0.0,0.0,45.37503017366949,0.0,32.45742976451815,14.48595929986395,37.977940834341496,0.0,0.0,0.0,0.0,0.0
126,126,0.0,0.0,0.0,45.587466638763466,0.0,32.69951906582918,13.991383708869392,37.5819252500436,0.0,0.0,0.0,0.0,0.0
127,127,0.0,0.0,0.0,45.801098929121046,0.0,32.948188377948235,13.512000520539885,37.18348268666072,0.0,0.0,0.0,0.0,0.0
128,128,0.0,0.0,0.0,46.015814990323676,0.0,33.20309777682626,13.050149644565607,36.78273857377955,0.0,0.0,0.0,0.0,0.0
129,129,0.0,0.0,0.0,46.23150588615176,0.0,33.46387938843476,12.608312631827346,36.37980700630451,0.0,0.0,0.0,0.0,0.0
130,130,0.0,0.0,0.0,46.448061529381135,0.0,33.73020508132348,12.189186513145359,35.97481095912795,0.0,0.0,0.0,0.0,0.0
131,131,0.0,0.0,0.0,46.6653835641478,0.0,34.001728895788105,11.795765080770877,35.56791243308308,0.0,0.0,0.0,0.0,0.0
132,132,0.0,0.0,0.0,46.883364023861134,0.0,34.27812074152894,11.431171291604741,35.15924800897213,0.0,0.0,0.0,0.0,0.0
133,133,0.0,0.0,0.0,47.10191075037912,0.0,34.5590507158875,11.098731342101686,34.748987406455065,0.0,0.0,0.0,0.0,0.0
134,134,0.0,0.0,0.0,47.320930357325594,0.0,34.844205352364064,10.801847016429647,34.337312828834285,0.0,0.0,0.0,0.0,0.0
135,135,0.0,0.0,0.0,47.54033246390356,0.0,35.13327222638533,10.543862576143994,33.924419690185395,0.0,0.0,0.0,0.0,0.0
136,136,0.0,0.0,0.0,47.76002568563816,0.0,35.42594817598301,10.32807530848865,33.51049278436298,0.0,0.0,0.0,0.0,0.0
137,137,0.0,0.0,0.0,0.0,0.0,35.721939460172806,10.15741879147889,33.09577985484182,0.0,0.0,0.0,0.0,0.0
138,138,0.0,0.0,0.0,0.0,0.0,36.02095462000897,10.034404204987027,32.68048648312472,0.0,0.0,0.0,0.0,0.0
139,139,0.0,0.0,0.0,0.0,0.0,36.322719339094135,9.960967278128422,32.264892946131766,0.0,0.0,0.0,0.0,0.0
140,140,0.0,0.0,0.0,0.0,0.0,36.62696888544375,9.938338171707002,31.849245609057668,0.0,0.0,0.0,0.0,0.0
141,141,0.0,0.0,0.0,0.0,0.0,36.933441157932904,9.966844191614967,31.433834216342163,0.0,0.0,0.0,0.0,0.0
142,142,0.0,0.0,0.0,0.0,0.0,37.241890782147586,10.045991724344688,31.01896777375987,0.0,0.0,0.0,0.0,0.0
143,143,0.0,0.0,0.0,0.0,0.0,37.55206834303816,10.174573779216942,30.604966094048983,0.0,0.0,0.0,0.0,0.0
144,144,0.0,0.0,0.0,0.0,0.0,37.863747737673734,10.350544674755554,30.192179195483547,0.0,0.0,0.0,0.0,0.0
145,145,0.0,0.0,0.0,0.0,0.0,38.1767119713728,10.571336314550265,29.78095971698867,0.0,0.0,0.0,0.0,0.0
146,146,0.0,0.0,0.0,0.0,0.0,38.49073376603869,10.833909313902012,29.371702259254825,0.0,0.0,0.0,0.0,0.0
147,147,0.0,0.0,0.0,0.0,0.0,38.80562103765305,11.135048145268726,28.96481561965725,0.0,0.0,0.0,0.0,0.0
148,148,0.0,0.0,0.0,0.0,0.0,39.12117743294265,11.471336523955614,28.560733303935308,0.0,0.0,0.0,0.0,0.0
149,149,0.0,0.0,0.0,0.0,0.0,39.43721533453939,11.839381789612148,28.15990381870273,0.0,0.0,0.0,0.0,0.0
150,150,0.0,0.0,0.0,0.0,0.0,39.75355563416596,12.235875940148546,27.76281243119187,0.0,0.0,0.0,0.0,0.0
151,151,0.0,0.0,0.0,0.0,0.0,40.070021575701674,12.657719913065662,27.369960836114153,0.0,0.0,0.0,0.0,0.0
152,152,0.0,0.0,0.0,0.0,0.0,40.38646230254188,13.10197462730693,26.98188964274378,0.0,0.0,0.0,0.0,0.0
153,153,0.0,0.0,0.0,0.0,0.0,40.70272253313456,13.565942189428938,26.599156960713444,0.0,0.0,0.0,0.0,0.0
154,154,0.0,0.0,0.0,0.0,0.0,41.01864889724381,14.047118934521492,26.222325948055243,0.0,0.0,0.0,0.0,0.0
155,155,0.0,0.0,0.0,0.0,0.0,41.33411237046292,14.543295439068316,25.852023292057993,0.0,0.0,0.0,0.0,0.0
156,156,0.0,0.0,0.0,0.0,0.0,41.648968406699666,15.052439972828438,25.488881206472968,0.0,0.0,0.0,0.0,0.0
157,157,0.0,0.0,0.0,0.0,0.0,41.963106907464706,15.572712934872214,25.13356007510083,0.0,0.0,0.0,0.0,0.0
158,158,0.0,0.0,0.0,0.0,0.0,42.27640213836604,16.102473512553118,24.786722386494077,0.0,0.0,0.0,0.0,0.0
159,159,0.0,0.0,0.0,0.0,0.0,42.58874549811846,16.640280767036913,24.44909472250629,0.0,0.0,0.0,0.0,0.0
160,160,0.0,0.0,0.0,0.0,0.0,42.90002905023389,17.18479031301581,24.12140368509695,0.0,0.0,0.0,0.0,0.0
161,161,0.0,0.0,0.0,0.0,0.0,43.210160867512386,17.734844654864844,23.804371816056673,0.0,0.0,0.0,0.0,0.0
162,162,0.0,0.0,0.0,0.0,0.0,43.51904412343762,18.28935578387278,23.498781709049695,0.0,0.0,0.0,0.0,0.0
163,163,0.0,0.0,0.0,0.0,0.0,43.8265923635875,18.847390572731697,23.205378921221637,47.55230169524756,0.0,0.0,0.0,0.0
164,164,0.0,0.0,0.0,0.0,0.0,44.13272408970664,19.40809825824472,22.92496331497648,47.33542143927765,0.0,0.0,0.0,0.0
165,165,0.0,0.0,0.0,0.0,0.0,44.4373625639148,19.97070160257846,22.65828757470075,47.11905486826365,0.0,0.0,0.0,0.0
166,166,0.0,0.0,0.0,0.0,0.0,44.740435618219394,20.53448905115303,22.406150478984472,46.9032829506939,0.0,0.0,0.0,0.0
167,167,0.0,0.0,0.0,0.0,0.0,45.04188006321978,21.098870777193,22.16932073799289,46.68821432398609,0.0,0.0,0.0,0.0
168,168,0.0,0.0,0.0,0.0,0.0,45.34163662785477,21.6632557591262,21.94854407053532,46.473948433241695,47.603849132997844,0.0,0.0,0.0
169,169,0.0,0.0,0.0,0.0,0.0,45.639636442916945,22.227143147653535,21.74455106027935,46.260579133929184,47.328942128447544,0.0,0.0,0.0
170,170,0.0,0.0,0.0,0.0,0.0,45.93584136488232,22.790053640851227,21.558050361131734,46.04822471150959,47.05237782742522,0.0,0.0,0.0
171,171,0.0,0.0,0.0,0.0,0.0,46.23018997458338,23.351583719911417,21.389690574332363,45.83698946073492,46.77420563553829,0.0,0.0,0.0
172,172,0.0,0.0,0.0,0.0,0.0,46.52264194822072,23.911342492014285,21.240113932254303,45.62698943567132,46.49446974279236,0.0,0.0,0.0
173,173,0.0,0.0,0.0,0.0,0.0,46.81315984050641,24.46899056825282,21.10988738134604,45.41833491884101,46.21322157280545,0.0,0.0,0.0
174,174,0.0,0.0,0.0,0.0,0.0,47.10169660621602,25.024221467218894,20.999494163555013,45.211148127878424,45.93051584333051,0.0,0.0,0.0
175,175,0.0,0.0,0.0,0.0,0.0,47.38822481278334,25.576721433072237,20.9093898993017,45.00555448150921,45.6464106984728,0.0,0.0,0.0
176,176,0.0,0.0,0.0,0.0,0.0,0.0,26.12626710312506,20.839933443306194,44.801673265602815,45.36096332698355,0.0,0.0,0.0
177,177,0.0,0.0,0.0,0.0,0.0,0.0,26.672586638032705,20.791429005655175,44.599631203809324,45.074243517123534,0.0,0.0,0.0
178,178,0.0,0.0,0.0,0.0,0.0,0.0,27.21550252673123,20.764057826692266,44.39956265491848,44.78632517329898,0.0,0.0,0.0
179,179,0.0,0.0,0.0,0.0,0.0,0.0,27.754799307597906,20.75793896804187,44.20160019999547,44.49727702054127,0.0,0.0,0.0
180,180,0.0,0.0,0.0,0.0,0.0,0.0,28.29031470436641,20.77309554456542,44.00587917442179,44.2071860375629,0.0,0.0,0.0
181,181,0.0,0.0,0.0,0.0,0.0,0.0,28.82189195004988,20.8094703483235,43.81253268883758,43.91612946563006,0.0,0.0,0.0
182,182,0.0,0.0,0.0,0.0,0.0,0.0,29.349379774780807,20.866910781396797,43.62170118435403,43.624203546173305,0.0,0.0,0.0
183,183,0.0,0.0,0.0,0.0,0.0,0.0,29.872652041783837,20.945187223028782,43.4335275764371,43.33149969365132,0.0,0.0,0.0
184,184,0.0,0.0,0.0,0.0,0.0,0.0,30.39160518087907,21.04396488458424,43.248157136300414,43.0381192049221,0.0,0.0,0.0
185,185,0.0,0.0,0.0,0.0,0.0,0.0,30.90612790280307,21.162840730382925,43.06573735890309,42.744168634371505,0.0,0.0,0.0
186,186,0.0,0.0,0.0,0.0,0.0,0.0,31.416129966302776,21.301380241134623,42.88640240859763,42.44975471653988,0.0,0.0,0.0
187,187,0.0,0.0,0.0,0.0,0.0,0.0,31.921540087893405,21.45901437500129,42.71031372298232,42.155000139081544,0.0,0.0,0.0
188,188,0.0,0.0,0.0,0.0,0.0,0.0,32.422286760552964,21.635156748032884,42.53760871736345,41.86002827711698,0.0,0.0,0.0
189,189,0.0,0.0,0.0,0.0,0.0,0.0,32.91830711331899,21.829194271518986,42.3684469168643,41.56496846519035,0.0,0.0,0.0
190,190,0.0,0.0,0.0,0.0,0.0,0.0,33.409554499857435,22.040418898990296,42.20296811702345,41.26995617166899,0.0,0.0,0.0
191,191,0.0,0.0,0.0,0.0,0.0,0.0,33.89598083836476,22.268141452579158,42.04132881797057,40.975138830888845,0.0,0.0,0.0
192,192,0.0,0.0,0.0,0.0,0.0,0.0,34.37754493704503,22.511579617511288,41.883675633731094,40.68065345780327,47.68008114391586,0.0,0.0
193,193,0.0,0.0,0.0,0.0,0.0,0.0,34.85422733851381,22.770012654653172,41.73016096635639,40.38666634904316,47.35258696221989,0.0,0.0
194,194,0.0,0.0,0.0,0.0,0.0,0.0,35.3259981141649,23.042641445275734,41.58092650160948,40.09334537099011,47.02108173583589,0.0,0.0
195,195,0.0,0.0,0.0,0.0,0.0,0.0,35.79284756521025,23.328710363520926,41.43612465789621,39.800847686909066,46.68551097226835,0.0,0.0
196,196,0.0,0.0,0.0,0.0,0.0,0.0,36.25475553970774,23.627413496659955,41.29590201494503,39.509361229510745,46.345827759898334,0.0,0.0
197,197,0.0,0.0,0.0,0.0,0.0,0.0,36.71172077211107,23.93799739556316,41.160393225283336,39.21906333279064,46.00199351686885,0.0,0.0
198,198,0.0,0.0,0.0,0.0,0.0,0.0,37.1637453052931,24.259682346690298,41.0297485739913,38.93015087600743,45.65395210917691,0.0,0.0
199,199,0.0,0.0,0.0,0.0,0.0,0.0,37.61082088250979,24.591720745628976,40.90410583990376,38.64282220607738,45.30165994516171,0.0,0.0
200,200,0.0,0.0,0.0,0.0,0.0,0.0,38.05296949338455,24.93338578651307,40.78359534301877,38.35728968412721,44.945073358424956,0.0,0.0
201,201,0.0,0.0,0.0,0.0,0.0,0.0,38.49018900759233,25.28396100810015,40.66835097007324,38.07375404396204,44.58414391940386,0.0,0.0
202,202,0.0,0.0,0.0,0.0,0.0,0.0,38.92249972183619,25.64273076563113,40.558510037727096,37.79244951362022,44.21883238659784,0.0,0.0
203,203,0.0,0.0,0.0,0.0,0.0,0.0,39.34992370447027,26.009043616343526,40.45418407957951,37.51359859072313,43.8490900739958,0.0,0.0
204,204,0.0,0.0,0.0,0.0,0.0,0.0,39.77247866856414,26.382250674330855,40.35549880903684,37.237437940302016,43.474877872814325,0.0,0.0
205,205,0.0,0.0,0.0,0.0,0.0,0.0,40.190184372994395,26.761708280336386,40.262570790282005,36.96421191440727,43.096151977567445,0.0,0.0
206,206,0.0,0.0,0.0,0.0,0.0,0.0,40.603068249287226,27.146836817885955,40.1755069905227,36.69416548447767,42.71287378957568,0.0,0.0
207,207,0.0,0.0,0.0,0.0,0.0,0.0,41.011164683171295,27.537061689582046,40.094410274152054,36.42755787503636,42.32499988005635,0.0,0.0
208,208,0.0,0.0,0.0,0.0,0.0,0.0,41.41450328307903,27.93183685969187,40.019379121591555,36.164655698898095,41.932497679279344,0.0,0.0
209,209,0.0,0.0,0.0,0.0,0.0,0.0,41.81311480458969,28.330633615892857,39.95050139530866,35.90572549218138,41.535330084089196,0.0,0.0
210,210,0.0,0.0,0.0,0.0,0.0,0.0,42.20703638443041,28.73296174028335,39.88787191098949,35.65103302503735,41.13346058801531,0.0,0.0
211,211,0.0,0.0,0.0,0.0,0.0,0.0,42.59630051262111,29.138357372310864,39.8315563998327,35.400872439749435,40.72685333184431,0.0,0.0
212,212,0.0,0.0,0.0,0.0,0.0,0.0,42.980950827894844,29.54637210699606,39.78163300762875,35.15551438609332,40.31548485739564,0.0,0.0
213,213,0.0,0.0,0.0,0.0,0.0,0.0,43.36102601896232,29.956573061172747,39.738162200105606,34.91524971520982,39.899327472626155,0.0,0.0
214,214,0.0,0.0,0.0,0.0,0.0,0.0,43.736565205813704,30.368571610653376,39.70119849706546,34.68038221303483,39.47834874718034,0.0,0.0
215,215,0.0,0.0,0.0,0.0,0.0,0.0,44.10760789752909,30.781982778475033,39.670790304914235,34.4511894124205,39.05252342151861,0.0,0.0
216,216,0.0,0.0,0.0,0.0,0.0,0.0,44.47420341556997,31.196462947005315,39.646973716275305,34.22797567401572,38.621840513848305,0.0,0.0
217,217,0.0,0.0,0.0,0.0,0.0,0.0,44.836391395198724,31.61167085944625,39.629784461906546,34.01103289135477,38.18627879631246,0.0,0.0
218,218,0.0,0.0,0.0,0.0,0.0,0.0,45.19422088556469,32.02728613542112,39.61923965825866,33.80067129248655,37.745825511981295,0.0,0.0
219,219,0.0,0.0,0.0,0.0,0.0,0.0,45.547731579017395,32.44302552271735,39.61534982110779,33.597178720052206,37.300463644802676,0.0,0.0
220,220,0.0,0.0,0.0,0.0,0.0,0.0,45.896972202118576,32.85859778900883,39.61813094995858,33.40085158757712,36.85019218979532,0.0,0.0
221,221,0.0,0.0,0.0,0.0,0.0,0.0,46.24198674697802,33.27374688963472,39.62756815232541,33.211986125064584,36.39500654786404,0.0,0.0
222,222,0.0,0.0,0.0,0.0,0.0,0.0,46.58283180239909,33.68822492485014,39.64365201530482,33.03087747956179,35.934919785151024,0.0,0.0
223,223,0.0,0.0,0.0,0.0,0.0,0.0,46.91954213500438,34.10181598752072,39.66637256248766,32.85780182457824,35.46991988962159,0.0,0.0
224,224,0.0,0.0,0.0,0.0,0.0,0.0,47.25217750927551,34.514286883686,39.69568304837759,32.69304027075501,35.000035181617605,0.0,0.0
225,225,0.0,0.0,0.0,0.0,0.0,0.0,47.58077633423264,34.92545832507109,39.7315605237783,32.536860997370724,34.52527658987499,0.0,0.0
226,226,0.0,0.0,0.0,0.0,0.0,0.0,0.0,35.33514030587709,39.77395157994986,32.389535210891914,34.04566724840232,0.0,0.0
227,227,0.0,0.0,0.0,0.0,0.0,0.0,0.0,35.74314839138099,39.822808713475794,32.25131893393289,33.56124376952281,0.0,0.0
228,228,0.0,0.0,0.0,0.0,0.0,0.0,0.0,36.14933252166769,39.878060442285594,32.1224428294195,33.07204088886445,0.0,0.0
229,229,0.0,0.0,0.0,0.0,0.0,0.0,0.0,36.553545948511726,39.939647516128325,32.00314592766627,32.57809952022309,0.0,0.0
230,230,0.0,0.0,0.0,0.0,0.0,0.0,0.0,36.95564535826958,40.00748719478133,31.89363956336981,32.07947603450891,0.0,0.0
231,231,0.0,0.0,0.0,0.0,0.0,0.0,0.0,37.35549775503337,40.08149744843734,31.794132634266845,31.576234873329895,47.64858898052314,0.0
232,232,0.0,0.0,0.0,0.0,0.0,0.0,0.0,37.75299982773661,40.161597095463186,31.704803920172438,31.06843994833266,47.32872245109278,0.0
233,233,0.0,0.0,0.0,0.0,0.0,0.0,0.0,38.148036356439526,40.247676570774814,31.625827747589412,30.556182650371156,47.00523386295935,0.0
234,234,0.0,0.0,0.0,0.0,0.0,0.0,0.0,38.540507250090734,40.33963376947568,31.557346187603855,30.039546061833967,46.678089484068664,0.0
235,235,0.0,0.0,0.0,0.0,0.0,0.0,0.0,38.930320171858455,40.43736825825973,31.499513245263003,29.51863335018018,46.347255660994996,0.0
236,236,0.0,0.0,0.0,0.0,0.0,0.0,0.0,39.31739625548657,40.540764054628006,31.452421847253923,28.993559709636777,46.01271193393014,0.0
237,237,0.0,0.0,0.0,0.0,0.0,0.0,0.0,39.70165704356393,40.64970172262631,31.416166354706768,28.464463991819485,45.67443002281331,0.0
238,238,0.0,0.0,0.0,0.0,0.0,0.0,0.0,40.083042456569196,40.76405295678349,31.390833140810997,27.9314896625578,45.332382149937736,0.0
239,239,0.0,0.0,0.0,0.0,0.0,0.0,0.0,40.46147446421755,40.88369811522487,31.37645461307389,27.394773578837537,44.98654569266009,0.0
240,240,0.0,0.0,0.0,0.0,0.0,0.0,0.0,40.83691595857219,41.00849792597328,31.373072611475656,26.8545246172187,44.63689896383735,0.0
241,241,0.0,0.0,0.0,0.0,0.0,0.0,0.0,41.20930007118624,41.138316778908454,31.380692704014642,26.310915327182407,44.28342128376946,0.0
242,242,0.0,0.0,0.0,0.0,0.0,0.0,0.0,41.57859894728643,41.2730284276853,31.399293243855745,25.76417278887814,43.92609792456998,0.0
243,243,0.0,0.0,0.0,0.0,0.0,0.0,0.0,41.94476109264972,41.412477142466635,31.4288436917587,25.21453581790925,43.56491072807199,0.0
244,244,0.0,0.0,0.0,0.0,0.0,0.0,0.0,42.30775597801473,41.55652844786983,31.469268458129648,24.66225563644602,43.19984279804948,0.0
245,245,0.0,0.0,0.0,0.0,0.0,0.0,0.0,42.66756191754931,41.70503588229964,31.520510877079083,24.10763646490436,42.83088889158981,0.0
246,246,0.0,0.0,0.0,0.0,0.0,0.0,0.0,43.02414499313737,41.85785250628997,31.582460990526137,23.55097408073665,42.45803550519793,0.0
247,247,0.0,0.0,0.0,0.0,0.0,0.0,0.0,43.37749030771269,42.014825803021935,31.654992575647242,22.992637778222786,42.081281416813894,0.0
248,248,0.0,0.0,0.0,0.0,0.0,0.0,0.0,43.727580738484974,42.17581413328671,31.737972785690253,22.433007839501016,41.70061701369286,0.0
249,249,0.0,0.0,0.0,0.0,0.0,0.0,0.0,44.074397221244396,42.34066541822943,31.8312359701525,21.8725056283712,41.31605120626453,0.0
250,250,0.0,0.0,0.0,0.0,0.0,0.0,0.0,44.41793799546755,42.50922828984005,31.934611507516628,21.311598519786173,40.92758483572619,0.0
251,251,0.0,0.0,0.0,0.0,0.0,0.0,0.0,44.758189201560214,42.68135231791806,32.04789802839621,20.750805528226422,40.535221335370906,0.0
252,252,0.0,0.0,0.0,0.0,0.0,0.0,0.0,45.09515347964685,42.856893366932454,32.17089991809298,20.190687118181017,40.13898461046652,0.0
253,253,0.0,0.0,0.0,0.0,0.0,0.0,0.0,45.42882610841421,43.03569317224254,32.30339295280512,19.631884051138485,39.73887885679418,0.0
254,254,0.0,0.0,0.0,0.0,0.0,0.0,0.0,45.759208956686685,43.2176155786052,32.44513452564849,19.07507509452077,39.33493555857004,0.0
255,255,0.0,0.0,0.0,0.0,0.0,0.0,0.0,46.08630997588947,43.40251075130524,32.59588218005961,18.521053901062814,38.927172289601884,0.0
256,256,0.0,0.0,0.0,0.0,0.0,0.0,0.0,46.410134178171084,43.590225955655185,32.75537733320605,17.97065033465863,38.51562950140991,0.0
257,257,0.0,0.0,0.0,0.0,0.0,0.0,0.0,46.730683917412954,43.780625568289544,32.92335510775559,17.424831091681014,38.10034009352947,0.0
258,258,0.0,0.0,0.0,0.0,0.0,0.0,0.0,47.047979800043855,43.973566200310074,33.09953701206736,16.884637510743303,37.681348426943224,0.0
259,259,0.0,0.0,0.0,0.0,0.0,0.0,0.0,47.362026707694135,44.16890210995379,33.2836406281952,16.35125651587886,37.25871134759032,0.0
260,260,0.0,0.0,0.0,0.0,0.0,0.0,0.0,47.672839072508744,44.36650459040808,33.47538882960633,15.825973833929126,36.832471461679546,0.0
261,261,0.0,0.0,0.0,0.0,0.0,0.0,0.0,0.0,44.566233072182285,33.67447780907833,15.310251558878718,36.4027122019988,0.0
262,262,0.0,0.0,0.0,0.0,0.0,0.0,0.0,0.0,44.767959244421604,33.880627505429324,14.805678506641755,35.969489413086734,0.0
263,263,0.0,0.0,0.0,0.0,0.0,0.0,0.0,0.0,44.97154358076604,34.09352547587501,14.314053485900601,35.53290218863575,0.0
264,264,0.0,0.0,0.0,0.0,0.0,0.0,0.0,0.0,45.17686350919812,34.312876676834094,13.837355721308015,35.09302153590017,0.0
265,265,0.0,0.0,0.0,0.0,0.0,0.0,0.0,0.0,45.38379467471781,34.53838779552255,13.377755545368018,34.649964364626946,0.0
266,266,0.0,0.0,0.0,0.0,0.0,0.0,0.0,0.0,45.592215690006604,34.7697679468658,12.937676172923148,34.203842832979866,0.0
267,267,0.0,0.0,0.0,0.0,0.0,0.0,0.0,0.0,45.802003753879326,35.00670646718286,12.51968913358499,33.754763350173846,0.0
268,268,0.0,0.0,0.0,0.0,0.0,0.0,0.0,0.0,46.01304364927462,35.24891999243851,12.126613009253902,33.302875177424845,0.0
269,269,0.0,0.0,0.0,0.0,0.0,0.0,0.0,0.0,46.22522319704038,35.49612190109341,11.761469371955258,32.84830710415816,0.0
270,270,0.0,0.0,0.0,0.0,0.0,0.0,0.0,0.0,46.43843326365328,35.7480085508143,11.427414846510885,32.39124251674981,0.0
271,271,0.0,0.0,0.0,0.0,0.0,0.0,0.0,0.0,46.65255932487522,36.00431906052638,11.127612986752496,31.93183653707122,0.0
272,272,0.0,0.0,0.0,0.0,0.0,0.0,0.0,0.0,46.86750696449049,36.26475464629721,10.865304999542062,31.47029368373854,0.0
273,273,0.0,0.0,0.0,0.0,0.0,0.0,0.0,0.0,47.083167919150135,36.5290664589693,10.643642908509477,31.00680806593212,0.0
274,274,0.0,0.0,0.0,0.0,0.0,0.0,0.0,0.0,47.29944546836935,36.7969694150799,10.465455995058917,30.541599387534838,0.0
275,275,0.0,0.0,0.0,0.0,0.0,0.0,0.0,0.0,47.516249905060306,37.068213961943684,10.333240800984697,30.074924973990207,0.0
276,276,0.0,0.0,0.0,0.0,0.0,0.0,0.0,0.0,47.73348235294005,37.3425368936736,10.248916975619409,29.607033615600947,0.0
277,277,0.0,0.0,0.0,0.0,0.0,0.0,0.0,0.0,0.0,37.619703015293794,10.213772846166961,29.138214553861047,0.0
278,278,0.0,0.0,0.0,0.0,0.0,0.0,0.0,0.0,0.0,37.89946424215345,10.228413942995303,28.668759625484427,0.0
279,279,0.0,0.0,0.0,0.0,0.0,0.0,0.0,0.0,0.0,38.18159357222513,10.292581120678207,28.199015959425857,0.0
280,280,0.0,0.0,0.0,0.0,0.0,0.0,0.0,0.0,0.0,38.46585851912809,10.405238802366995,27.72932581713281,0.0
281,281,0.0,0.0,0.0,0.0,0.0,0.0,0.0,0.0,0.0,38.75204099092666,10.564749506815048,27.260069533759562,0.0
282,282,0.0,0.0,0.0,0.0,0.0,0.0,0.0,0.0,0.0,39.039936796657635,10.768842812884756,26.791657338549378,0.0
283,283,0.0,0.0,0.0,0.0,0.0,0.0,0.0,0.0,0.0,39.32933669913447,11.01475546435762,26.32451970761379,0.0
284,284,0.0,0.0,0.0,0.0,0.0,0.0,0.0,0.0,0.0,39.62004540224432,11.299477773892377,25.859144433811025,0.0
285,285,0.0,0.0,0.0,0.0,0.0,0.0,0.0,0.0,0.0,39.911869065752576,11.619822150218653,25.396032389693346,47.67055088106473
286,286,0.0,0.0,0.0,0.0,0.0,0.0,0.0,0.0,0.0,40.204633276701266,11.972544055320867,24.935735105968448,47.423765880025066
287,287,0.0,0.0,0.0,0.0,0.0,0.0,0.0,0.0,0.0,40.49815886411249,12.354497766023712,24.478806799275006,47.1763737290167
288,288,0.0,0.0,0.0,0.0,0.0,0.0,0.0,0.0,0.0,40.7922797578948,12.76255905486289,24.025882186262876,46.92844788544787
289,289,0.0,0.0,0.0,0.0,0.0,0.0,0.0,0.0,0.0,41.08683678314625,13.193879253113323,23.577642899247493,46.6800609725261
290,290,0.0,0.0,0.0,0.0,0.0,0.0,0.0,0.0,0.0,41.381671959990484,13.645765364599214,23.1347640945052,46.431297395382664
291,291,0.0,0.0,0.0,0.0,0.0,0.0,0.0,0.0,0.0,41.67664514076237,14.11569994248552,22.69801061446367,46.182232367254485
292,292,0.0,0.0,0.0,0.0,0.0,0.0,0.0,0.0,0.0,41.97161149567286,14.601445952908634,22.26818559606464,45.93295744171046
293,293,0.0,0.0,0.0,0.0,0.0,0.0,0.0,0.0,0.0,42.26643805794714,15.100935404325483,21.84613079743518,45.683559255353956
294,294,0.0,0.0,0.0,0.0,0.0,0.0,0.0,0.0,0.0,42.56099792264146,15.612287034820497,21.432741923837,45.434132534197275
295,295,0.0,0.0,0.0,0.0,0.0,0.0,0.0,0.0,0.0,42.85516492738614,16.13383716678085,21.028985617033044,45.184780470202156
296,296,0.0,0.0,0.0,0.0,0.0,0.0,0.0,0.0,0.0,43.14883413111971,16.664097155970694,20.635837147636124,44.93559662635561
297,297,0.0,0.0,0.0,0.0,0.0,0.0,0.0,0.0,0.0,43.441885548475426,17.2016557043372,20.25434077996688,44.68669219474955
298,298,0.0,0.0,0.0,0.0,0.0,0.0,0.0,0.0,0.0,43.73422482655069,17.745312209335225,19.8855934128579,44.438178013828555
299,299,0.0,0.0,0.0,0.0,0.0,0.0,0.0,0.0,0.0,44.02574767286322,18.293975042824215,19.53072478084843,44.190169141034104
