,time,39,61,1143,1165,1188,1166,84,1144,17,62,1189,1122,40,107,1167
0,0,671.0550625,694.712,653.7415,807.326125,775.940875,0.0,0.0,0.0,0.0,0.0,0.0,0.0,0.0,0.0,0.0
1,1,668.279625,698.937125,652.9009375,812.430375,776.7285625,0.0,0.0,0.0,0.0,0.0,0.0,0.0,0.0,0.0,0.0
2,2,665.565625,703.2063125,652.1345,0.0,777.5776875,0.0,0.0,0.0,0.0,0.0,0.0,0.0,0.0,0.0,0.0
3,3,662.914,707.5186875,651.4425,0.0,778.488,0.0,0.0,0.0,0.0,0.0,0.0,0.0,0.0,0.0,0.0
4,4,660.3254375,711.8735625,650.825125,0.0,779.4593125,0.0,0.0,0.0,0.0,0.0,0.0,0.0,0.0,0.0,0.0
5,5,657.8006875,716.270125,650.2825625,0.0,780.491375,0.0,0.0,0.0,0.0,0.0,0.0,0.0,0.0,0.0,0.0
6,6,655.3404375,720.707625,649.815125,0.0,781.584,0.0,0.0,0.0,0.0,0.0,0.0,0.0,0.0,0.0,0.0
7,7,652.9455,725.18525,649.422875,0.0,782.736875,0.0,0.0,0.0,0.0,0.0,0.0,0.0,0.0,0.0,0.0
8,8,650.6165625,729.70225,649.106,0.0,783.94975,0.0,0.0,0.0,0.0,0.0,0.0,0.0,0.0,0.0,0.0
9,9,648.3543125,734.258,648.8645625,0.0,785.2223125,0.0,0.0,0.0,0.0,0.0,0.0,0.0,0.0,0.0,0.0
10,10,646.1595,738.8516875,648.698625,0.0,786.554375,0.0,0.0,0.0,0.0,0.0,0.0,0.0,0.0,0.0,0.0
11,11,644.03275,743.482625,648.608375,0.0,787.9455,813.44725,0.0,0.0,0.0,0.0,0.0,0.0,0.0,0.0,0.0
12,12,641.974875,748.1500625,648.5936875,0.0,789.3955,808.7958125,0.0,0.0,0.0,0.0,0.0,0.0,0.0,0.0,0.0
13,13,639.986375,752.8534375,648.6546875,0.0,790.904,804.177875,0.0,0.0,0.0,0.0,0.0,0.0,0.0,0.0,0.0
14,14,638.068,757.5919375,648.7913125,0.0,792.470625,799.593875,0.0,0.0,0.0,0.0,0.0,0.0,0.0,0.0,0.0
15,15,636.220375,762.365,649.0035,0.0,794.095125,795.0445,0.0,0.0,0.0,0.0,0.0,0.0,0.0,0.0,0.0
16,16,634.4440625,767.172,649.2911875,0.0,795.777,790.530375,0.0,0.0,0.0,0.0,0.0,0.0,0.0,0.0,0.0
17,17,632.73975,772.0121875,649.65425,0.0,797.5160625,786.052125,0.0,0.0,0.0,0.0,0.0,0.0,0.0,0.0,0.0
18,18,631.108,776.885,650.092625,0.0,799.3118125,781.61025,0.0,0.0,0.0,0.0,0.0,0.0,0.0,0.0,0.0
19,19,629.5493125,781.7898125,650.6060625,0.0,801.163875,777.2055,0.0,0.0,0.0,0.0,0.0,0.0,0.0,0.0,0.0
20,20,628.0643125,786.726,651.1945,0.0,803.071875,772.8384375,0.0,0.0,0.0,0.0,0.0,0.0,0.0,0.0,0.0
21,21,626.6535,791.693,651.857625,0.0,805.0354375,768.50975,0.0,0.0,0.0,0.0,0.0,0.0,0.0,0.0,0.0
22,22,625.3173125,796.69025,652.59525,0.0,807.0541875,764.220125,0.0,0.0,0.0,0.0,0.0,0.0,0.0,0.0,0.0
23,23,624.0563125,801.717125,653.4071875,0.0,809.127625,759.9701875,0.0,0.0,0.0,0.0,0.0,0.0,0.0,0.0,0.0
24,24,622.8709375,806.773125,654.2930625,0.0,811.255375,755.7605625,0.0,0.0,0.0,0.0,0.0,0.0,0.0,0.0,0.0
25,25,621.761625,811.857625,655.252625,0.0,813.4369375,751.5920625,0.0,0.0,0.0,0.0,0.0,0.0,0.0,0.0,0.0
26,26,620.7288125,816.9701875,656.2855,0.0,815.672,747.46525,0.0,0.0,0.0,0.0,0.0,0.0,0.0,0.0,0.0
27,27,619.7728125,0.0,657.3914375,0.0,0.0,743.3809375,0.0,0.0,0.0,0.0,0.0,0.0,0.0,0.0,0.0
28,28,618.894,0.0,658.5699375,0.0,0.0,739.33975,0.0,0.0,0.0,0.0,0.0,0.0,0.0,0.0,0.0
29,29,618.0926875,0.0,659.82075,0.0,0.0,735.3424375,0.0,0.0,0.0,0.0,0.0,0.0,0.0,0.0,0.0
30,30,617.36925,0.0,661.143375,0.0,0.0,731.3896875,0.0,0.0,0.0,0.0,0.0,0.0,0.0,0.0,0.0
31,31,616.7239375,0.0,662.537375,0.0,0.0,727.4823125,0.0,0.0,0.0,0.0,0.0,0.0,0.0,0.0,0.0
32,32,616.1569375,0.0,664.002375,0.0,0.0,723.6209375,0.0,0.0,0.0,0.0,0.0,0.0,0.0,0.0,0.0
33,33,615.6685,0.0,665.537875,0.0,0.0,719.8064375,0.0,0.0,0.0,0.0,0.0,0.0,0.0,0.0,0.0
34,34,615.258875,0.0,667.1433125,0.0,0.0,716.0395,0.0,0.0,0.0,0.0,0.0,0.0,0.0,0.0,0.0
35,35,614.928125,0.0,668.81825,0.0,0.0,712.320875,0.0,0.0,0.0,0.0,0.0,0.0,0.0,0.0,0.0
36,36,614.676375,0.0,670.562125,0.0,0.0,708.6513125,0.0,0.0,0.0,0.0,0.0,0.0,0.0,0.0,0.0
37,37,614.5038125,0.0,672.3745,0.0,0.0,705.031625,0.0,0.0,0.0,0.0,0.0,0.0,0.0,0.0,0.0
38,38,614.4104375,0.0,674.2546875,0.0,0.0,701.4625625,0.0,0.0,0.0,0.0,0.0,0.0,0.0,0.0,0.0
39,39,614.3963125,0.0,676.2021875,0.0,0.0,697.9449375,0.0,0.0,0.0,0.0,0.0,0.0,0.0,0.0,0.0
40,40,614.4614375,0.0,678.2164375,0.0,0.0,694.4795,0.0,0.0,0.0,0.0,0.0,0.0,0.0,0.0,0.0
41,41,614.60575,0.0,680.29675,0.0,0.0,691.0670625,0.0,0.0,0.0,0.0,0.0,0.0,0.0,0.0,0.0
42,42,614.82925,0.0,682.442625,0.0,0.0,687.7084375,0.0,0.0,0.0,0.0,0.0,0.0,0.0,0.0,0.0
43,43,615.1318125,0.0,684.6534375,0.0,0.0,684.404375,813.34125,0.0,0.0,0.0,0.0,0.0,0.0,0.0,0.0
44,44,615.5133125,0.0,686.9285,0.0,0.0,681.1556875,808.984125,0.0,0.0,0.0,0.0,0.0,0.0,0.0,0.0
45,45,615.9736875,0.0,689.267125,0.0,0.0,677.9631875,804.6641875,0.0,0.0,0.0,0.0,0.0,0.0,0.0,0.0
46,46,616.512625,0.0,691.6688125,0.0,0.0,674.8276875,800.3820625,0.0,0.0,0.0,0.0,0.0,0.0,0.0,0.0
47,47,617.13,0.0,694.1328125,0.0,0.0,671.7499375,796.138375,0.0,0.0,0.0,0.0,0.0,0.0,0.0,0.0
48,48,617.8255625,0.0,696.6585,0.0,0.0,668.7308125,791.9336875,0.0,0.0,0.0,0.0,0.0,0.0,0.0,0.0
49,49,618.5990625,0.0,699.245125,0.0,0.0,665.7710625,787.76875,0.0,0.0,0.0,0.0,0.0,0.0,0.0,0.0
50,50,619.4501875,0.0,701.892125,0.0,0.0,662.8714375,783.6440625,0.0,0.0,0.0,0.0,0.0,0.0,0.0,0.0
51,51,620.378625,0.0,704.59875,0.0,0.0,660.032875,779.560375,0.0,0.0,0.0,0.0,0.0,0.0,0.0,0.0
52,52,621.384,0.0,707.36425,0.0,0.0,657.2560625,775.51825,0.0,0.0,0.0,0.0,0.0,0.0,0.0,0.0
53,53,622.466,0.0,710.1880625,0.0,0.0,654.5418125,771.518375,0.0,0.0,0.0,0.0,0.0,0.0,0.0,0.0
54,54,623.624125,0.0,713.0694375,0.0,0.0,651.8909375,767.5615,0.0,0.0,0.0,0.0,0.0,0.0,0.0,0.0
55,55,624.8580625,0.0,716.0076875,0.0,0.0,649.3041875,763.6481875,0.0,0.0,0.0,0.0,0.0,0.0,0.0,0.0
56,56,626.16725,0.0,719.0020625,0.0,0.0,646.782375,759.7791875,0.0,0.0,0.0,0.0,0.0,0.0,0.0,0.0
57,57,627.5513125,0.0,722.0519375,0.0,0.0,644.3261875,755.955125,0.0,0.0,0.0,0.0,0.0,0.0,0.0,0.0
58,58,629.00975,0.0,725.1565625,0.0,0.0,641.9364375,752.1766875,0.0,0.0,0.0,0.0,0.0,0.0,0.0,0.0
59,59,630.5419375,0.0,728.3151875,0.0,0.0,639.613875,748.4446875,0.0,0.0,0.0,0.0,0.0,0.0,0.0,0.0
60,60,632.1474375,0.0,731.5271875,0.0,0.0,637.3591875,744.7596875,0.0,0.0,0.0,0.0,0.0,0.0,0.0,0.0
61,61,633.8256875,0.0,734.791875,0.0,0.0,635.1731875,741.1224375,0.0,0.0,0.0,0.0,0.0,0.0,0.0,0.0
62,62,635.5760625,0.0,738.1084375,0.0,0.0,633.0565,737.5336875,0.0,0.0,0.0,0.0,0.0,0.0,0.0,0.0
63,63,637.398,0.0,741.4763125,0.0,0.0,631.0099375,733.9940625,0.0,0.0,0.0,0.0,0.0,0.0,0.0,0.0
64,64,639.2908125,0.0,744.8946875,0.0,0.0,629.0340625,730.504375,0.0,0.0,0.0,0.0,0.0,0.0,0.0,0.0
65,65,641.254,0.0,748.3629375,0.0,0.0,627.1295625,727.065375,0.0,0.0,0.0,0.0,0.0,0.0,0.0,0.0
66,66,643.2868125,0.0,751.8803125,0.0,0.0,625.2971875,723.677625,0.0,0.0,0.0,0.0,0.0,0.0,0.0,0.0
67,67,645.388625,0.0,755.4461875,0.0,0.0,623.5375,720.342,0.0,0.0,0.0,0.0,0.0,0.0,0.0,0.0
68,68,647.55875,0.0,759.0598125,0.0,0.0,621.8511875,717.0591875,0.0,0.0,0.0,0.0,0.0,0.0,0.0,0.0
69,69,649.7965,0.0,762.7205,0.0,0.0,620.23875,713.8299375,0.0,0.0,0.0,0.0,0.0,0.0,0.0,0.0
70,70,652.1011875,0.0,766.4276875,0.0,0.0,618.7008125,710.6549375,0.0,0.0,0.0,0.0,0.0,0.0,0.0,0.0
71,71,654.4720625,0.0,770.1805625,0.0,0.0,617.238,707.5349375,0.0,0.0,0.0,0.0,0.0,0.0,0.0,0.0
72,72,656.9085,0.0,773.9785,0.0,0.0,615.85075,704.4706875,0.0,0.0,0.0,0.0,0.0,0.0,0.0,0.0
73,73,659.4096875,0.0,777.8208125,0.0,0.0,614.539625,701.4629375,0.0,0.0,0.0,0.0,0.0,0.0,0.0,0.0
74,74,661.9749375,0.0,781.7069375,0.0,0.0,613.305125,698.512375,0.0,0.0,0.0,0.0,0.0,0.0,0.0,0.0
75,75,664.6034375,0.0,785.636125,0.0,0.0,612.147625,695.6198125,0.0,0.0,0.0,0.0,0.0,0.0,0.0,0.0
76,76,667.2945,0.0,789.60775,0.0,0.0,611.0676875,692.785875,0.0,0.0,0.0,0.0,0.0,0.0,0.0,0.0
77,77,670.0473125,0.0,793.62125,0.0,0.0,610.0656875,690.0113125,0.0,0.0,0.0,0.0,0.0,0.0,0.0,0.0
78,78,672.8611875,0.0,797.6758125,0.0,0.0,609.142,687.296875,0.0,0.0,0.0,0.0,0.0,0.0,0.0,0.0
79,79,675.7353125,0.0,801.771,0.0,0.0,608.297,684.6433125,0.0,0.0,0.0,0.0,0.0,0.0,0.0,0.0
80,80,678.668875,0.0,805.9060625,0.0,0.0,607.531,682.05125,0.0,0.0,0.0,0.0,0.0,0.0,0.0,0.0
81,81,681.6611875,0.0,810.0804375,0.0,0.0,606.84425,679.5215,0.0,0.0,0.0,0.0,0.0,0.0,0.0,0.0
82,82,684.7114375,0.0,814.2935,0.0,0.0,606.237125,677.0546875,0.0,0.0,0.0,0.0,0.0,0.0,0.0,0.0
83,83,687.818875,0.0,0.0,0.0,0.0,605.7098125,674.6515,0.0,0.0,0.0,0.0,0.0,0.0,0.0,0.0
84,84,690.9826875,0.0,0.0,0.0,0.0,605.2625,672.3126875,0.0,0.0,0.0,0.0,0.0,0.0,0.0,0.0
85,85,694.202125,0.0,0.0,0.0,0.0,604.895375,670.038875,0.0,0.0,0.0,0.0,0.0,0.0,0.0,0.0
86,86,697.476375,0.0,0.0,0.0,0.0,604.608625,667.83075,0.0,0.0,0.0,0.0,0.0,0.0,0.0,0.0
87,87,700.8046875,0.0,0.0,0.0,0.0,604.4023125,665.6889375,0.0,0.0,0.0,0.0,0.0,0.0,0.0,0.0
88,88,704.1863125,0.0,0.0,0.0,0.0,604.2765625,663.614125,0.0,0.0,0.0,0.0,0.0,0.0,0.0,0.0
89,89,707.6205,0.0,0.0,0.0,0.0,604.2314375,661.6069375,0.0,0.0,0.0,0.0,0.0,0.0,0.0,0.0
90,90,711.106375,0.0,0.0,0.0,0.0,604.2669375,659.6679375,0.0,0.0,0.0,0.0,0.0,0.0,0.0,0.0
91,91,714.6433125,0.0,0.0,0.0,0.0,604.383,657.7978125,0.0,0.0,0.0,0.0,0.0,0.0,0.0,0.0
92,92,718.2305,0.0,0.0,0.0,0.0,604.579625,655.997125,0.0,0.0,0.0,0.0,0.0,0.0,0.0,0.0
93,93,721.867125,0.0,0.0,0.0,0.0,604.85675,654.2664375,0.0,0.0,0.0,0.0,0.0,0.0,0.0,0.0
94,94,725.5525625,0.0,0.0,0.0,0.0,605.21425,652.6063125,0.0,0.0,0.0,0.0,0.0,0.0,0.0,0.0
95,95,729.2859375,0.0,0.0,0.0,0.0,605.6519375,651.01725,0.0,0.0,0.0,0.0,0.0,0.0,0.0,0.0
96,96,733.0665625,0.0,0.0,0.0,0.0,606.1696875,649.499875,0.0,0.0,0.0,0.0,0.0,0.0,0.0,0.0
97,97,736.89375,0.0,0.0,0.0,0.0,606.7673125,648.0545625,0.0,0.0,0.0,0.0,0.0,0.0,0.0,0.0
98,98,740.76675,0.0,0.0,0.0,0.0,607.4445625,646.6819375,0.0,0.0,0.0,0.0,0.0,0.0,0.0,0.0
99,99,744.6848125,0.0,0.0,0.0,0.0,608.201125,645.382375,0.0,0.0,0.0,0.0,0.0,0.0,0.0,0.0
100,100,748.64725,0.0,0.0,0.0,0.0,609.03675,644.1563125,0.0,0.0,0.0,0.0,0.0,0.0,0.0,0.0
101,101,752.6533125,0.0,0.0,0.0,0.0,609.951125,643.00425,0.0,0.0,0.0,0.0,0.0,0.0,0.0,0.0
102,102,756.702375,0.0,0.0,0.0,0.0,610.9438125,641.9265,816.4153125,0.0,0.0,0.0,0.0,0.0,0.0,0.0
103,103,760.79375,0.0,0.0,0.0,0.0,612.0145625,640.9235,811.3278125,0.0,0.0,0.0,0.0,0.0,0.0,0.0
104,104,764.9266875,0.0,0.0,0.0,0.0,613.1628125,639.9955,806.2686875,0.0,0.0,0.0,0.0,0.0,0.0,0.0
105,105,769.1005,0.0,0.0,0.0,0.0,614.3883125,639.143,801.2384375,0.0,0.0,0.0,0.0,0.0,0.0,0.0
106,106,773.314625,0.0,0.0,0.0,0.0,615.6904375,638.366125,796.2376875,0.0,0.0,0.0,0.0,0.0,0.0,0.0
107,107,777.5683125,0.0,0.0,0.0,0.0,617.06875,637.6653125,791.2669375,0.0,0.0,0.0,0.0,0.0,0.0,0.0
108,108,781.8609375,0.0,0.0,0.0,0.0,618.52275,637.0406875,786.32675,0.0,0.0,0.0,0.0,0.0,0.0,0.0
109,109,786.1918125,0.0,0.0,0.0,0.0,620.0519375,636.4925625,781.41775,816.25475,0.0,0.0,0.0,0.0,0.0,0.0
110,110,790.560375,0.0,0.0,0.0,0.0,621.6556875,636.0210625,776.5405625,814.439125,0.0,0.0,0.0,0.0,0.0,0.0
111,111,794.966,0.0,0.0,0.0,0.0,623.3334375,635.626375,771.69575,812.6789375,0.0,0.0,0.0,0.0,0.0,0.0
112,112,799.4080625,0.0,0.0,0.0,0.0,625.0846875,635.3086875,766.884,810.9744375,0.0,0.0,0.0,0.0,0.0,0.0
113,113,803.885875,0.0,0.0,0.0,0.0,626.9086875,635.068125,762.1058125,809.326125,0.0,0.0,0.0,0.0,0.0,0.0
114,114,808.398875,0.0,0.0,0.0,0.0,628.804875,634.9046875,757.3619375,807.7343125,0.0,0.0,0.0,0.0,0.0,0.0
115,115,812.9465625,0.0,0.0,0.0,0.0,630.7725625,634.8185,752.653,806.19925,0.0,0.0,0.0,0.0,0.0,0.0
116,116,817.52825,0.0,0.0,0.0,0.0,632.811125,634.809625,747.979625,804.721375,0.0,0.0,0.0,0.0,0.0,0.0
117,117,0.0,0.0,0.0,0.0,0.0,634.919875,634.878,743.3425625,803.300875,0.0,0.0,0.0,0.0,0.0,0.0
118,118,0.0,0.0,0.0,0.0,0.0,637.0980625,635.023625,738.7425,801.9381875,0.0,0.0,0.0,0.0,0.0,0.0
119,119,0.0,0.0,0.0,0.0,0.0,639.3450625,635.246375,734.1800625,800.6335625,0.0,0.0,0.0,0.0,0.0,0.0
120,120,0.0,0.0,0.0,0.0,0.0,641.66,635.5463125,729.656,799.3873125,0.0,0.0,0.0,0.0,0.0,0.0
121,121,0.0,0.0,0.0,0.0,0.0,644.0423125,635.92325,725.171,798.199625,0.0,0.0,0.0,0.0,0.0,0.0
122,122,0.0,0.0,0.0,0.0,0.0,646.491125,636.3770625,720.7259375,797.0708125,0.0,0.0,0.0,0.0,0.0,0.0
123,123,0.0,0.0,0.0,0.0,0.0,649.00575,636.9075,716.321375,796.001125,0.0,0.0,0.0,0.0,0.0,0.0
124,124,0.0,0.0,0.0,0.0,0.0,651.5854375,637.5145,711.9581875,794.9908125,0.0,0.0,0.0,0.0,0.0,0.0
125,125,0.0,0.0,0.0,0.0,0.0,654.229375,638.1978125,707.637125,794.040125,0.0,0.0,0.0,0.0,0.0,0.0
126,126,0.0,0.0,0.0,0.0,0.0,656.93675,638.957125,703.358875,793.1491875,815.384875,0.0,0.0,0.0,0.0,0.0
127,127,0.0,0.0,0.0,0.0,0.0,659.706875,639.79225,699.124375,792.3183125,810.2683125,0.0,0.0,0.0,0.0,0.0
128,128,0.0,0.0,0.0,0.0,0.0,662.538875,640.7028125,694.934375,791.547625,805.1796875,0.0,0.0,0.0,0.0,0.0
129,129,0.0,0.0,0.0,0.0,0.0,665.432,641.6885625,690.7896875,790.8373125,800.119625,0.0,0.0,0.0,0.0,0.0
130,130,0.0,0.0,0.0,0.0,0.0,668.3854375,642.7490625,686.6910625,790.1875,795.0886875,0.0,0.0,0.0,0.0,0.0
131,131,0.0,0.0,0.0,0.0,0.0,671.3984375,643.8840625,682.6395,789.5984375,790.087375,0.0,0.0,0.0,0.0,0.0
132,132,0.0,0.0,0.0,0.0,0.0,674.470125,645.0930625,678.6356875,789.070125,785.1163125,0.0,0.0,0.0,0.0,0.0
133,133,0.0,0.0,0.0,0.0,0.0,677.59975,646.3756875,674.6805,788.6028125,780.176,0.0,0.0,0.0,0.0,0.0
134,134,0.0,0.0,0.0,0.0,0.0,680.7864375,647.7315,670.7749375,788.1965625,775.267125,0.0,0.0,0.0,0.0,0.0
135,135,0.0,0.0,0.0,0.0,0.0,684.0295,649.1600625,666.91975,787.8514375,770.39025,0.0,0.0,0.0,0.0,0.0
136,136,0.0,0.0,0.0,0.0,0.0,687.3280625,650.660875,663.1158125,787.5675625,765.5460625,0.0,0.0,0.0,0.0,0.0
137,137,0.0,0.0,0.0,0.0,0.0,690.681375,652.233375,659.3640625,787.3449375,760.7350625,0.0,0.0,0.0,0.0,0.0
138,138,0.0,0.0,0.0,0.0,0.0,694.0885625,653.877125,655.6654375,787.1836875,755.9579375,0.0,0.0,0.0,0.0,0.0
139,139,0.0,0.0,0.0,0.0,0.0,697.548875,655.5915625,652.0208125,787.0838125,751.215375,0.0,0.0,0.0,0.0,0.0
140,140,0.0,0.0,0.0,0.0,0.0,701.0615625,657.3761875,648.4310625,787.045375,746.508,0.0,0.0,0.0,0.0,0.0
141,141,0.0,0.0,0.0,0.0,0.0,704.62575,659.2303125,644.897125,787.0683125,741.8365625,0.0,0.0,0.0,0.0,0.0
142,142,0.0,0.0,0.0,0.0,0.0,708.24075,661.153375,641.42,787.1526875,737.201625,0.0,0.0,0.0,0.0,0.0
143,143,0.0,0.0,0.0,0.0,0.0,711.90575,663.144875,638.0005,787.2984375,732.604,0.0,0.0,0.0,0.0,0.0
144,144,0.0,0.0,0.0,0.0,0.0,715.6199375,665.204125,634.6396875,787.5055625,728.044375,0.0,0.0,0.0,0.0,0.0
145,145,0.0,0.0,0.0,0.0,0.0,719.3825625,667.3305,631.338375,787.774,723.5234375,0.0,0.0,0.0,0.0,0.0
146,146,0.0,0.0,0.0,0.0,0.0,723.1929375,669.5233125,628.097625,788.103625,719.041875,0.0,0.0,0.0,0.0,0.0
147,147,0.0,0.0,0.0,0.0,0.0,727.05025,671.782,624.9183125,788.4944375,714.6005625,0.0,0.0,0.0,0.0,0.0
148,148,0.0,0.0,0.0,0.0,0.0,730.95375,674.1058125,621.801375,788.946375,710.2001875,0.0,0.0,0.0,0.0,0.0
149,149,0.0,0.0,0.0,0.0,0.0,734.9026875,676.494125,618.7478125,789.4591875,705.8415,0.0,0.0,0.0,0.0,0.0
150,150,0.0,0.0,0.0,0.0,0.0,738.896375,678.94625,615.7585,790.032875,701.5253125,0.0,0.0,0.0,0.0,0.0
151,151,0.0,0.0,0.0,0.0,0.0,742.934,681.4615,612.8344375,790.6673125,697.252375,0.0,0.0,0.0,0.0,0.0
152,152,0.0,0.0,0.0,0.0,0.0,747.0149375,684.0391875,609.9765625,791.3623125,693.0235625,0.0,0.0,0.0,0.0,0.0
153,153,0.0,0.0,0.0,0.0,0.0,751.1385,686.6785625,607.1858125,792.1176875,688.8396875,0.0,0.0,0.0,0.0,0.0
154,154,0.0,0.0,0.0,0.0,0.0,755.303875,689.378875,604.463125,792.93325,684.7015625,0.0,0.0,0.0,0.0,0.0
155,155,0.0,0.0,0.0,0.0,0.0,759.5104375,692.1395625,601.809375,793.8089375,680.6099375,0.0,0.0,0.0,0.0,0.0
156,156,0.0,0.0,0.0,0.0,0.0,763.7575,694.95975,599.2255625,794.744375,676.5658125,0.0,0.0,0.0,0.0,0.0
157,157,0.0,0.0,0.0,0.0,0.0,768.044375,697.8388125,596.7125625,795.7395,672.5699375,0.0,0.0,0.0,0.0,0.0
158,158,0.0,0.0,0.0,0.0,0.0,772.370375,700.7759375,594.27125,796.7940625,668.6231875,0.0,0.0,0.0,0.0,0.0
159,159,0.0,0.0,0.0,0.0,0.0,776.7349375,703.7705,591.9025,797.90775,664.7265,0.0,0.0,0.0,0.0,0.0
160,160,0.0,0.0,0.0,0.0,0.0,781.13725,706.8216875,589.60725,799.0803125,660.88075,0.0,0.0,0.0,0.0,0.0
161,161,0.0,0.0,0.0,0.0,0.0,785.5768125,709.92875,587.386375,800.3115625,657.0868125,0.0,0.0,0.0,0.0,0.0
162,162,0.0,0.0,0.0,0.0,0.0,790.0529375,713.091,585.2406875,801.60125,653.3455625,0.0,0.0,0.0,0.0,0.0
163,163,0.0,0.0,0.0,0.0,0.0,794.565,716.3076875,583.171,802.949,649.658,0.0,0.0,0.0,0.0,0.0
164,164,0.0,0.0,0.0,0.0,0.0,799.1124375,719.578125,581.178125,804.3545,646.025,0.0,0.0,0.0,0.0,0.0
165,165,0.0,0.0,0.0,0.0,0.0,803.6945625,722.9015,579.2629375,805.8175625,642.4474375,0.0,0.0,0.0,0.0,0.0
166,166,0.0,0.0,0.0,0.0,0.0,808.3108125,726.2770625,577.426125,807.3378125,638.926375,0.0,0.0,0.0,0.0,0.0
167,167,0.0,0.0,0.0,0.0,0.0,812.960625,729.70425,575.6685,808.9149375,635.462625,0.0,0.0,0.0,0.0,0.0
168,168,0.0,0.0,0.0,0.0,0.0,0.0,733.182125,573.99075,810.5485625,632.05725,0.0,0.0,0.0,0.0,0.0
169,169,0.0,0.0,0.0,0.0,0.0,0.0,736.710125,572.3935625,812.238375,628.711125,0.0,0.0,0.0,0.0,0.0
170,170,0.0,0.0,0.0,0.0,0.0,0.0,740.2874375,570.8776875,813.984,625.4251875,0.0,0.0,0.0,0.0,0.0
171,171,0.0,0.0,0.0,0.0,0.0,0.0,743.9134375,569.44375,815.785125,622.2005,0.0,0.0,0.0,0.0,0.0
172,172,0.0,0.0,0.0,0.0,0.0,0.0,747.5873125,568.0923125,817.6413125,619.037875,0.0,0.0,0.0,0.0,0.0
173,173,0.0,0.0,0.0,0.0,0.0,0.0,751.308375,566.8240625,0.0,615.938375,0.0,0.0,0.0,0.0,0.0
174,174,0.0,0.0,0.0,0.0,0.0,0.0,755.076,565.6395,0.0,612.903,0.0,0.0,0.0,0.0,0.0
175,175,0.0,0.0,0.0,0.0,0.0,0.0,758.889375,564.5391875,0.0,609.9325625,0.0,0.0,0.0,0.0,0.0
176,176,0.0,0.0,0.0,0.0,0.0,0.0,762.7479375,563.5235625,0.0,607.028125,0.0,0.0,0.0,0.0,0.0
177,177,0.0,0.0,0.0,0.0,0.0,0.0,766.650875,562.593125,0.0,604.190625,0.0,0.0,0.0,0.0,0.0
178,178,0.0,0.0,0.0,0.0,0.0,0.0,770.597625,561.7483125,0.0,601.4210625,0.0,0.0,0.0,0.0,0.0
179,179,0.0,0.0,0.0,0.0,0.0,0.0,774.587375,560.9895,0.0,598.72025,0.0,0.0,0.0,0.0,0.0
180,180,0.0,0.0,0.0,0.0,0.0,0.0,778.619625,560.3170625,0.0,596.08925,0.0,0.0,0.0,0.0,0.0
181,181,0.0,0.0,0.0,0.0,0.0,0.0,782.6935625,559.73125,0.0,593.528875,0.0,0.0,0.0,0.0,0.0
182,182,0.0,0.0,0.0,0.0,0.0,0.0,786.808625,559.232375,0.0,591.0401875,0.0,0.0,0.0,0.0,0.0
183,183,0.0,0.0,0.0,0.0,0.0,0.0,790.9641875,558.8206875,0.0,588.624,0.0,0.0,0.0,0.0,0.0
184,184,0.0,0.0,0.0,0.0,0.0,0.0,795.1595,558.4963125,0.0,586.28125,0.0,0.0,0.0,0.0,0.0
185,185,0.0,0.0,0.0,0.0,0.0,0.0,799.394,558.2595,0.0,584.0128125,0.0,0.0,0.0,0.0,0.0
186,186,0.0,0.0,0.0,0.0,0.0,0.0,803.667125,558.1103125,0.0,581.8195625,0.0,0.0,0.0,0.0,0.0
187,187,0.0,0.0,0.0,0.0,0.0,0.0,807.978125,558.0488125,0.0,579.7023125,0.0,0.0,0.0,0.0,0.0
188,188,0.0,0.0,0.0,0.0,0.0,0.0,812.3265,558.075,0.0,577.662,0.0,0.0,0.0,0.0,0.0
189,189,0.0,0.0,0.0,0.0,0.0,0.0,816.711625,558.1889375,0.0,575.6993125,0.0,0.0,0.0,0.0,0.0
190,190,0.0,0.0,0.0,0.0,0.0,0.0,0.0,558.3905625,0.0,573.8151875,0.0,0.0,0.0,0.0,0.0
191,191,0.0,0.0,0.0,0.0,0.0,0.0,0.0,558.67975,0.0,572.0103125,0.0,0.0,0.0,0.0,0.0
192,192,0.0,0.0,0.0,0.0,0.0,0.0,0.0,559.0563125,0.0,570.2854375,0.0,0.0,0.0,0.0,0.0
193,193,0.0,0.0,0.0,0.0,0.0,0.0,0.0,559.5201875,0.0,568.641375,0.0,0.0,0.0,0.0,0.0
194,194,0.0,0.0,0.0,0.0,0.0,0.0,0.0,560.0710625,0.0,567.0786875,0.0,0.0,0.0,0.0,0.0
195,195,0.0,0.0,0.0,0.0,0.0,0.0,0.0,560.70875,0.0,565.5981875,0.0,0.0,0.0,0.0,0.0
196,196,0.0,0.0,0.0,0.0,0.0,0.0,0.0,561.432875,0.0,564.2005,0.0,0.0,0.0,0.0,0.0
197,197,0.0,0.0,0.0,0.0,0.0,0.0,0.0,562.2431875,0.0,562.8861875,0.0,0.0,0.0,0.0,0.0
198,198,0.0,0.0,0.0,0.0,0.0,0.0,0.0,563.13925,0.0,561.655875,0.0,0.0,0.0,0.0,0.0
199,199,0.0,0.0,0.0,0.0,0.0,0.0,0.0,564.1206875,0.0,560.5100625,0.0,0.0,0.0,0.0,0.0
200,200,0.0,0.0,0.0,0.0,0.0,0.0,0.0,565.1870625,0.0,559.449375,0.0,0.0,0.0,0.0,0.0
201,201,0.0,0.0,0.0,0.0,0.0,0.0,0.0,566.337875,0.0,558.4741875,0.0,0.0,0.0,0.0,0.0
202,202,0.0,0.0,0.0,0.0,0.0,0.0,0.0,567.572625,0.0,557.585,0.0,0.0,0.0,0.0,0.0
203,203,0.0,0.0,0.0,0.0,0.0,0.0,0.0,568.89075,0.0,556.78225,0.0,0.0,0.0,0.0,0.0
204,204,0.0,0.0,0.0,0.0,0.0,0.0,0.0,570.2916875,0.0,556.06625,0.0,0.0,0.0,0.0,0.0
205,205,0.0,0.0,0.0,0.0,0.0,0.0,0.0,571.7748125,0.0,555.4374375,0.0,0.0,0.0,0.0,0.0
206,206,0.0,0.0,0.0,0.0,0.0,0.0,0.0,573.3394375,0.0,554.896,0.0,0.0,0.0,0.0,0.0
207,207,0.0,0.0,0.0,0.0,0.0,0.0,0.0,574.985,0.0,554.4421875,0.0,0.0,0.0,0.0,0.0
208,208,0.0,0.0,0.0,0.0,0.0,0.0,0.0,576.71075,0.0,554.0763125,816.2195,0.0,0.0,0.0,0.0
209,209,0.0,0.0,0.0,0.0,0.0,0.0,0.0,578.5159375,0.0,553.7985,813.14025,0.0,0.0,0.0,0.0
210,210,0.0,0.0,0.0,0.0,0.0,0.0,0.0,580.399875,0.0,553.6089375,810.1090625,0.0,0.0,0.0,0.0
211,211,0.0,0.0,0.0,0.0,0.0,0.0,0.0,582.36175,0.0,553.5075625,807.1263125,0.0,0.0,0.0,0.0
212,212,0.0,0.0,0.0,0.0,0.0,0.0,0.0,584.400875,0.0,553.4945625,804.1926875,0.0,0.0,0.0,0.0
213,213,0.0,0.0,0.0,0.0,0.0,0.0,0.0,586.5163125,0.0,553.5699375,801.3086875,0.0,0.0,0.0,0.0
214,214,0.0,0.0,0.0,0.0,0.0,0.0,0.0,588.70725,0.0,553.7335625,798.4748125,0.0,0.0,0.0,0.0
215,215,0.0,0.0,0.0,0.0,0.0,0.0,0.0,590.9729375,0.0,553.9854375,795.6916875,0.0,0.0,0.0,0.0
216,216,0.0,0.0,0.0,0.0,0.0,0.0,0.0,593.3125,0.0,554.3254375,792.95975,0.0,0.0,0.0,0.0
217,217,0.0,0.0,0.0,0.0,0.0,0.0,0.0,595.725,0.0,554.753375,790.279625,0.0,0.0,0.0,0.0
218,218,0.0,0.0,0.0,0.0,0.0,0.0,0.0,598.2095625,0.0,555.269,787.65175,0.0,0.0,0.0,0.0
219,219,0.0,0.0,0.0,0.0,0.0,0.0,0.0,600.765375,0.0,555.872125,785.07675,0.0,0.0,0.0,0.0
220,220,0.0,0.0,0.0,0.0,0.0,0.0,0.0,603.3914375,0.0,556.5625,782.5550625,816.4453125,0.0,0.0,0.0
221,221,0.0,0.0,0.0,0.0,0.0,0.0,0.0,606.0868125,0.0,557.33975,780.08725,812.7199375,0.0,0.0,0.0
222,222,0.0,0.0,0.0,0.0,0.0,0.0,0.0,608.8506875,0.0,558.2035,777.673875,809.037875,0.0,0.0,0.0
223,223,0.0,0.0,0.0,0.0,0.0,0.0,0.0,611.6820625,0.0,559.1533125,775.315375,805.3998125,0.0,0.0,0.0
224,224,0.0,0.0,0.0,0.0,0.0,0.0,0.0,614.58,0.0,560.188875,773.01225,801.8063125,0.0,0.0,0.0
225,225,0.0,0.0,0.0,0.0,0.0,0.0,0.0,617.543625,0.0,561.309625,770.7650625,798.258,0.0,0.0,0.0
226,226,0.0,0.0,0.0,0.0,0.0,0.0,0.0,620.571875,0.0,562.5150625,768.5743125,794.7555,0.0,0.0,0.0
227,227,0.0,0.0,0.0,0.0,0.0,0.0,0.0,623.663875,0.0,563.804625,766.4404375,791.2994375,0.0,0.0,0.0
228,228,0.0,0.0,0.0,0.0,0.0,0.0,0.0,626.8186875,0.0,565.17775,764.363875,787.8903125,0.0,0.0,0.0
229,229,0.0,0.0,0.0,0.0,0.0,0.0,0.0,630.035375,0.0,566.6338125,762.34525,784.528875,0.0,0.0,0.0
230,230,0.0,0.0,0.0,0.0,0.0,0.0,0.0,633.313,0.0,568.1721875,760.384875,781.2156875,0.0,0.0,0.0
231,231,0.0,0.0,0.0,0.0,0.0,0.0,0.0,636.6505,0.0,569.79225,758.48325,777.9514375,0.0,0.0,0.0
232,232,0.0,0.0,0.0,0.0,0.0,0.0,0.0,640.0470625,0.0,571.49325,756.6408125,774.736625,0.0,0.0,0.0
233,233,0.0,0.0,0.0,0.0,0.0,0.0,0.0,643.50175,0.0,573.2745,754.8580625,771.5719375,0.0,0.0,0.0
234,234,0.0,0.0,0.0,0.0,0.0,0.0,0.0,647.0135625,0.0,575.1351875,753.135375,768.458,0.0,0.0,0.0
235,235,0.0,0.0,0.0,0.0,0.0,0.0,0.0,650.5815625,0.0,577.074625,751.473125,765.3954375,0.0,0.0,0.0
236,236,0.0,0.0,0.0,0.0,0.0,0.0,0.0,654.204875,0.0,579.0919375,749.8718125,762.384875,0.0,0.0,0.0
237,237,0.0,0.0,0.0,0.0,0.0,0.0,0.0,657.8825625,0.0,581.186375,748.33175,759.426875,0.0,0.0,0.0
238,238,0.0,0.0,0.0,0.0,0.0,0.0,0.0,661.61375,0.0,583.3570625,746.853375,756.5221875,0.0,0.0,0.0
239,239,0.0,0.0,0.0,0.0,0.0,0.0,0.0,665.3975,0.0,585.6031875,745.437,753.67125,815.808625,0.0,0.0
240,240,0.0,0.0,0.0,0.0,0.0,0.0,0.0,669.232875,0.0,587.9238125,744.083,750.874875,811.5584375,0.0,0.0
241,241,0.0,0.0,0.0,0.0,0.0,0.0,0.0,673.1190625,0.0,590.318125,742.79175,748.1335,807.3459375,0.0,0.0
242,242,0.0,0.0,0.0,0.0,0.0,0.0,0.0,677.0551875,0.0,592.78525,741.5635625,745.447875,803.17175,0.0,0.0
243,243,0.0,0.0,0.0,0.0,0.0,0.0,0.0,681.0403125,0.0,595.3241875,740.3988125,742.8185625,799.0365,0.0,0.0
244,244,0.0,0.0,0.0,0.0,0.0,0.0,0.0,685.073625,0.0,597.934125,739.2976875,740.246125,794.9408125,0.0,0.0
245,245,0.0,0.0,0.0,0.0,0.0,0.0,0.0,689.15425,0.0,600.6140625,738.2605,737.7311875,790.88525,0.0,0.0
246,246,0.0,0.0,0.0,0.0,0.0,0.0,0.0,693.281375,0.0,603.3630625,737.2875625,735.2743125,786.8704375,0.0,0.0
247,247,0.0,0.0,0.0,0.0,0.0,0.0,0.0,697.454125,0.0,606.1801875,736.379125,732.876125,782.8970625,0.0,0.0
248,248,0.0,0.0,0.0,0.0,0.0,0.0,0.0,701.67175,0.0,609.0645,735.5354375,730.53725,778.96575,0.0,0.0
249,249,0.0,0.0,0.0,0.0,0.0,0.0,0.0,705.933375,0.0,612.0150625,734.7566875,728.2581875,775.077125,0.0,0.0
250,250,0.0,0.0,0.0,0.0,0.0,0.0,0.0,710.23825,0.0,615.0309375,734.043125,726.0395,771.2318125,0.0,0.0
251,251,0.0,0.0,0.0,0.0,0.0,0.0,0.0,714.5855625,0.0,618.1110625,733.3949375,723.8818125,767.4305,0.0,0.0
252,252,0.0,0.0,0.0,0.0,0.0,0.0,0.0,718.9745625,0.0,621.2545625,732.81225,721.7855625,763.673875,0.0,0.0
253,253,0.0,0.0,0.0,0.0,0.0,0.0,0.0,723.4044375,0.0,624.4605,732.29525,719.7514375,759.9625625,0.0,0.0
254,254,0.0,0.0,0.0,0.0,0.0,0.0,0.0,727.8745,0.0,627.727875,731.8440625,717.7798125,756.2971875,0.0,0.0
255,255,0.0,0.0,0.0,0.0,0.0,0.0,0.0,732.384,0.0,631.0556875,731.458875,715.8713125,752.6785,0.0,0.0
256,256,0.0,0.0,0.0,0.0,0.0,0.0,0.0,736.932125,0.0,634.443,731.13975,714.0264375,749.1071875,0.0,0.0
257,257,0.0,0.0,0.0,0.0,0.0,0.0,0.0,741.5183125,0.0,637.8889375,730.88675,712.2456875,745.5839375,0.0,0.0
258,258,0.0,0.0,0.0,0.0,0.0,0.0,0.0,746.1416875,0.0,641.3925,730.6999375,710.5295,742.1093125,0.0,0.0
259,259,0.0,0.0,0.0,0.0,0.0,0.0,0.0,750.8016875,0.0,644.9526875,730.5794375,708.8783125,738.6841875,0.0,0.0
260,260,0.0,0.0,0.0,0.0,0.0,0.0,0.0,755.4975625,0.0,648.5686875,730.52525,707.2926875,735.309125,0.0,0.0
261,261,0.0,0.0,0.0,0.0,0.0,0.0,0.0,760.228625,0.0,652.2394375,730.537375,705.773,731.984875,0.0,0.0
262,262,0.0,0.0,0.0,0.0,0.0,0.0,0.0,764.99425,0.0,655.964125,730.61575,704.31975,728.7120625,0.0,0.0
263,263,0.0,0.0,0.0,0.0,0.0,0.0,0.0,769.793875,0.0,659.74175,730.7605,702.93325,725.4915,0.0,0.0
264,264,0.0,0.0,0.0,0.0,0.0,0.0,0.0,774.6266875,0.0,663.5714375,730.9714375,701.6139375,722.323875,0.0,0.0
265,265,0.0,0.0,0.0,0.0,0.0,0.0,0.0,779.49225,0.0,667.45225,731.248625,700.3621875,719.20975,0.0,0.0
266,266,0.0,0.0,0.0,0.0,0.0,0.0,0.0,784.38975,0.0,671.383375,731.5919375,699.1784375,716.15,0.0,0.0
267,267,0.0,0.0,0.0,0.0,0.0,0.0,0.0,789.31875,0.0,675.363875,732.00125,698.0629375,713.14525,0.0,0.0
268,268,0.0,0.0,0.0,0.0,0.0,0.0,0.0,794.278625,0.0,679.392875,732.4765,697.0160625,710.1961875,0.0,0.0
269,269,0.0,0.0,0.0,0.0,0.0,0.0,0.0,799.26875,0.0,683.4695625,733.0175,696.0380625,707.3035625,0.0,0.0
270,270,0.0,0.0,0.0,0.0,0.0,0.0,0.0,804.2885625,0.0,687.593,733.6241875,695.129375,704.468,0.0,0.0
271,271,0.0,0.0,0.0,0.0,0.0,0.0,0.0,809.3375625,0.0,691.762375,734.296375,694.290125,701.69025,0.0,0.0
272,272,0.0,0.0,0.0,0.0,0.0,0.0,0.0,814.415125,0.0,695.9769375,735.033875,693.520625,698.971,0.0,0.0
273,273,0.0,0.0,0.0,0.0,0.0,0.0,0.0,0.0,0.0,700.23575,735.8364375,692.821125,696.310875,0.0,0.0
274,274,0.0,0.0,0.0,0.0,0.0,0.0,0.0,0.0,0.0,704.5380625,736.703875,692.1918125,693.7106875,0.0,0.0
275,275,0.0,0.0,0.0,0.0,0.0,0.0,0.0,0.0,0.0,708.8830625,737.6360625,691.6328125,691.171,0.0,0.0
276,276,0.0,0.0,0.0,0.0,0.0,0.0,0.0,0.0,0.0,713.2700625,738.632625,691.1444375,688.6925,814.73025,0.0
277,277,0.0,0.0,0.0,0.0,0.0,0.0,0.0,0.0,0.0,717.698125,739.6933125,690.72675,686.275875,813.752875,0.0
278,278,0.0,0.0,0.0,0.0,0.0,0.0,0.0,0.0,0.0,722.1665625,740.8179375,690.3799375,683.9218125,812.8346875,0.0
279,279,0.0,0.0,0.0,0.0,0.0,0.0,0.0,0.0,0.0,726.674625,742.006125,690.104,681.6309375,811.975875,814.942
280,280,0.0,0.0,0.0,0.0,0.0,0.0,0.0,0.0,0.0,731.221625,743.257625,689.899125,679.403875,811.1766875,810.065125
281,281,0.0,0.0,0.0,0.0,0.0,0.0,0.0,0.0,0.0,735.80675,744.5720625,689.765375,677.24125,810.43725,805.219
282,282,0.0,0.0,0.0,0.0,0.0,0.0,0.0,0.0,0.0,740.4293125,745.949125,689.7026875,675.14375,809.7576875,800.40425
283,283,0.0,0.0,0.0,0.0,0.0,0.0,0.0,0.0,0.0,745.088625,747.3885,689.7111875,673.111875,809.13825,795.6214375
284,284,0.0,0.0,0.0,0.0,0.0,0.0,0.0,0.0,0.0,749.784,748.8898125,689.790875,671.1463125,808.5790625,790.871125
285,285,0.0,0.0,0.0,0.0,0.0,0.0,0.0,0.0,0.0,754.51475,750.452625,689.941625,669.247625,808.0801875,786.1539375
286,286,0.0,0.0,0.0,0.0,0.0,0.0,0.0,0.0,0.0,759.28025,752.076625,690.1634375,667.416375,807.64175,781.4704375
287,287,0.0,0.0,0.0,0.0,0.0,0.0,0.0,0.0,0.0,764.07975,753.7614375,690.4563125,665.653125,807.263875,776.82125
288,288,0.0,0.0,0.0,0.0,0.0,0.0,0.0,0.0,0.0,768.9126875,755.5065625,690.8200625,663.9584375,806.9466875,772.207
289,289,0.0,0.0,0.0,0.0,0.0,0.0,0.0,0.0,0.0,773.778375,757.3116875,691.2546875,662.33275,806.6901875,767.628375
290,290,0.0,0.0,0.0,0.0,0.0,0.0,0.0,0.0,0.0,778.67625,759.1763125,691.7599375,660.7766875,806.4944375,763.0859375
291,291,0.0,0.0,0.0,0.0,0.0,0.0,0.0,0.0,0.0,783.6056875,761.1,692.3356875,659.29075,806.3595625,758.5804375
292,292,0.0,0.0,0.0,0.0,0.0,0.0,0.0,0.0,0.0,788.5660625,763.0823125,692.98175,657.8753125,806.2855,754.1124375
293,293,0.0,0.0,0.0,0.0,0.0,0.0,0.0,0.0,0.0,793.5568125,765.1228125,693.698,656.530875,806.27225,749.6826875
294,294,0.0,0.0,0.0,0.0,0.0,0.0,0.0,0.0,0.0,798.5773125,767.221,694.4841875,655.2579375,806.3199375,745.291875
295,295,0.0,0.0,0.0,0.0,0.0,0.0,0.0,0.0,0.0,803.6270625,769.3764375,695.3400625,654.0568125,806.4285,740.940625
296,296,0.0,0.0,0.0,0.0,0.0,0.0,0.0,0.0,0.0,808.7055,771.588625,696.2653125,652.9279375,806.5978125,736.62975
297,297,0.0,0.0,0.0,0.0,0.0,0.0,0.0,0.0,0.0,813.8120625,773.8570625,697.25975,651.87175,806.828,732.359875
298,298,0.0,0.0,0.0,0.0,0.0,0.0,0.0,0.0,0.0,0.0,776.1813125,698.3230625,650.8885625,807.118875,728.1318125
299,299,0.0,0.0,0.0,0.0,0.0,0.0,0.0,0.0,0.0,0.0,778.56075,699.454875,649.978625,807.4705,723.94625
