,time,694,716,761,1097,1119,1164,739,1142,1075,1120,717,784,762,1165,1098,695
0,0,724.6994375,650.4210625,687.9856875,684.0353125,665.7100625,770.0301875,0.0,0.0,0.0,0.0,0.0,0.0,0.0,0.0,0.0,0.0
1,1,721.4789375,654.061875,686.3029375,680.7581875,669.605125,768.3205625,0.0,0.0,0.0,0.0,0.0,0.0,0.0,0.0,0.0,0.0
2,2,718.312125,657.756875,684.686875,677.5369375,673.5500625,766.6711875,0.0,0.0,0.0,0.0,0.0,0.0,0.0,0.0,0.0,0.0
3,3,715.199875,661.5050625,683.138,674.3724375,677.544125,765.082375,0.0,0.0,0.0,0.0,0.0,0.0,0.0,0.0,0.0,0.0
4,4,712.1428125,665.305625,681.65675,671.2654375,681.5863125,763.5545,0.0,0.0,0.0,0.0,0.0,0.0,0.0,0.0,0.0,0.0
5,5,709.141625,669.1575625,680.2435,668.21675,685.6758125,762.088,0.0,0.0,0.0,0.0,0.0,0.0,0.0,0.0,0.0,0.0
6,6,706.197125,673.0600625,678.8988125,665.22725,689.81175,760.683125,0.0,0.0,0.0,0.0,0.0,0.0,0.0,0.0,0.0,0.0
7,7,703.3099375,677.0121875,677.623,662.2976875,693.993375,759.340375,0.0,0.0,0.0,0.0,0.0,0.0,0.0,0.0,0.0,0.0
8,8,700.4808125,681.013125,676.4165,659.4288125,698.2198125,758.0599375,0.0,0.0,0.0,0.0,0.0,0.0,0.0,0.0,0.0,0.0
9,9,697.7105,685.062,675.279625,656.6215625,702.49025,756.8421875,0.0,0.0,0.0,0.0,0.0,0.0,0.0,0.0,0.0,0.0
10,10,694.999625,689.1579375,674.2128125,653.876625,706.803875,755.6874375,0.0,0.0,0.0,0.0,0.0,0.0,0.0,0.0,0.0,0.0
11,11,692.3489375,693.3001875,673.216375,651.19475,711.1599375,754.596,0.0,0.0,0.0,0.0,0.0,0.0,0.0,0.0,0.0,0.0
12,12,689.759125,697.4878125,672.290625,648.576875,715.5575625,753.5680625,0.0,0.0,0.0,0.0,0.0,0.0,0.0,0.0,0.0,0.0
13,13,687.230875,701.72,671.43575,646.0236875,719.996125,752.6039375,0.0,0.0,0.0,0.0,0.0,0.0,0.0,0.0,0.0,0.0
14,14,684.764875,705.996,670.6521875,643.5359375,724.47475,751.7039375,0.0,0.0,0.0,0.0,0.0,0.0,0.0,0.0,0.0,0.0
15,15,682.3618125,710.315,669.940125,641.1144375,728.9926875,750.8681875,0.0,0.0,0.0,0.0,0.0,0.0,0.0,0.0,0.0,0.0
16,16,680.022375,714.67625,669.29975,638.759875,733.5493125,750.097,0.0,0.0,0.0,0.0,0.0,0.0,0.0,0.0,0.0,0.0
17,17,677.747125,719.0789375,668.7313125,636.473125,738.1438125,749.3904375,0.0,0.0,0.0,0.0,0.0,0.0,0.0,0.0,0.0,0.0
18,18,675.536875,723.52225,668.235,634.2548125,742.7755625,748.748875,0.0,0.0,0.0,0.0,0.0,0.0,0.0,0.0,0.0,0.0
19,19,673.392125,728.0055,667.8109375,632.105625,747.44375,748.1723125,0.0,0.0,0.0,0.0,0.0,0.0,0.0,0.0,0.0,0.0
20,20,671.3135625,732.528,667.4593125,630.0264375,752.14775,747.6609375,0.0,0.0,0.0,0.0,0.0,0.0,0.0,0.0,0.0,0.0
21,21,669.3018125,737.0889375,667.1801875,628.0178125,756.8869375,747.215,0.0,0.0,0.0,0.0,0.0,0.0,0.0,0.0,0.0,0.0
22,22,667.3574375,741.687625,666.9736875,626.0804375,761.6605625,746.8344375,0.0,0.0,0.0,0.0,0.0,0.0,0.0,0.0,0.0,0.0
23,23,665.481125,746.323375,666.839875,624.215,766.4680625,746.5195,0.0,0.0,0.0,0.0,0.0,0.0,0.0,0.0,0.0,0.0
24,24,663.673375,750.9954375,666.7788125,622.4221875,771.3086875,746.2701875,0.0,0.0,0.0,0.0,0.0,0.0,0.0,0.0,0.0,0.0
25,25,661.93475,755.7031875,666.7905,620.7025625,776.1819375,746.086625,0.0,0.0,0.0,0.0,0.0,0.0,0.0,0.0,0.0,0.0
26,26,660.2658125,760.446,666.8749375,619.0568125,781.087125,745.9688125,0.0,0.0,0.0,0.0,0.0,0.0,0.0,0.0,0.0,0.0
27,27,658.667125,765.223125,667.032125,617.4854375,786.023625,745.91675,0.0,0.0,0.0,0.0,0.0,0.0,0.0,0.0,0.0,0.0
28,28,657.1391875,770.034,667.2619375,615.989125,790.9909375,745.9305625,0.0,0.0,0.0,0.0,0.0,0.0,0.0,0.0,0.0,0.0
29,29,655.6825,774.8779375,667.564375,614.5683125,795.988375,746.0101875,0.0,0.0,0.0,0.0,0.0,0.0,0.0,0.0,0.0,0.0
30,30,654.2975,779.7543125,667.9393125,613.2235625,801.0154375,746.1555625,0.0,0.0,0.0,0.0,0.0,0.0,0.0,0.0,0.0,0.0
31,31,652.9846875,784.6625625,668.386625,611.9554375,806.0715,746.3666875,0.0,0.0,0.0,0.0,0.0,0.0,0.0,0.0,0.0,0.0
32,32,651.7445,789.602,668.906125,610.7643125,811.156125,746.6435,0.0,0.0,0.0,0.0,0.0,0.0,0.0,0.0,0.0,0.0
33,33,650.5773125,794.5721875,669.49775,609.6506875,816.2686875,746.9859375,0.0,0.0,0.0,0.0,0.0,0.0,0.0,0.0,0.0,0.0
34,34,649.4835,799.572375,670.16125,608.615,0.0,747.3939375,0.0,0.0,0.0,0.0,0.0,0.0,0.0,0.0,0.0,0.0
35,35,648.4635625,804.602125,670.896375,607.6576875,0.0,747.8673125,0.0,0.0,0.0,0.0,0.0,0.0,0.0,0.0,0.0,0.0
36,36,647.51775,809.6608125,671.7029375,606.7790625,0.0,748.406,0.0,0.0,0.0,0.0,0.0,0.0,0.0,0.0,0.0,0.0
37,37,646.646375,814.7479375,672.580625,605.9794375,0.0,749.0098125,0.0,0.0,0.0,0.0,0.0,0.0,0.0,0.0,0.0,0.0
38,38,645.8498125,0.0,673.52925,605.2591875,0.0,749.6786875,0.0,0.0,0.0,0.0,0.0,0.0,0.0,0.0,0.0,0.0
39,39,645.1283125,0.0,674.5484375,604.6185625,0.0,750.4123125,0.0,0.0,0.0,0.0,0.0,0.0,0.0,0.0,0.0,0.0
40,40,644.4820625,0.0,675.6379375,604.057875,0.0,751.210625,0.0,0.0,0.0,0.0,0.0,0.0,0.0,0.0,0.0,0.0
41,41,643.911375,0.0,676.7973125,603.57725,0.0,752.0733125,0.0,0.0,0.0,0.0,0.0,0.0,0.0,0.0,0.0,0.0
42,42,643.4164375,0.0,678.02625,603.177,0.0,753.00025,815.1009375,815.3249375,0.0,0.0,0.0,0.0,0.0,0.0,0.0,0.0
43,43,642.9974375,0.0,679.3244375,602.8571875,0.0,753.991125,810.1515625,810.554375,0.0,0.0,0.0,0.0,0.0,0.0,0.0,0.0
44,44,642.6544375,0.0,680.691375,602.6179375,0.0,755.04575,805.232,805.816125,0.0,0.0,0.0,0.0,0.0,0.0,0.0,0.0
45,45,642.387625,0.0,682.1266875,602.459375,0.0,756.16375,800.342875,801.110875,0.0,0.0,0.0,0.0,0.0,0.0,0.0,0.0
46,46,642.197125,0.0,683.6299375,602.381625,0.0,757.3449375,795.4848125,796.439125,0.0,0.0,0.0,0.0,0.0,0.0,0.0,0.0
47,47,642.0829375,0.0,685.20075,602.384625,0.0,758.589,790.6583125,791.8015625,0.0,0.0,0.0,0.0,0.0,0.0,0.0,0.0
48,48,642.045125,0.0,686.8385625,602.4684375,0.0,759.895625,785.8639375,787.19875,0.0,0.0,0.0,0.0,0.0,0.0,0.0,0.0
49,49,642.08375,0.0,688.542875,602.633,0.0,761.2645,781.1023125,782.6313125,0.0,0.0,0.0,0.0,0.0,0.0,0.0,0.0
50,50,642.19875,0.0,690.3133125,602.8781875,0.0,762.69525,776.374125,778.099875,0.0,0.0,0.0,0.0,0.0,0.0,0.0,0.0
51,51,642.390125,0.0,692.14925,603.204,0.0,764.1875,771.679875,773.6050625,0.0,0.0,0.0,0.0,0.0,0.0,0.0,0.0
52,52,642.6576875,0.0,694.0503125,603.61025,0.0,765.741,767.0203125,769.1475625,0.0,0.0,0.0,0.0,0.0,0.0,0.0,0.0
53,53,643.0015,0.0,696.01575,604.0968125,0.0,767.35525,762.3959375,764.728,0.0,0.0,0.0,0.0,0.0,0.0,0.0,0.0
54,54,643.421375,0.0,698.04525,604.6635,0.0,769.03,757.8075,760.347,0.0,0.0,0.0,0.0,0.0,0.0,0.0,0.0
55,55,643.917125,0.0,700.1380625,605.31,0.0,770.76475,753.255625,756.005375,0.0,0.0,0.0,0.0,0.0,0.0,0.0,0.0
56,56,644.488625,0.0,702.29375,606.036125,0.0,772.5590625,748.7410625,751.7036875,0.0,0.0,0.0,0.0,0.0,0.0,0.0,0.0
57,57,645.1356875,0.0,704.511625,606.8415625,0.0,774.4126875,744.264375,747.442625,0.0,0.0,0.0,0.0,0.0,0.0,0.0,0.0
58,58,645.858,0.0,706.7911875,607.7260625,0.0,776.325,739.8263125,743.223,0.0,0.0,0.0,0.0,0.0,0.0,0.0,0.0
59,59,646.655375,0.0,709.1318125,608.6891875,0.0,778.2956875,735.4275625,739.0454375,0.0,0.0,0.0,0.0,0.0,0.0,0.0,0.0
60,60,647.5275625,0.0,711.532875,609.7305625,0.0,780.3243125,731.068875,734.910625,0.0,0.0,0.0,0.0,0.0,0.0,0.0,0.0
61,61,648.4741875,0.0,713.9938125,610.849875,0.0,782.410375,726.7509375,730.8194375,0.0,0.0,0.0,0.0,0.0,0.0,0.0,0.0
62,62,649.495,0.0,716.5139375,612.046625,0.0,784.5534375,722.4745,726.7725,0.0,0.0,0.0,0.0,0.0,0.0,0.0,0.0
63,63,650.5895625,0.0,719.0926875,613.320375,0.0,786.753,718.240375,722.7705625,0.0,0.0,0.0,0.0,0.0,0.0,0.0,0.0
64,64,651.7575625,0.0,721.729375,614.670625,0.0,789.0085625,714.0491875,718.8144375,0.0,0.0,0.0,0.0,0.0,0.0,0.0,0.0
65,65,652.9985625,0.0,724.4234375,616.0969375,0.0,791.31975,709.9018125,714.9048125,0.0,0.0,0.0,0.0,0.0,0.0,0.0,0.0
66,66,654.3121875,0.0,727.1741875,617.5986875,0.0,793.686,705.799,711.0425625,0.0,0.0,0.0,0.0,0.0,0.0,0.0,0.0
67,67,655.698,0.0,729.981,619.1754375,0.0,796.1068125,701.7415,707.228375,0.0,0.0,0.0,0.0,0.0,0.0,0.0,0.0
68,68,657.1555,0.0,732.8431875,620.8265,0.0,798.58175,697.7301875,703.4630625,0.0,0.0,0.0,0.0,0.0,0.0,0.0,0.0
69,69,658.68425,0.0,735.760125,622.5513125,0.0,801.11025,693.76575,699.7474375,0.0,0.0,0.0,0.0,0.0,0.0,0.0,0.0
70,70,660.28375,0.0,738.7311875,624.3493125,0.0,803.6918125,689.8490625,696.0823125,0.0,0.0,0.0,0.0,0.0,0.0,0.0,0.0
71,71,661.9535,0.0,741.7556875,626.219875,0.0,806.3259375,685.981,692.4684375,0.0,0.0,0.0,0.0,0.0,0.0,0.0,0.0
72,72,663.692875,0.0,744.8329375,628.16225,0.0,809.012125,682.1623125,688.9066875,0.0,0.0,0.0,0.0,0.0,0.0,0.0,0.0
73,73,665.5014375,0.0,747.962375,630.1758125,0.0,811.7498125,678.393875,685.397875,0.0,0.0,0.0,0.0,0.0,0.0,0.0,0.0
74,74,667.3785625,0.0,751.1433125,632.2599375,0.0,814.5385,674.6765625,681.94275,0.0,0.0,0.0,0.0,0.0,0.0,0.0,0.0
75,75,669.32375,0.0,754.3750625,634.413875,0.0,817.377625,671.011125,678.5421875,0.0,0.0,0.0,0.0,0.0,0.0,0.0,0.0
76,76,671.33625,0.0,757.657,636.6369375,0.0,0.0,667.3985625,675.197,0.0,0.0,0.0,0.0,0.0,0.0,0.0,0.0
77,77,673.415625,0.0,760.9885,638.928375,0.0,0.0,663.839625,671.908,0.0,0.0,0.0,0.0,0.0,0.0,0.0,0.0
78,78,675.561125,0.0,764.3688125,641.2875,0.0,0.0,660.33525,668.6760625,0.0,0.0,0.0,0.0,0.0,0.0,0.0,0.0
79,79,677.77225,0.0,767.797375,643.7134375,0.0,0.0,656.8863125,665.502,0.0,0.0,0.0,0.0,0.0,0.0,0.0,0.0
80,80,680.04825,0.0,771.2735625,646.205625,0.0,0.0,653.4936875,662.3866875,0.0,0.0,0.0,0.0,0.0,0.0,0.0,0.0
81,81,682.3885,0.0,774.796625,648.763125,0.0,0.0,650.15825,659.3309375,0.0,0.0,0.0,0.0,0.0,0.0,0.0,0.0
82,82,684.7923125,0.0,778.366,651.38525,0.0,0.0,646.880875,656.3355,0.0,0.0,0.0,0.0,0.0,0.0,0.0,0.0
83,83,687.259125,0.0,781.9810625,654.07125,0.0,0.0,643.6625,653.401375,0.0,0.0,0.0,0.0,0.0,0.0,0.0,0.0
84,84,689.788125,0.0,785.641125,656.82025,0.0,0.0,640.5039375,650.52925,0.0,0.0,0.0,0.0,0.0,0.0,0.0,0.0
85,85,692.37875,0.0,789.3455625,659.6315,0.0,0.0,637.4061875,647.72,0.0,0.0,0.0,0.0,0.0,0.0,0.0,0.0
86,86,695.0301875,0.0,793.0938125,662.5041875,0.0,0.0,634.3700625,644.9745,0.0,0.0,0.0,0.0,0.0,0.0,0.0,0.0
87,87,697.741875,0.0,796.8851875,665.4375625,0.0,0.0,631.3964375,642.2934375,0.0,0.0,0.0,0.0,0.0,0.0,0.0,0.0
88,88,700.513,0.0,800.719125,668.43075,0.0,0.0,628.4863125,639.6778125,0.0,0.0,0.0,0.0,0.0,0.0,0.0,0.0
89,89,703.342875,0.0,804.5949375,671.4830625,0.0,0.0,625.6405,637.12825,0.0,0.0,0.0,0.0,0.0,0.0,0.0,0.0
90,90,706.2308125,0.0,808.5120625,674.5935625,0.0,0.0,622.859875,634.6456875,0.0,0.0,0.0,0.0,0.0,0.0,0.0,0.0
91,91,709.176125,0.0,812.4699375,677.7615,0.0,0.0,620.145375,632.230875,818.772,0.0,0.0,0.0,0.0,0.0,0.0,0.0
92,92,712.1780625,0.0,816.467875,680.9860625,0.0,0.0,617.4978125,629.8845625,815.41225,0.0,0.0,0.0,0.0,0.0,0.0,0.0
93,93,715.235875,0.0,0.0,684.2665,0.0,0.0,614.9180625,627.6075,812.0980625,0.0,0.0,0.0,0.0,0.0,0.0,0.0
94,94,718.3489375,0.0,0.0,687.6019375,0.0,0.0,612.4070625,625.4005,808.8300625,0.0,0.0,0.0,0.0,0.0,0.0,0.0
95,95,721.5165,0.0,0.0,690.9915625,0.0,0.0,609.9655625,623.2643125,805.608875,0.0,0.0,0.0,0.0,0.0,0.0,0.0
96,96,724.73775,0.0,0.0,694.434625,0.0,0.0,607.5945,621.1996875,802.435,0.0,0.0,0.0,0.0,0.0,0.0,0.0
97,97,728.012125,0.0,0.0,697.930375,0.0,0.0,605.294625,619.20725,799.309,0.0,0.0,0.0,0.0,0.0,0.0,0.0
98,98,731.33875,0.0,0.0,701.477875,0.0,0.0,603.0668125,617.2878125,796.2314375,0.0,0.0,0.0,0.0,0.0,0.0,0.0
99,99,734.7170625,0.0,0.0,705.0765,0.0,0.0,600.9118125,615.442,793.2029375,0.0,0.0,0.0,0.0,0.0,0.0,0.0
100,100,738.14625,0.0,0.0,708.725375,0.0,0.0,598.8304375,613.6704375,790.2240625,0.0,0.0,0.0,0.0,0.0,0.0,0.0
101,101,741.625625,0.0,0.0,712.42375,0.0,0.0,596.8235,611.973875,787.29525,0.0,0.0,0.0,0.0,0.0,0.0,0.0
102,102,745.1545,0.0,0.0,716.1708125,0.0,0.0,594.8916875,610.352875,784.41725,0.0,0.0,0.0,0.0,0.0,0.0,0.0
103,103,748.732125,0.0,0.0,719.965875,0.0,0.0,593.0358125,608.808,781.5905,0.0,0.0,0.0,0.0,0.0,0.0,0.0
104,104,752.357875,0.0,0.0,723.808125,0.0,0.0,591.2565,607.3399375,778.815625,0.0,0.0,0.0,0.0,0.0,0.0,0.0
105,105,756.031,0.0,0.0,727.69675,0.0,0.0,589.5545,605.9491875,776.093125,0.0,0.0,0.0,0.0,0.0,0.0,0.0
106,106,759.7508125,0.0,0.0,731.6311875,0.0,0.0,587.9305,604.63625,773.423625,0.0,0.0,0.0,0.0,0.0,0.0,0.0
107,107,763.516625,0.0,0.0,735.6105,0.0,0.0,586.385125,603.40175,770.8075625,0.0,0.0,0.0,0.0,0.0,0.0,0.0
108,108,767.32775,0.0,0.0,739.634125,0.0,0.0,584.9190625,602.246,768.245625,0.0,0.0,0.0,0.0,0.0,0.0,0.0
109,109,771.1835625,0.0,0.0,743.7011875,0.0,0.0,583.5328125,601.169625,765.7383125,0.0,0.0,0.0,0.0,0.0,0.0,0.0
110,110,775.083375,0.0,0.0,747.8110625,0.0,0.0,582.2269375,600.173,763.286125,0.0,0.0,0.0,0.0,0.0,0.0,0.0
111,111,779.0265,0.0,0.0,751.9630625,0.0,0.0,581.002125,599.2564375,760.889625,0.0,0.0,0.0,0.0,0.0,0.0,0.0
112,112,783.01225,0.0,0.0,756.156375,0.0,0.0,579.85875,598.4204375,758.5493125,0.0,0.0,0.0,0.0,0.0,0.0,0.0
113,113,787.04,0.0,0.0,760.3904375,0.0,0.0,578.797375,597.6651875,756.2658125,0.0,0.0,0.0,0.0,0.0,0.0,0.0
114,114,791.109125,0.0,0.0,764.6645625,0.0,0.0,577.8184375,596.991125,754.0395,0.0,0.0,0.0,0.0,0.0,0.0,0.0
115,115,795.219,0.0,0.0,768.978,0.0,0.0,576.9223125,596.3985,751.871,0.0,0.0,0.0,0.0,0.0,0.0,0.0
116,116,799.3689375,0.0,0.0,773.3300625,0.0,0.0,576.1094375,595.8875625,749.76075,0.0,0.0,0.0,0.0,0.0,0.0,0.0
117,117,803.5583125,0.0,0.0,777.72025,0.0,0.0,575.3801875,595.4584375,747.70925,0.0,0.0,0.0,0.0,0.0,0.0,0.0
118,118,807.7865625,0.0,0.0,782.14775,0.0,0.0,574.7348125,595.111375,745.717,0.0,0.0,0.0,0.0,0.0,0.0,0.0
119,119,812.0530625,0.0,0.0,786.612,0.0,0.0,574.173625,594.8465625,743.7845,0.0,0.0,0.0,0.0,0.0,0.0,0.0
120,120,816.357125,0.0,0.0,791.112375,0.0,0.0,573.6969375,594.664,741.91225,0.0,0.0,0.0,0.0,0.0,0.0,0.0
121,121,0.0,0.0,0.0,795.6483125,0.0,0.0,573.304875,594.5638125,740.1005625,0.0,0.0,0.0,0.0,0.0,0.0,0.0
122,122,0.0,0.0,0.0,800.2190625,0.0,0.0,572.997625,594.5460625,738.3500625,0.0,0.0,0.0,0.0,0.0,0.0,0.0
123,123,0.0,0.0,0.0,804.824125,0.0,0.0,572.7753125,594.61075,736.6610625,0.0,0.0,0.0,0.0,0.0,0.0,0.0
124,124,0.0,0.0,0.0,809.462875,0.0,0.0,572.638125,594.757875,735.034,0.0,0.0,0.0,0.0,0.0,0.0,0.0
125,125,0.0,0.0,0.0,814.1348125,0.0,0.0,572.5860625,594.98725,733.469375,0.0,0.0,0.0,0.0,0.0,0.0,0.0
126,126,0.0,0.0,0.0,818.83925,0.0,0.0,572.619125,595.2989375,731.9675,0.0,0.0,0.0,0.0,0.0,0.0,0.0
127,127,0.0,0.0,0.0,0.0,0.0,0.0,572.7373125,595.69275,730.5288125,0.0,0.0,0.0,0.0,0.0,0.0,0.0
128,128,0.0,0.0,0.0,0.0,0.0,0.0,572.940625,596.1685,729.1536875,0.0,0.0,0.0,0.0,0.0,0.0,0.0
129,129,0.0,0.0,0.0,0.0,0.0,0.0,573.2289375,596.7259375,727.8424375,0.0,0.0,0.0,0.0,0.0,0.0,0.0
130,130,0.0,0.0,0.0,0.0,0.0,0.0,573.6020625,597.365,726.5955,0.0,0.0,0.0,0.0,0.0,0.0,0.0
131,131,0.0,0.0,0.0,0.0,0.0,0.0,574.0599375,598.08525,725.4130625,0.0,0.0,0.0,0.0,0.0,0.0,0.0
132,132,0.0,0.0,0.0,0.0,0.0,0.0,574.6023125,598.8865,724.2955625,0.0,0.0,0.0,0.0,0.0,0.0,0.0
133,133,0.0,0.0,0.0,0.0,0.0,0.0,575.2289375,599.7684375,723.2433125,0.0,0.0,0.0,0.0,0.0,0.0,0.0
134,134,0.0,0.0,0.0,0.0,0.0,0.0,575.9395,600.7305625,722.2565,812.804125,0.0,0.0,0.0,0.0,0.0,0.0
135,135,0.0,0.0,0.0,0.0,0.0,0.0,576.7338125,601.7726875,721.3355,807.72675,0.0,0.0,0.0,0.0,0.0,0.0
136,136,0.0,0.0,0.0,0.0,0.0,0.0,577.611375,602.89425,720.4804375,802.6779375,0.0,0.0,0.0,0.0,0.0,0.0
137,137,0.0,0.0,0.0,0.0,0.0,0.0,578.5719375,604.0948125,719.6916875,797.6581875,0.0,0.0,0.0,0.0,0.0,0.0
138,138,0.0,0.0,0.0,0.0,0.0,0.0,579.6150625,605.374,718.969375,792.6680625,0.0,0.0,0.0,0.0,0.0,0.0
139,139,0.0,0.0,0.0,0.0,0.0,0.0,580.74025,606.73125,718.31375,787.708125,816.359625,0.0,0.0,0.0,0.0,0.0
140,140,0.0,0.0,0.0,0.0,0.0,0.0,581.947,608.1660625,717.725,782.7789375,811.328125,0.0,0.0,0.0,0.0,0.0
141,141,0.0,0.0,0.0,0.0,0.0,0.0,583.2349375,609.6778125,717.2031875,777.881125,806.325625,0.0,0.0,0.0,0.0,0.0
142,142,0.0,0.0,0.0,0.0,0.0,0.0,584.603375,611.2660625,716.748625,773.0153125,801.3528125,0.0,0.0,0.0,0.0,0.0
143,143,0.0,0.0,0.0,0.0,0.0,0.0,586.051875,612.9300625,716.3613125,768.1820625,796.410125,0.0,0.0,0.0,0.0,0.0
144,144,0.0,0.0,0.0,0.0,0.0,0.0,587.57975,614.6693125,716.041375,763.382,791.4981875,0.0,0.0,0.0,0.0,0.0
145,145,0.0,0.0,0.0,0.0,0.0,0.0,589.1864375,616.4831875,715.7889375,758.6158125,786.6175625,0.0,0.0,0.0,0.0,0.0
146,146,0.0,0.0,0.0,0.0,0.0,0.0,590.87125,618.370875,715.6040625,753.8840625,781.768875,0.0,0.0,0.0,0.0,0.0
147,147,0.0,0.0,0.0,0.0,0.0,0.0,592.6335625,620.331875,715.4868125,749.1875,776.9526875,0.0,0.0,0.0,0.0,0.0
148,148,0.0,0.0,0.0,0.0,0.0,0.0,594.472625,622.365375,715.43725,744.5266875,772.1696875,0.0,0.0,0.0,0.0,0.0
149,149,0.0,0.0,0.0,0.0,0.0,0.0,596.3878125,624.4706875,715.4553125,739.9024375,767.420375,0.0,0.0,0.0,0.0,0.0
150,150,0.0,0.0,0.0,0.0,0.0,0.0,598.378375,626.647125,715.541,735.3153125,762.7055,0.0,0.0,0.0,0.0,0.0
151,151,0.0,0.0,0.0,0.0,0.0,0.0,600.4434375,628.8939375,715.6943125,730.766125,758.0256875,0.0,0.0,0.0,0.0,0.0
152,152,0.0,0.0,0.0,0.0,0.0,0.0,602.582375,631.210375,715.91525,726.2555,753.3815625,0.0,0.0,0.0,0.0,0.0
153,153,0.0,0.0,0.0,0.0,0.0,0.0,604.794375,633.595625,716.2036875,721.78425,748.7738125,818.0701875,0.0,0.0,0.0,0.0
154,154,0.0,0.0,0.0,0.0,0.0,0.0,607.0785625,636.0489375,716.5595625,717.353125,744.203125,815.682,0.0,0.0,0.0,0.0
155,155,0.0,0.0,0.0,0.0,0.0,0.0,609.43425,638.5695,716.9828125,712.96275,739.670125,813.346125,0.0,0.0,0.0,0.0
156,156,0.0,0.0,0.0,0.0,0.0,0.0,611.8605,641.1565625,717.47325,708.614,735.175625,811.063,0.0,0.0,0.0,0.0
157,157,0.0,0.0,0.0,0.0,0.0,0.0,614.3565,643.8093125,718.03075,704.307625,730.7203125,808.8330625,0.0,0.0,0.0,0.0
158,158,0.0,0.0,0.0,0.0,0.0,0.0,616.921375,646.5269375,718.6551875,700.0444375,726.304875,806.65675,0.0,0.0,0.0,0.0
159,159,0.0,0.0,0.0,0.0,0.0,0.0,619.554375,649.308625,719.346375,695.825125,721.93,804.5345625,0.0,0.0,0.0,0.0
160,160,0.0,0.0,0.0,0.0,0.0,0.0,622.2545,652.1535,720.104125,691.650625,717.5965625,802.4669375,0.0,0.0,0.0,0.0
161,161,0.0,0.0,0.0,0.0,0.0,0.0,625.021,655.0608125,720.9281875,687.5216875,713.30525,800.4541875,0.0,0.0,0.0,0.0
162,162,0.0,0.0,0.0,0.0,0.0,0.0,627.852875,658.029625,721.818375,683.4391875,709.056875,798.4968125,0.0,0.0,0.0,0.0
163,163,0.0,0.0,0.0,0.0,0.0,0.0,630.7493125,661.05925,722.7744375,679.4039375,704.852125,796.59525,0.0,0.0,0.0,0.0
164,164,0.0,0.0,0.0,0.0,0.0,0.0,633.7094375,664.1486875,723.796125,675.41675,700.691875,794.749875,0.0,0.0,0.0,0.0
165,165,0.0,0.0,0.0,0.0,0.0,0.0,636.7323125,667.29725,724.883125,671.4785625,696.5769375,792.961,0.0,0.0,0.0,0.0
166,166,0.0,0.0,0.0,0.0,0.0,0.0,639.8170625,670.5040625,726.035125,667.5901875,692.5080625,791.229125,0.0,0.0,0.0,0.0
167,167,0.0,0.0,0.0,0.0,0.0,0.0,642.9628125,673.7681875,727.251875,663.7525625,688.4860625,789.554625,0.0,0.0,0.0,0.0
168,168,0.0,0.0,0.0,0.0,0.0,0.0,646.1686875,677.0889375,728.533,659.9665,684.511875,787.93775,0.0,0.0,0.0,0.0
169,169,0.0,0.0,0.0,0.0,0.0,0.0,649.4336875,680.465375,729.8781875,656.233,680.58625,786.379,0.0,0.0,0.0,0.0
170,170,0.0,0.0,0.0,0.0,0.0,0.0,652.7570625,683.89675,731.2870625,652.552875,676.7100625,784.878625,0.0,0.0,0.0,0.0
171,171,0.0,0.0,0.0,0.0,0.0,0.0,656.1378125,687.3821875,732.75925,648.9270625,672.884125,783.4370625,0.0,0.0,0.0,0.0
172,172,0.0,0.0,0.0,0.0,0.0,0.0,659.575125,690.9208125,734.2944375,645.3565,669.1094375,782.0545,0.0,0.0,0.0,0.0
173,173,0.0,0.0,0.0,0.0,0.0,0.0,663.0680625,694.5119375,735.892125,641.8420625,665.3866875,780.731375,0.0,0.0,0.0,0.0
174,174,0.0,0.0,0.0,0.0,0.0,0.0,666.61575,698.1546875,737.552,638.38475,661.7169375,779.467875,0.0,0.0,0.0,0.0
175,175,0.0,0.0,0.0,0.0,0.0,0.0,670.217375,701.8481875,739.2735625,634.9854375,658.101,778.2644375,0.0,0.0,0.0,0.0
176,176,0.0,0.0,0.0,0.0,0.0,0.0,673.872,705.59175,741.056375,631.645125,654.5396875,777.12125,0.0,0.0,0.0,0.0
177,177,0.0,0.0,0.0,0.0,0.0,0.0,677.5788125,709.3845,742.9000625,628.36475,651.0340625,776.0385625,0.0,0.0,0.0,0.0
178,178,0.0,0.0,0.0,0.0,0.0,0.0,681.3369375,713.225625,744.804125,625.1451875,647.5849375,775.01675,0.0,0.0,0.0,0.0
179,179,0.0,0.0,0.0,0.0,0.0,0.0,685.1455625,717.1144375,746.7681875,621.9874375,644.1931875,774.055875,0.0,0.0,0.0,0.0
180,180,0.0,0.0,0.0,0.0,0.0,0.0,689.00375,721.050125,748.791625,618.8925,640.859875,773.1563125,0.0,0.0,0.0,0.0
181,181,0.0,0.0,0.0,0.0,0.0,0.0,692.91075,725.0319375,750.8740625,615.8611875,637.58575,772.31825,0.0,0.0,0.0,0.0
182,182,0.0,0.0,0.0,0.0,0.0,0.0,696.86575,729.059,753.0149375,612.8945625,634.3718125,771.5418125,0.0,0.0,0.0,0.0
183,183,0.0,0.0,0.0,0.0,0.0,0.0,700.867875,733.13075,755.2138125,609.9935625,631.219,770.82725,0.0,0.0,0.0,0.0
184,184,0.0,0.0,0.0,0.0,0.0,0.0,704.9163125,737.24625,757.470125,607.159125,628.12825,770.17475,0.0,0.0,0.0,0.0
185,185,0.0,0.0,0.0,0.0,0.0,0.0,709.0103125,741.404875,759.7834375,604.392125,625.100375,769.5845,0.0,0.0,0.0,0.0
186,186,0.0,0.0,0.0,0.0,0.0,0.0,713.1490625,745.6059375,762.153125,601.6935625,622.1364375,769.0565,0.0,0.0,0.0,0.0
187,187,0.0,0.0,0.0,0.0,0.0,0.0,717.3318125,749.848625,764.57875,599.064375,619.2373125,768.5910625,0.0,0.0,0.0,0.0
188,188,0.0,0.0,0.0,0.0,0.0,0.0,721.5578125,754.13225,767.05975,596.505375,616.403875,768.188125,0.0,0.0,0.0,0.0
189,189,0.0,0.0,0.0,0.0,0.0,0.0,725.8261875,758.4561875,769.5955625,594.017625,613.6370625,767.8479375,0.0,0.0,0.0,0.0
190,190,0.0,0.0,0.0,0.0,0.0,0.0,730.1363125,762.819625,772.1856875,591.6019375,610.9378125,767.5705,0.0,0.0,0.0,0.0
191,191,0.0,0.0,0.0,0.0,0.0,0.0,734.487375,767.222,774.8295,589.2591875,608.307,767.3559375,0.0,0.0,0.0,0.0
192,192,0.0,0.0,0.0,0.0,0.0,0.0,738.8786875,771.6625625,777.5265625,586.9903125,605.7455,767.20425,0.0,0.0,0.0,0.0
193,193,0.0,0.0,0.0,0.0,0.0,0.0,743.3095,776.1406875,780.27625,584.7960625,603.25425,767.1155,0.0,0.0,0.0,0.0
194,194,0.0,0.0,0.0,0.0,0.0,0.0,747.7791875,780.65575,783.0779375,582.6774375,600.8340625,767.0896875,0.0,0.0,0.0,0.0
195,195,0.0,0.0,0.0,0.0,0.0,0.0,752.2869375,785.207,785.9311875,580.6351875,598.485875,767.1268125,0.0,0.0,0.0,0.0
196,196,0.0,0.0,0.0,0.0,0.0,0.0,756.832125,789.7939375,788.8354375,578.6700625,596.2105,767.2269375,0.0,0.0,0.0,0.0
197,197,0.0,0.0,0.0,0.0,0.0,0.0,761.4140625,794.415875,791.79,576.783,594.0088125,767.39,0.0,0.0,0.0,0.0
198,198,0.0,0.0,0.0,0.0,0.0,0.0,766.0320625,799.07225,794.7944375,574.974625,591.8815625,767.6159375,0.0,0.0,0.0,0.0
199,199,0.0,0.0,0.0,0.0,0.0,0.0,770.6855,803.7623125,797.848125,573.24575,589.829625,767.9046875,0.0,0.0,0.0,0.0
200,200,0.0,0.0,0.0,0.0,0.0,0.0,775.37375,808.4856875,800.9504375,571.5970625,587.85375,768.2561875,0.0,0.0,0.0,0.0
201,201,0.0,0.0,0.0,0.0,0.0,0.0,780.0961875,813.241625,804.1009375,570.029375,585.95475,768.670375,0.0,0.0,0.0,0.0
202,202,0.0,0.0,0.0,0.0,0.0,0.0,784.852125,818.0295625,807.299,568.5431875,584.1333125,769.1471875,0.0,0.0,0.0,0.0
203,203,0.0,0.0,0.0,0.0,0.0,0.0,789.6410625,0.0,810.544,567.13925,582.39025,769.6864375,0.0,0.0,0.0,0.0
204,204,0.0,0.0,0.0,0.0,0.0,0.0,794.46225,0.0,813.8354375,565.8181875,580.72625,770.288,0.0,0.0,0.0,0.0
205,205,0.0,0.0,0.0,0.0,0.0,0.0,799.3151875,0.0,817.17275,564.5805625,579.1419375,770.95175,0.0,0.0,0.0,0.0
206,206,0.0,0.0,0.0,0.0,0.0,0.0,804.1993125,0.0,0.0,563.426875,577.6380625,771.6775,0.0,0.0,0.0,0.0
207,207,0.0,0.0,0.0,0.0,0.0,0.0,809.114,0.0,0.0,562.3576875,576.215125,772.465125,0.0,0.0,0.0,0.0
208,208,0.0,0.0,0.0,0.0,0.0,0.0,814.05875,0.0,0.0,561.3734375,574.873875,773.3144375,0.0,0.0,0.0,0.0
209,209,0.0,0.0,0.0,0.0,0.0,0.0,0.0,0.0,0.0,560.474625,573.6148125,774.2251875,0.0,0.0,0.0,0.0
210,210,0.0,0.0,0.0,0.0,0.0,0.0,0.0,0.0,0.0,559.6616875,572.4384375,775.197125,0.0,0.0,0.0,0.0
211,211,0.0,0.0,0.0,0.0,0.0,0.0,0.0,0.0,0.0,558.9349375,571.345375,776.230125,0.0,0.0,0.0,0.0
212,212,0.0,0.0,0.0,0.0,0.0,0.0,0.0,0.0,0.0,558.29475,570.3360625,777.3238125,0.0,0.0,0.0,0.0
213,213,0.0,0.0,0.0,0.0,0.0,0.0,0.0,0.0,0.0,557.741375,569.410875,778.4780625,0.0,0.0,0.0,0.0
214,214,0.0,0.0,0.0,0.0,0.0,0.0,0.0,0.0,0.0,557.275125,568.57025,779.6925625,0.0,0.0,0.0,0.0
215,215,0.0,0.0,0.0,0.0,0.0,0.0,0.0,0.0,0.0,556.8961875,567.8146875,780.967,0.0,0.0,0.0,0.0
216,216,0.0,0.0,0.0,0.0,0.0,0.0,0.0,0.0,0.0,556.60475,567.144375,782.301125,0.0,0.0,0.0,0.0
217,217,0.0,0.0,0.0,0.0,0.0,0.0,0.0,0.0,0.0,556.401,566.5596875,783.6945625,0.0,0.0,0.0,0.0
218,218,0.0,0.0,0.0,0.0,0.0,0.0,0.0,0.0,0.0,556.2849375,566.060875,785.1470625,0.0,0.0,0.0,0.0
219,219,0.0,0.0,0.0,0.0,0.0,0.0,0.0,0.0,0.0,556.2566875,565.6481875,786.65825,0.0,0.0,0.0,0.0
220,220,0.0,0.0,0.0,0.0,0.0,0.0,0.0,0.0,0.0,556.3161875,565.32175,788.2278125,0.0,0.0,0.0,0.0
221,221,0.0,0.0,0.0,0.0,0.0,0.0,0.0,0.0,0.0,556.4635,565.0818125,789.855375,0.0,0.0,0.0,0.0
222,222,0.0,0.0,0.0,0.0,0.0,0.0,0.0,0.0,0.0,556.6985625,564.928375,791.540625,0.0,0.0,0.0,0.0
223,223,0.0,0.0,0.0,0.0,0.0,0.0,0.0,0.0,0.0,557.0211875,564.861625,793.2831875,0.0,0.0,0.0,0.0
224,224,0.0,0.0,0.0,0.0,0.0,0.0,0.0,0.0,0.0,557.4311875,564.8815,795.082625,817.866875,0.0,0.0,0.0
225,225,0.0,0.0,0.0,0.0,0.0,0.0,0.0,0.0,0.0,557.9285,564.9880625,796.938625,813.5755625,0.0,0.0,0.0
226,226,0.0,0.0,0.0,0.0,0.0,0.0,0.0,0.0,0.0,558.5128125,565.1811875,798.85075,809.3213125,0.0,0.0,0.0
227,227,0.0,0.0,0.0,0.0,0.0,0.0,0.0,0.0,0.0,559.183875,565.4608125,800.818625,805.10475,0.0,0.0,0.0
228,228,0.0,0.0,0.0,0.0,0.0,0.0,0.0,0.0,0.0,559.9413125,565.826875,802.84175,800.926375,0.0,0.0,0.0
229,229,0.0,0.0,0.0,0.0,0.0,0.0,0.0,0.0,0.0,560.784875,566.279125,804.9198125,796.7869375,0.0,0.0,0.0
230,230,0.0,0.0,0.0,0.0,0.0,0.0,0.0,0.0,0.0,561.714125,566.817375,807.052375,792.6869375,0.0,0.0,0.0
231,231,0.0,0.0,0.0,0.0,0.0,0.0,0.0,0.0,0.0,562.728625,567.4414375,809.2389375,788.627,0.0,0.0,0.0
232,232,0.0,0.0,0.0,0.0,0.0,0.0,0.0,0.0,0.0,563.827875,568.1509375,811.479125,784.6078125,0.0,0.0,0.0
233,233,0.0,0.0,0.0,0.0,0.0,0.0,0.0,0.0,0.0,565.0115,568.945625,813.7724375,780.6299375,0.0,0.0,0.0
234,234,0.0,0.0,0.0,0.0,0.0,0.0,0.0,0.0,0.0,566.2788125,569.8250625,816.1185,776.6940625,0.0,0.0,0.0
235,235,0.0,0.0,0.0,0.0,0.0,0.0,0.0,0.0,0.0,567.629375,570.789,818.5168125,772.800875,0.0,0.0,0.0
236,236,0.0,0.0,0.0,0.0,0.0,0.0,0.0,0.0,0.0,569.0625625,571.836875,0.0,768.9509375,0.0,0.0,0.0
237,237,0.0,0.0,0.0,0.0,0.0,0.0,0.0,0.0,0.0,570.57775,572.96825,0.0,765.1449375,0.0,0.0,0.0
238,238,0.0,0.0,0.0,0.0,0.0,0.0,0.0,0.0,0.0,572.17425,574.1826875,0.0,761.383625,0.0,0.0,0.0
239,239,0.0,0.0,0.0,0.0,0.0,0.0,0.0,0.0,0.0,573.851375,575.479625,0.0,757.6675,0.0,0.0,0.0
240,240,0.0,0.0,0.0,0.0,0.0,0.0,0.0,0.0,0.0,575.6084375,576.8585,0.0,753.997375,813.880125,0.0,0.0
241,241,0.0,0.0,0.0,0.0,0.0,0.0,0.0,0.0,0.0,577.44475,578.31875,0.0,750.3739375,810.417625,0.0,0.0
242,242,0.0,0.0,0.0,0.0,0.0,0.0,0.0,0.0,0.0,579.3595625,579.85975,0.0,746.79775,807.001,0.0,0.0
243,243,0.0,0.0,0.0,0.0,0.0,0.0,0.0,0.0,0.0,581.352,581.4808125,0.0,743.269625,803.63075,815.7494375,0.0
244,244,0.0,0.0,0.0,0.0,0.0,0.0,0.0,0.0,0.0,583.4213125,583.1813125,0.0,739.790125,800.3075625,811.2666875,0.0
245,245,0.0,0.0,0.0,0.0,0.0,0.0,0.0,0.0,0.0,585.5666875,584.9605625,0.0,736.3600625,797.0320625,806.8191875,0.0
246,246,0.0,0.0,0.0,0.0,0.0,0.0,0.0,0.0,0.0,587.7873125,586.8178125,0.0,732.9800625,793.8046875,802.4074375,0.0
247,247,0.0,0.0,0.0,0.0,0.0,0.0,0.0,0.0,0.0,590.0823125,588.7523125,0.0,729.650875,790.6261875,798.0320625,0.0
248,248,0.0,0.0,0.0,0.0,0.0,0.0,0.0,0.0,0.0,592.450875,590.763375,0.0,726.3731875,787.4970625,793.6936875,0.0
249,249,0.0,0.0,0.0,0.0,0.0,0.0,0.0,0.0,0.0,594.892,592.8501875,0.0,723.1476875,784.418,789.392875,0.0
250,250,0.0,0.0,0.0,0.0,0.0,0.0,0.0,0.0,0.0,597.404875,595.011875,0.0,719.975125,781.3895,785.130375,0.0
251,251,0.0,0.0,0.0,0.0,0.0,0.0,0.0,0.0,0.0,599.9885625,597.2476875,0.0,716.856125,778.4121875,780.906625,0.0
252,252,0.0,0.0,0.0,0.0,0.0,0.0,0.0,0.0,0.0,602.6421875,599.556875,0.0,713.7914375,775.486625,776.7224375,0.0
253,253,0.0,0.0,0.0,0.0,0.0,0.0,0.0,0.0,0.0,605.3648125,601.9384375,0.0,710.7818125,772.6135,772.578375,816.7118125
254,254,0.0,0.0,0.0,0.0,0.0,0.0,0.0,0.0,0.0,608.1554375,604.3915625,0.0,707.827875,769.7933125,768.475125,812.784625
255,255,0.0,0.0,0.0,0.0,0.0,0.0,0.0,0.0,0.0,611.01325,606.9154375,0.0,704.930375,767.0266875,764.4133125,808.898875
256,256,0.0,0.0,0.0,0.0,0.0,0.0,0.0,0.0,0.0,613.93725,609.509125,0.0,702.0900625,764.3141875,760.3935625,805.05525
257,257,0.0,0.0,0.0,0.0,0.0,0.0,0.0,0.0,0.0,616.9265,612.1718125,0.0,699.3075,761.6564375,756.4166875,801.2541875
258,258,0.0,0.0,0.0,0.0,0.0,0.0,0.0,0.0,0.0,619.98,614.9025,0.0,696.5835625,759.054,752.48325,797.4965
259,259,0.0,0.0,0.0,0.0,0.0,0.0,0.0,0.0,0.0,623.096875,617.7003125,0.0,693.91875,756.507375,748.594,793.782625
260,260,0.0,0.0,0.0,0.0,0.0,0.0,0.0,0.0,0.0,626.276125,620.564375,0.0,691.3139375,754.01725,744.749625,790.113375
261,261,0.0,0.0,0.0,0.0,0.0,0.0,0.0,0.0,0.0,629.5168125,623.49375,0.0,688.7696875,751.5840625,740.9508125,786.4891875
262,262,0.0,0.0,0.0,0.0,0.0,0.0,0.0,0.0,0.0,632.8180625,626.4875,0.0,686.2866875,749.2085,737.19825,782.9108125
263,263,0.0,0.0,0.0,0.0,0.0,0.0,0.0,0.0,0.0,636.1788125,629.54475,0.0,683.865625,746.891,733.4926875,779.378875
264,264,0.0,0.0,0.0,0.0,0.0,0.0,0.0,0.0,0.0,639.5981875,632.6645,0.0,681.50725,744.6321875,729.834875,775.894
265,265,0.0,0.0,0.0,0.0,0.0,0.0,0.0,0.0,0.0,643.0751875,635.8459375,0.0,679.2120625,742.432625,726.2254375,772.4568125
266,266,0.0,0.0,0.0,0.0,0.0,0.0,0.0,0.0,0.0,646.609,639.0880625,0.0,676.9808125,740.2926875,722.6651875,769.0679375
267,267,0.0,0.0,0.0,0.0,0.0,0.0,0.0,0.0,0.0,650.1985625,642.3899375,0.0,674.8140625,738.2130625,719.154875,765.7280625
268,268,0.0,0.0,0.0,0.0,0.0,0.0,0.0,0.0,0.0,653.8430625,645.7506875,0.0,672.7125,736.1941875,715.695125,762.4378125
269,269,0.0,0.0,0.0,0.0,0.0,0.0,0.0,0.0,0.0,657.5415,649.169375,0.0,670.67675,734.236625,712.2868125,759.197875
270,270,0.0,0.0,0.0,0.0,0.0,0.0,0.0,0.0,0.0,661.2929375,652.6450625,0.0,668.707375,732.34075,708.9305625,756.0088125
271,271,0.0,0.0,0.0,0.0,0.0,0.0,0.0,0.0,0.0,665.096625,656.1769375,0.0,666.805,730.507125,705.62725,752.871375
272,272,0.0,0.0,0.0,0.0,0.0,0.0,0.0,0.0,0.0,668.9515,659.7639375,0.0,664.9701875,728.73625,702.3775,749.7861875
273,273,0.0,0.0,0.0,0.0,0.0,0.0,0.0,0.0,0.0,672.8568125,663.4053125,0.0,663.2035,727.0285625,699.182125,746.7538125
274,274,0.0,0.0,0.0,0.0,0.0,0.0,0.0,0.0,0.0,676.8115625,667.100125,0.0,661.5054375,725.3844375,696.041875,743.7750625
275,275,0.0,0.0,0.0,0.0,0.0,0.0,0.0,0.0,0.0,680.8149375,670.8474375,0.0,659.876625,723.8044375,692.9575,740.8504375
276,276,0.0,0.0,0.0,0.0,0.0,0.0,0.0,0.0,0.0,684.866125,674.646375,0.0,658.3175,722.288875,689.9296875,737.9806875
277,277,0.0,0.0,0.0,0.0,0.0,0.0,0.0,0.0,0.0,688.96425,678.496125,0.0,656.828625,720.8381875,686.9593125,735.166375
278,278,0.0,0.0,0.0,0.0,0.0,0.0,0.0,0.0,0.0,693.1084375,682.3958125,0.0,655.4104375,719.4528125,684.0470625,732.4081875
279,279,0.0,0.0,0.0,0.0,0.0,0.0,0.0,0.0,0.0,697.297875,686.3445,0.0,654.063375,718.133125,681.1936875,729.7068125
280,280,0.0,0.0,0.0,0.0,0.0,0.0,0.0,0.0,0.0,701.5318125,690.3415,0.0,652.7879375,716.8794375,678.3999375,727.06275
281,281,0.0,0.0,0.0,0.0,0.0,0.0,0.0,0.0,0.0,705.8093125,694.3858125,0.0,651.5845625,715.692125,675.6665,724.47675
282,282,0.0,0.0,0.0,0.0,0.0,0.0,0.0,0.0,0.0,710.1296875,698.4766875,0.0,650.4535625,714.5715,672.9941875,721.9494375
283,283,0.0,0.0,0.0,0.0,0.0,0.0,0.0,0.0,0.0,714.4921875,702.6133125,0.0,649.3954375,713.517875,670.3836875,719.481375
284,284,0.0,0.0,0.0,0.0,0.0,0.0,0.0,0.0,0.0,718.8959375,706.794875,0.0,648.4104375,712.531625,667.8358125,717.0731875
285,285,0.0,0.0,0.0,0.0,0.0,0.0,0.0,0.0,0.0,723.3401875,711.0205625,0.0,647.4989375,711.613,665.3511875,714.7255
286,286,0.0,0.0,0.0,0.0,0.0,0.0,0.0,0.0,0.0,727.82425,715.2895625,0.0,646.66125,710.7621875,662.9305,712.4389375
287,287,0.0,0.0,0.0,0.0,0.0,0.0,0.0,0.0,0.0,732.347375,719.6011875,0.0,645.897625,709.9795,660.5745625,710.2140625
288,288,0.0,0.0,0.0,0.0,0.0,0.0,0.0,0.0,0.0,736.9088125,723.9545625,0.0,645.2084375,709.265125,658.2840625,708.0514375
289,289,0.0,0.0,0.0,0.0,0.0,0.0,0.0,0.0,0.0,741.507875,728.3490625,0.0,644.5938125,708.6193125,656.0595625,705.9516875
290,290,0.0,0.0,0.0,0.0,0.0,0.0,0.0,0.0,0.0,746.1438125,732.7838125,0.0,644.054,708.04225,653.901875,703.9153125
291,291,0.0,0.0,0.0,0.0,0.0,0.0,0.0,0.0,0.0,750.816,737.258125,0.0,643.58925,707.534125,651.8115625,701.9429375
292,292,0.0,0.0,0.0,0.0,0.0,0.0,0.0,0.0,0.0,755.52375,741.7713125,0.0,643.199625,707.095,649.789375,700.0350625
293,293,0.0,0.0,0.0,0.0,0.0,0.0,0.0,0.0,0.0,760.266375,746.3226875,0.0,642.8853125,706.7250625,647.8359375,698.19225
294,294,0.0,0.0,0.0,0.0,0.0,0.0,0.0,0.0,0.0,765.04325,750.9114375,0.0,642.6464375,706.424375,645.95175,696.415
295,295,0.0,0.0,0.0,0.0,0.0,0.0,0.0,0.0,0.0,769.8536875,755.537,0.0,642.4830625,706.193125,644.1375625,694.70375
296,296,0.0,0.0,0.0,0.0,0.0,0.0,0.0,0.0,0.0,774.6970625,760.198625,0.0,642.3953125,706.03125,642.3939375,693.059125
297,297,0.0,0.0,0.0,0.0,0.0,0.0,0.0,0.0,0.0,779.57275,764.8956875,0.0,642.3830625,705.9389375,640.7214375,691.4815
298,298,0.0,0.0,0.0,0.0,0.0,0.0,0.0,0.0,0.0,784.4801875,769.6275,0.0,642.4465,705.916125,639.1205625,689.9714375
299,299,0.0,0.0,0.0,0.0,0.0,0.0,0.0,0.0,0.0,789.41875,774.3934375,0.0,642.5854375,705.9628125,637.592,688.52925
