,time,1291,1358,1403,1425,1470,1492,1537,1336,1515,1582,1448,1381,1560,1314,1493,1426,1359,1538,1471,1404,8,1337
0,0,46.88080129601934,23.066064734995493,40.336138959115104,24.504130408536057,28.612039129411343,37.23536461325285,26.36935824157485,0.0,0.0,0.0,0.0,0.0,0.0,0.0,0.0,0.0,0.0,0.0,0.0,0.0,0.0,0.0
1,1,46.87626669685993,23.285878103024274,39.92251129774814,25.06466967937726,28.07612383462962,37.67671119480536,26.084709124022638,0.0,0.0,0.0,0.0,0.0,0.0,0.0,0.0,0.0,0.0,0.0,0.0,0.0,0.0,0.0
2,2,46.87580817417261,23.52060398889141,39.50418261514009,25.622116235346553,27.536142619386588,38.11339795399839,25.81054887475827,0.0,0.0,0.0,0.0,0.0,0.0,0.0,0.0,0.0,0.0,0.0,0.0,0.0,0.0,0.0
3,3,46.879413525673705,23.76955342803275,39.081139662750594,26.176223665604866,26.99225748839156,38.54543564802826,25.547507432346663,0.0,0.0,0.0,0.0,0.0,0.0,0.0,0.0,0.0,0.0,0.0,0.0,0.0,0.0,0.0
4,4,46.887092893038684,24.032044454257075,38.65336524058943,26.72680465903857,26.444636752586497,38.97281840324427,25.29618361351568,0.0,0.0,0.0,0.0,0.0,0.0,0.0,0.0,0.0,0.0,0.0,0.0,0.0,0.0,0.0
5,5,46.89882875541336,24.30736643599637,38.220850671003994,27.273656418599607,25.893467185676357,39.39555004426988,25.057190095270073,0.0,0.0,0.0,0.0,0.0,0.0,0.0,0.0,0.0,0.0,0.0,0.0,0.0,0.0,0.0
6,6,46.91461345550669,24.594812201579074,37.78358337725082,27.816607287146255,25.338955919284174,39.81364921869459,24.831138149434963,0.0,0.0,0.0,0.0,0.0,0.0,0.0,0.0,0.0,0.0,0.0,0.0,0.0,0.0,0.0
7,7,46.93443670877804,24.893656413425518,37.341566698765156,28.35550276740377,24.78133258878401,40.22711859441581,24.618608151728438,0.0,0.0,0.0,0.0,0.0,0.0,0.0,0.0,0.0,0.0,0.0,0.0,0.0,0.0,0.0
8,8,46.958277322803276,25.203211059769657,36.89479382436682,28.890193649703342,24.220838570100767,40.635975331489654,24.42019644181667,0.0,0.0,0.0,0.0,0.0,0.0,0.0,0.0,0.0,0.0,0.0,0.0,0.0,0.0,0.0
9,9,46.98611571507964,25.522789299035153,36.44328196237761,29.42056618293382,23.657768522325384,41.04024407727229,24.23644661140004,0.0,0.0,0.0,0.0,0.0,0.0,0.0,0.0,0.0,0.0,0.0,0.0,0.0,0.0,0.0
10,10,47.01792978749186,25.85172097707415,35.98703142672088,29.94650873088016,23.092421501225317,41.43994522090467,24.067883131550346,0.0,0.0,0.0,0.0,0.0,0.0,0.0,0.0,0.0,0.0,0.0,0.0,0.0,0.0,0.0
11,11,47.05368671088524,26.18931892441885,35.52606060205785,30.467912055107377,22.525143730178357,41.835100773997354,23.915020421653253,47.93520534273991,0.0,0.0,0.0,0.0,0.0,0.0,0.0,0.0,0.0,0.0,0.0,0.0,0.0,0.0
12,12,47.093359539666665,26.53495367987346,35.06039270477041,30.984688145539188,21.956304945641605,42.22573957053207,23.7783318909307,47.65823050155791,0.0,0.0,0.0,0.0,0.0,0.0,0.0,0.0,0.0,0.0,0.0,0.0,0.0,0.0
13,13,47.13691485176319,26.88798272208679,34.59005613972464,31.496768074709195,21.386300627949012,42.61188622496703,23.658231356443423,47.37942320189683,0.0,0.0,0.0,0.0,0.0,0.0,0.0,0.0,0.0,0.0,0.0,0.0,0.0,0.0
14,14,47.18431285531229,27.247821906950385,34.1150769289819,32.00408240874683,20.815618587675644,42.993571779839996,23.55510902101304,47.09880953741258,0.0,0.0,0.0,0.0,0.0,0.0,0.0,0.0,0.0,0.0,0.0,0.0,0.0,0.0
15,15,47.23551159995083,27.613865587065675,33.6355026195484,32.506561664687005,20.244737052289977,43.37083311945294,23.469314167617597,46.8164386001107,0.0,0.0,0.0,0.0,0.0,0.0,0.0,0.0,0.0,0.0,0.0,0.0,0.0,0.0
16,16,47.290475207316156,27.98556680117072,33.151387955030884,33.00416192874029,19.674240474033567,43.743697684329625,23.40111003181471,46.53234595879965,0.0,0.0,0.0,0.0,0.0,0.0,0.0,0.0,0.0,0.0,0.0,0.0,0.0,0.0
17,17,47.34914944045916,28.362370464649388,32.662778335978786,33.49684575519641,19.10472953087286,44.1122084723899,23.350739127498173,46.24657837065643,0.0,0.0,0.0,0.0,0.0,0.0,0.0,0.0,0.0,0.0,0.0,0.0,0.0,0.0
18,18,47.41149039387981,28.74375791606421,32.16975212290366,33.98457369169658,18.536894522243017,44.47639421033514,23.31836556239392,45.95919455209373,0.0,0.0,0.0,0.0,0.0,0.0,0.0,0.0,0.0,0.0,0.0,0.0,0.0,0.0
19,19,47.47744419947388,29.12923531525876,31.672370555157364,34.4673204359198,17.971509546650722,44.83630316922937,23.304100514874364,45.67023487593492,0.0,0.0,0.0,0.0,0.0,0.0,0.0,0.0,0.0,0.0,0.0,0.0,0.0,0.0
20,20,47.54696333869426,29.51834315750071,31.17072118825908,34.945058192772734,17.409444220666884,45.19196491027282,23.308000935594904,45.379769463246866,0.0,0.0,0.0,0.0,0.0,0.0,0.0,0.0,0.0,0.0,0.0,0.0,0.0,0.0
21,21,47.61998255174807,29.91060564358351,30.66491144019173,35.4177721204114,16.851615401864322,45.54341881495092,23.330041166536745,45.08785455536328,0.0,0.0,0.0,0.0,0.0,0.0,0.0,0.0,0.0,0.0,0.0,0.0,0.0,0.0
22,22,47.69644716698461,30.30561083593424,30.15504161676739,35.885459090106785,16.299118758215144,45.89071759182026,23.370168576879124,44.79455454666613,0.0,0.0,0.0,0.0,0.0,0.0,0.0,0.0,0.0,0.0,0.0,0.0,0.0,0.0
23,23,47.776297069860725,30.702949463389906,29.641233256664535,36.34810518094043,15.753124215391523,46.233891550101575,23.42820754589556,44.49994721011539,0.0,0.0,0.0,0.0,0.0,0.0,0.0,0.0,0.0,0.0,0.0,0.0,0.0,0.0
24,24,47.859466882815056,31.10222527983114,29.123621211678604,36.80572188155976,15.214997603896848,46.57298445639961,23.50399949235448,44.20410059035818,0.0,0.0,0.0,0.0,0.0,0.0,0.0,0.0,0.0,0.0,0.0,0.0,0.0,0.0
25,25,0.0,31.503082310977568,28.602354822562376,37.25829577302154,14.68620997407831,46.908044016330905,23.597280724062344,43.90710131035693,0.0,0.0,0.0,0.0,0.0,0.0,0.0,0.0,0.0,0.0,0.0,0.0,0.0,0.0
26,26,0.0,31.905175530506106,28.0775992238202,37.70585134209677,14.168445839026504,47.23910923746916,23.707727243769853,43.60903606101355,0.0,0.0,0.0,0.0,0.0,0.0,0.0,0.0,0.0,0.0,0.0,0.0,0.0,0.0
27,27,0.0,32.30816220920116,27.549525728861617,38.148394890700786,13.663605042520118,47.56622722168408,23.83499903480343,43.30998638198466,0.0,0.0,0.0,0.0,0.0,0.0,0.0,0.0,0.0,0.0,0.0,0.0,0.0,0.0
28,28,0.0,32.7117454266021,27.01834602589424,38.58594845514838,13.173772177572445,47.88944454897849,23.9786759612018,43.01005868617367,0.0,0.0,0.0,0.0,0.0,0.0,0.0,0.0,0.0,0.0,0.0,0.0,0.0,0.0
29,29,0.0,33.115637171928306,26.48428198308776,39.01851703103953,12.70131253521086,0.0,24.138329680440336,42.70934972442331,0.0,0.0,0.0,0.0,0.0,0.0,0.0,0.0,0.0,0.0,0.0,0.0,0.0,0.0
30,30,0.0,33.51955837144124,25.947578150255595,39.44613321870982,12.248807951073871,0.0,24.31347420856831,42.40797190810924,0.0,0.0,0.0,0.0,0.0,0.0,0.0,0.0,0.0,0.0,0.0,0.0,0.0,0.0
31,31,0.0,33.923246915806466,25.408479258317783,39.86881854753063,11.819148284655796,0.0,24.503584503245364,42.106032923771785,0.0,0.0,0.0,0.0,0.0,0.0,0.0,0.0,0.0,0.0,0.0,0.0,0.0,0.0
32,32,0.0,34.32646470749182,24.86730558456739,40.28660223877776,11.415410642109634,0.0,24.708127296581566,41.80365682001757,47.9133757728718,0.0,0.0,0.0,0.0,0.0,0.0,0.0,0.0,0.0,0.0,0.0,0.0,0.0
33,33,0.0,34.72898836562123,24.324371212801154,40.699514738778085,11.04102173231388,0.0,24.926526615566246,41.50097400518299,47.59533805307504,0.0,0.0,0.0,0.0,0.0,0.0,0.0,0.0,0.0,0.0,0.0,0.0,0.0
34,34,0.0,35.13060091988291,23.78000864980612,41.10758763460772,10.69946380023832,0.0,25.158207140033426,41.19811585630762,47.27363967356754,0.0,0.0,0.0,0.0,0.0,0.0,0.0,0.0,0.0,0.0,0.0,0.0,0.0
35,35,0.0,35.531106681317034,23.234625933088807,41.51085357356297,10.39449185336403,0.0,25.40256028541667,40.895214493267034,46.94824397993757,0.0,0.0,0.0,0.0,0.0,0.0,0.0,0.0,0.0,0.0,0.0,0.0,0.0
36,36,0.0,35.93031525440273,22.688644966845843,41.90935158474764,10.129763677600863,0.0,25.658986250547443,40.59242561440542,46.619118475297675,0.0,0.0,0.0,0.0,0.0,0.0,0.0,0.0,0.0,0.0,0.0,0.0,0.0
37,37,0.0,36.32806299428015,22.142531390675998,42.30312117885269,9.908864845630362,0.0,25.92687257743897,40.28990656804438,46.28623521203637,0.0,0.0,0.0,0.0,0.0,0.0,0.0,0.0,0.0,0.0,0.0,0.0,0.0
38,38,0.0,36.724175994095646,21.59678422460496,42.69219193307623,9.73503144348463,0.0,26.205598162899513,39.98781016601025,45.94955807435129,0.0,0.0,0.0,0.0,0.0,0.0,0.0,0.0,0.0,0.0,0.0,0.0,0.0
39,39,0.0,37.11851271128827,21.05197053729151,43.07661498116227,9.611070220350541,0.0,26.49456036065,39.686308123866034,45.6090643311673,0.0,0.0,0.0,0.0,0.0,0.0,0.0,0.0,0.0,0.0,0.0,0.0,0.0
40,40,0.0,37.510927720086045,20.508701459621918,43.45643102452818,9.539100662364007,0.0,26.793153563186543,39.38558601107293,45.264718633097466,0.0,0.0,0.0,0.0,0.0,0.0,0.0,0.0,0.0,0.0,0.0,0.0,0.0
41,41,0.0,37.901292292271,19.967670193472074,43.83167619960577,9.52035882501049,0.0,27.100772255664225,39.08581278115756,44.91649495742948,0.0,0.0,0.0,0.0,0.0,0.0,0.0,0.0,0.0,0.0,0.0,0.0,0.0
42,42,0.0,38.28949322683785,19.429610230223275,44.202401704022414,9.55517261425436,0.0,27.41683605051172,38.78719591841369,44.564372775215226,0.0,0.0,0.0,0.0,0.0,0.0,0.0,0.0,0.0,0.0,0.0,0.0,0.0
43,43,0.0,38.67541904985051,18.895352198959017,44.56864883431376,9.642934930667096,0.0,27.7407464594978,38.48992623647987,44.20832316177864,47.80693371052758,0.0,0.0,0.0,0.0,0.0,0.0,0.0,0.0,0.0,0.0,0.0,0.0
44,44,0.0,39.058960183446835,18.365798898124382,44.93046836485818,9.782115905175488,0.0,28.07196629754243,38.19421516132896,43.848322648490495,47.59099480820221,0.0,0.0,0.0,0.0,0.0,0.0,0.0,0.0,0.0,0.0,0.0,0.0
45,45,0.0,39.440033546148555,17.84193246143731,45.287901516563075,9.970419660793198,0.0,28.40992165509912,37.90027599605613,43.48435871502753,47.3755037195357,0.0,0.0,0.0,0.0,0.0,0.0,0.0,0.0,0.0,0.0,0.0,0.0
46,46,0.0,39.81854440220092,17.324881812455914,45.640998609940425,10.20484229902739,0.0,28.754090444314365,37.60833693428301,43.11641051161481,47.16055097169769,0.0,0.0,0.0,0.0,0.0,0.0,0.0,0.0,0.0,0.0,0.0,0.0
47,47,0.0,40.19441713210767,16.815817479866325,45.989805108452224,10.482045110632157,0.0,29.103959236459907,37.31862803318863,42.744458359171496,46.946230018481664,0.0,0.0,0.0,0.0,0.0,0.0,0.0,0.0,0.0,0.0,0.0,0.0
48,48,0.0,40.56758218539448,16.316099299613953,46.334370606531266,10.798360276026244,0.0,29.459034501433756,37.03138767107618,42.36849438195614,46.732641466249376,0.0,0.0,0.0,0.0,0.0,0.0,0.0,0.0,0.0,0.0,0.0,0.0
49,49,0.0,40.93797008152554,15.827189202302819,46.67474000476641,11.150161918746022,0.0,29.818813149926065,36.746869554951616,41.98850211941148,46.51987634070885,0.0,0.0,0.0,0.0,0.0,0.0,0.0,0.0,0.0,0.0,0.0,0.0
50,50,0.0,41.30552831802744,15.35067898067723,47.01097044739863,11.533727373287022,0.0,30.18286259697986,36.4653290281771,41.60447754947392,46.30804975565284,0.0,0.0,0.0,0.0,0.0,0.0,0.0,0.0,0.0,0.0,0.0,0.0
51,51,0.0,41.670203639778904,14.888344910352487,47.343101755150954,11.945599466056692,0.0,30.550721114445423,36.18702253495897,41.2164190944275,46.09726302303403,0.0,0.0,0.0,0.0,0.0,0.0,0.0,0.0,0.0,0.0,0.0,0.0
52,52,0.0,42.03194764543817,14.442087588724462,47.671189846162164,12.382455651870728,0.0,30.92196724819513,35.91222160524366,40.824322085423375,45.88762465989566,0.0,0.0,0.0,0.0,0.0,0.0,0.0,0.0,0.0,0.0,0.0,0.0
53,53,0.0,42.3907165220333,14.014005779943119,0.0,12.841241158412927,0.0,31.296190210432698,35.64121321504355,40.42819000209379,45.67924618572228,0.0,0.0,0.0,0.0,0.0,0.0,0.0,0.0,0.0,0.0,0.0,0.0
54,54,0.0,42.74647596640338,13.606323191563973,0.0,13.319153436379466,0.0,31.673017221561622,35.37427766649469,40.02802334808358,45.47225109568542,47.67613309043153,0.0,0.0,0.0,0.0,0.0,0.0,0.0,0.0,0.0,0.0,0.0
55,55,0.0,43.09919032250107,13.221455194086204,0.0,13.813746495501292,0.0,32.05207604161544,35.11169495509914,39.62384347260517,45.26674809257794,47.34791405227717,0.0,0.0,0.0,0.0,0.0,0.0,0.0,0.0,0.0,0.0,0.0
56,56,0.0,43.44883779887074,12.861886525334171,0.0,14.322654887693034,0.0,32.43300474210755,34.853774691097044,39.21565752976426,45.06286679645856,47.0156378783841,0.0,0.0,0.0,0.0,0.0,0.0,0.0,0.0,0.0,0.0,0.0
57,57,0.0,43.79538486168316,12.530275103035933,0.0,14.843917930826635,0.0,32.81547736277378,34.60081837085066,38.803488401154176,44.860726224526594,46.679260606974466,0.0,0.0,0.0,0.0,0.0,0.0,0.0,0.0,0.0,0.0,0.0
58,58,0.0,44.13882588831592,12.229331014811052,0.0,15.375677201548442,0.0,33.1991766721068,34.353125870049,38.38736333809679,44.66045276208972,46.338725233812134,0.0,0.0,0.0,0.0,0.0,0.0,0.0,0.0,0.0,0.0,0.0
59,59,0.0,44.47912880443763,11.961725937065893,0.0,15.916308254253522,0.0,33.583802497898105,34.111010421119666,37.96730768068298,44.462180354457644,45.993991119840764,0.0,0.0,0.0,0.0,0.0,0.0,0.0,0.0,0.0,0.0,0.0
60,60,0.0,44.81629323076285,11.7300754040525,0.0,16.464393104859255,0.0,33.96906305462467,33.87478245225511,37.54335791100722,44.26603633697508,45.64499996577079,0.0,0.0,0.0,0.0,0.0,0.0,0.0,0.0,0.0,0.0,0.0
61,61,0.0,45.15030674150369,11.53682182818892,0.0,17.01859313720368,0.0,34.35469863157122,33.64476481011863,37.11556267054781,44.07216020431379,45.291705912215356,0.0,0.0,0.0,0.0,0.0,0.0,0.0,0.0,0.0,0.0,0.0
62,62,0.0,45.48115941899572,11.384199886726648,0.0,17.577801602884904,0.0,34.7404485653185,33.42127607875576,36.68396283505954,43.880679609535974,44.93406753198889,0.0,0.0,0.0,0.0,0.0,0.0,0.0,0.0,0.0,0.0,0.0
63,63,0.0,45.808848123326186,11.274044064930735,0.0,18.140959627553627,0.0,35.12607478644421,33.20462938167178,36.24862623003545,43.69174404247699,44.5720247409875,0.0,0.0,0.0,0.0,0.0,0.0,0.0,0.0,0.0,0.0,0.0
64,64,0.0,46.133375980993065,11.20775749822441,0.0,18.707163750053553,0.0,35.511360443559035,32.99514795669738,35.809606447177806,43.505485875144466,44.20554020729926,0.0,0.0,0.0,0.0,0.0,0.0,0.0,0.0,0.0,0.0,0.0
65,65,0.0,46.45473911574336,11.186171921659223,0.0,19.275574539685138,0.0,35.896079435965625,32.79314772501397,35.36697836196169,43.32204942568049,43.83456737175827,0.0,0.0,0.0,0.0,0.0,0.0,0.0,0.0,0.0,0.0,0.0
66,66,0.0,46.77294404369443,11.209594582307474,0.0,19.8454443747638,0.0,36.280047945281204,32.59893592309094,34.92081729535634,43.141576091467215,43.459049549830745,0.0,0.0,0.0,0.0,0.0,0.0,0.0,0.0,0.0,0.0,0.0
67,67,0.0,47.087998611086995,11.277694916929974,0.0,20.416106205506622,0.0,36.663064981941986,32.41283567298291,34.471230000185095,42.96421931725391,43.078954555588,0.0,0.0,0.0,0.0,0.0,0.0,0.0,0.0,0.0,0.0,0.0
68,68,0.0,47.39990380919578,11.38961924624202,0.0,20.986979641192477,0.0,37.044955811352274,32.2351420433933,34.01830191053498,42.79011392767926,42.69423050024089,0.0,0.0,0.0,0.0,0.0,0.0,0.0,0.0,0.0,0.0,0.0
69,69,0.0,47.70867828200767,11.543945080095682,0.0,21.557498579516235,0.0,37.42556331086574,32.06616382534189,33.562151508723474,42.61941669577409,42.30484083820078,0.0,0.0,0.0,0.0,0.0,0.0,0.0,0.0,0.0,0.0,0.0
70,70,0.0,0.0,11.738791337667408,0.0,22.127200538641603,0.0,37.80473355414268,31.90617873114681,33.10290028801248,42.452270303792574,41.910733560439255,0.0,0.0,0.0,0.0,0.0,0.0,0.0,0.0,0.0,0.0,0.0
71,71,0.0,0.0,11.971973361499764,0.0,22.695612215287937,0.0,38.18231594866165,31.75548483210735,32.640681172979775,42.288818359881816,41.51187816515641,0.0,0.0,0.0,0.0,0.0,0.0,0.0,0.0,0.0,0.0,0.0
72,72,0.0,0.0,12.24098012443693,0.0,23.26233666397914,0.0,38.55818890254846,31.614346304129597,32.175648115372944,42.1292158710226,41.10823416757925,0.0,0.0,0.0,0.0,0.0,0.0,0.0,0.0,0.0,0.0,0.0
73,73,0.0,0.0,12.543251176426182,0.0,23.827030125108735,0.0,38.93221994963376,31.48301844779234,31.70795113297656,41.97360792654009,40.69975577172841,0.0,0.0,0.0,0.0,0.0,0.0,0.0,0.0,0.0,0.0,0.0
74,74,0.0,0.0,12.876055900209877,0.0,24.38934335281523,0.0,39.30429170246152,31.361746498507728,31.237771940630964,41.822145303860545,40.286420601957154,0.0,0.0,0.0,0.0,0.0,0.0,0.0,0.0,0.0,0.0,0.0
75,75,0.0,0.0,13.236688217635162,0.0,24.949000016794642,0.0,39.67430083804835,31.25077361083271,30.76530834505028,41.67496257665913,39.868184319044786,0.0,0.0,0.0,0.0,0.0,0.0,0.0,0.0,0.0,0.0,0.0
76,76,0.0,0.0,13.622574641819185,0.0,25.505713577231575,0.0,40.04215120921104,31.150293820808997,30.29075621531819,41.532221277924535,39.44502099206903,0.0,0.0,0.0,0.0,0.0,0.0,0.0,0.0,0.0,0.0,0.0
77,77,0.0,0.0,14.031129211637904,0.0,26.05923777044054,0.0,40.40774765744397,31.060533361094286,29.81435775721181,41.39404966440339,39.016900105793326,0.0,0.0,0.0,0.0,0.0,0.0,0.0,0.0,0.0,0.0,0.0
78,78,0.0,0.0,14.45999627106707,0.0,26.609350461071536,0.0,40.77100762995475,30.981639047209306,29.336355914840702,41.260591491803325,38.583798762009316,0.0,0.0,0.0,0.0,0.0,0.0,0.0,0.0,0.0,0.0,0.0
79,79,0.0,0.0,14.906958319930823,0.0,27.155862595964727,0.0,41.1318603106447,30.913797281106852,28.857014198621087,41.13199507582818,38.145689429147076,47.80666414638741,0.0,0.0,0.0,0.0,0.0,0.0,0.0,0.0,0.0,0.0
80,80,0.0,0.0,15.36990013690452,0.0,27.69858163487848,0.0,41.49022374408777,30.857131200273145,28.376618278413225,41.00838491986712,37.702552682961006,47.48773608908707,0.0,0.0,0.0,0.0,0.0,0.0,0.0,0.0,0.0,0.0
81,81,0.0,0.0,15.846951744238297,0.0,28.23734489799265,0.0,41.84603853215576,30.811755433122045,27.895499447962408,40.88990619356804,37.25436442345969,47.16514818230229,0.0,0.0,0.0,0.0,0.0,0.0,0.0,0.0,0.0,0.0
82,82,0.0,0.0,16.33634282275071,0.0,28.772005989615906,0.0,42.199250100684665,30.777775559311202,27.413972362271245,40.776679376318846,36.801123127777686,46.83887260673553,0.0,0.0,0.0,0.0,0.0,0.0,0.0,0.0,0.0,0.0
83,83,0.0,0.0,16.836487135255666,0.0,29.3024333624652,0.0,42.54980322460066,30.755249981497727,26.93242298658975,40.668828041660234,36.34280958443798,46.50887359359164,0.0,0.0,0.0,0.0,0.0,0.0,0.0,0.0,0.0,0.0
84,84,0.0,0.0,17.345908022816616,0.0,29.828509038114404,0.0,42.89764738430628,30.744226963497248,26.451222678511293,40.56648450220221,35.87941386695704,46.175119696028695,0.0,0.0,0.0,0.0,0.0,0.0,0.0,0.0,0.0,0.0
85,85,0.0,0.0,17.863271671272088,0.0,30.35012746339089,0.0,43.24274156242464,30.74473498380518,25.97082083359618,40.46975496086773,35.410951243063934,45.837584195998204,0.0,0.0,0.0,0.0,0.0,0.0,0.0,0.0,0.0,0.0
86,86,0.0,0.0,18.3873931529519,0.0,30.867185135225377,0.0,43.585048613838026,30.756782564179005,25.49166710599434,40.378759475760766,34.93740389337432,45.49623657020106,0.0,0.0,0.0,0.0,0.0,0.0,0.0,0.0,0.0,0.0
87,87,0.0,0.0,18.91716723988941,0.0,31.37960820264363,0.0,43.92453506203573,30.78032065721562,25.014247416477133,40.293602783605266,34.45879496839618,45.15104670556658,0.0,0.0,0.0,0.0,0.0,0.0,0.0,0.0,0.0,0.0
88,88,0.0,0.0,19.451615154591835,0.0,31.887322613914158,0.0,44.2611709053498,30.81531804548647,24.539112637383155,40.21438551645683,33.975129321718626,44.80199889530552,0.0,0.0,0.0,0.0,0.0,0.0,0.0,0.0,0.0,0.0
89,89,0.0,0.0,19.98982030353058,0.0,32.390263216877386,0.0,44.594929432591584,30.861695846355076,24.066804999285893,40.14119802543085,33.48642385054866,44.44906000986984,0.0,0.0,0.0,0.0,0.0,0.0,0.0,0.0,0.0,0.0
90,90,0.0,0.0,20.5309563963971,0.0,32.88838153347957,0.0,44.92579166943151,30.919356206407947,23.59796363335117,40.074131857310874,32.99270878348777,44.09221162388605,0.0,0.0,0.0,0.0,0.0,0.0,0.0,0.0,0.0,0.0
91,91,0.0,0.0,21.074309589705706,0.0,33.38161936808809,0.0,45.25373673155718,30.98819217500676,23.133236562126086,40.01327366244209,32.4940204808962,43.73143173489378,0.0,0.0,0.0,0.0,0.0,0.0,0.0,0.0,0.0,0.0
92,92,0.0,0.0,21.619188733804606,0.0,33.86995055486654,0.0,45.57875100032519,31.068041916202212,22.673321766675116,39.95869303125704,31.990393075255774,43.36669940598944,0.0,0.0,0.0,0.0,0.0,0.0,0.0,0.0,0.0,0.0
93,93,0.0,0.0,22.16496970015126,0.0,34.353330335956265,0.0,45.90082320379193,31.158773202787643,22.218985106136103,39.91046002225062,31.481866930545138,42.998005058711286,0.0,0.0,0.0,0.0,0.0,0.0,0.0,0.0,0.0,0.0
94,94,0.0,0.0,22.71110274625559,0.0,34.83174385640464,0.0,46.21994428893795,31.260182397322502,21.771035086137132,39.868633067697935,30.96850773730491,42.62533071895952,0.0,0.0,0.0,0.0,0.0,0.0,0.0,0.0,0.0,0.0
95,95,0.0,0.0,23.257076302354392,0.0,35.30516548722042,0.0,46.536107300051434,31.372078869079495,21.330323986898122,39.83326471957599,30.450371306990426,42.24867037274292,0.0,0.0,0.0,0.0,0.0,0.0,0.0,0.0,0.0,0.0
96,96,0.0,0.0,23.802440709239093,0.0,35.773589583745206,0.0,46.84931143732638,31.49424907272892,20.897780491068687,39.80440148925071,29.927531219703262,41.868004048398994,0.0,0.0,0.0,0.0,0.0,0.0,0.0,0.0,0.0,0.0
97,97,0.0,0.0,24.34674889332652,0.0,36.23700695515523,0.0,47.15954928559412,31.626457911136363,20.47438135479554,39.7820837039574,29.400080812479935,41.48334050640927,0.0,0.0,0.0,0.0,0.0,0.0,0.0,0.0,0.0,0.0
98,98,0.0,0.0,24.889634247707562,0.0,36.69541243348142,0.0,47.466827588694464,31.768459127715133,20.06113443393791,39.76632733916325,28.868104375208397,41.09466942118726,0.0,0.0,0.0,0.0,0.0,0.0,0.0,0.0,0.0,0.0
99,99,0.0,0.0,25.430751531125566,0.0,37.14880459985246,0.0,47.771146284858254,31.919996496133948,19.6591613602275,39.75716598701151,28.33171785265631,40.70199379525221,0.0,0.0,0.0,0.0,0.0,0.0,0.0,0.0,0.0,0.0
100,100,0.0,0.0,25.969763328294547,0.0,37.5971922293516,0.0,0.0,32.08078740895382,19.269598292397347,39.75460872109525,27.791029056048245,40.30531367713303,0.0,0.0,0.0,0.0,0.0,0.0,0.0,0.0,0.0,0.0
101,101,0.0,0.0,26.50637540594044,0.0,38.040586771861314,0.0,0.0,32.250550978428194,18.89366041731624,39.75865205951049,27.24618080814721,39.904649653173415,0.0,0.0,0.0,0.0,0.0,0.0,0.0,0.0,0.0,0.0
102,102,0.0,0.0,27.040343501195032,0.0,38.47900217613058,0.0,0.0,32.4290088734254,18.532585984140226,39.76929199910383,26.697320690450795,39.50000828626416,0.0,0.0,0.0,0.0,0.0,0.0,0.0,0.0,0.0,0.0
103,103,0.0,0.0,27.571412455994448,0.0,38.91245472458512,0.0,0.0,32.6158432261825,18.18766515950709,39.7865180139628,26.144624785172738,39.09141162282794,0.0,0.0,0.0,0.0,0.0,0.0,0.0,0.0,0.0,0.0
104,104,0.0,0.0,28.09936169063883,0.0,39.340969021130455,0.0,0.0,32.810758784640996,17.860233278535674,39.81031308809463,25.588252088291924,38.678873288900775,0.0,0.0,0.0,0.0,0.0,0.0,0.0,0.0,0.0,0.0
105,105,0.0,0.0,28.62399118018746,0.0,39.76455915822315,0.0,0.0,33.01344076894705,17.551681315218985,39.84064178484322,25.028429445424777,38.26243634298112,0.0,0.0,0.0,0.0,0.0,0.0,0.0,0.0,0.0,0.0
106,106,0.0,0.0,29.14511966065386,0.0,40.183259313849554,0.0,0.0,33.22357338587866,17.263345931090768,39.87746239077736,24.465356977322614,37.842123292068386,0.0,0.0,0.0,0.0,0.0,0.0,0.0,0.0,0.0,0.0
107,107,0.0,0.0,29.66259295612359,0.0,40.597092923454866,0.0,0.0,33.44084082468025,16.996629982064633,39.920733013087414,23.899310211335546,37.41798100073526,0.0,0.0,0.0,0.0,0.0,0.0,0.0,0.0,0.0,0.0
108,108,0.0,0.0,30.176252226561246,0.0,41.00609640765917,0.0,0.0,33.6649281854481,16.752845736276512,39.97039379418943,23.33055405394714,36.99004861342877,0.0,0.0,0.0,0.0,0.0,0.0,0.0,0.0,0.0,0.0
109,109,0.0,0.0,30.68597295197671,0.0,41.41030130127309,0.0,0.0,33.89551429446913,16.533314517466735,40.02639096839988,22.759382627011405,36.558391746752896,0.0,0.0,0.0,0.0,0.0,0.0,0.0,0.0,0.0,0.0
110,110,0.0,0.0,31.191624513970396,0.0,41.80974018686436,0.0,0.0,34.13228091199931,16.339284178953548,40.08864728640539,22.186137552827503,36.12306191315651,0.0,0.0,0.0,0.0,0.0,0.0,0.0,0.0,0.0,0.0
111,111,0.0,0.0,31.69310738706499,0.0,42.20444661753092,0.0,0.0,34.37491346377461,16.171904177034136,40.157091982165454,21.611183910148995,35.6841314956323,0.0,0.0,0.0,0.0,0.0,0.0,0.0,0.0,0.0,0.0
112,112,0.0,0.0,32.19032364693997,0.0,42.594470683485135,0.0,0.0,34.623086180366876,16.032200288909294,40.23164316854848,21.034928340087944,35.2416807410817,0.0,0.0,0.0,0.0,0.0,0.0,0.0,0.0,0.0,0.0
113,113,0.0,0.0,32.683194321598044,0.0,42.97984163333506,0.0,0.0,34.876509631838026,15.921093992602493,40.312202322338905,20.457840803183075,34.795790616333505,0.0,0.0,0.0,0.0,0.0,0.0,0.0,0.0,0.0,0.0
114,114,0.0,0.0,33.17163256712286,0.0,43.360599946906014,0.0,0.0,35.134861221791944,15.83927085225659,40.39867808837344,19.88039601098606,34.34656613715275,0.0,0.0,0.0,0.0,0.0,0.0,0.0,0.0,0.0,0.0
115,115,0.0,0.0,33.65557754941684,0.0,43.736796278339625,0.0,0.0,35.39784035187229,15.787336408304952,40.49096889730972,19.303177097911814,33.89409850919877,0.0,0.0,0.0,0.0,0.0,0.0,0.0,0.0,0.0,0.0
116,116,0.0,0.0,34.134967962223904,0.0,44.108471191745636,0.0,0.0,35.66516047569059,15.765625161775276,40.58896913832595,18.726783945725657,33.43852894094923,0.0,0.0,0.0,0.0,0.0,0.0,0.0,0.0,0.0,0.0
117,117,0.0,0.0,34.60977347053547,0.0,44.475665550386154,0.0,0.0,35.936527123598694,15.77430040490114,40.692557956924574,18.15192744921451,32.97996141153592,0.0,0.0,0.0,0.0,0.0,0.0,0.0,0.0,0.0,0.0
118,118,0.0,0.0,35.0799307883759,0.0,44.838425123195634,0.0,0.0,36.21165350935846,15.813283502672903,40.80162268978038,17.57934936175262,32.5185611374924,0.0,0.0,0.0,0.0,0.0,0.0,0.0,0.0,0.0,0.0
119,119,0.0,0.0,35.54542179833316,0.0,45.19680011793112,0.0,0.0,36.490267830658766,15.88230015331132,40.91604181836822,17.00994611868886,32.054464346957694,0.0,0.0,0.0,0.0,0.0,0.0,0.0,0.0,0.0,0.0
120,120,0.0,0.0,36.00621081231817,0.0,45.55083133188518,0.0,0.0,36.77209201643347,15.98090990300399,41.035685422849504,16.444646684439107,31.587855396116495,0.0,0.0,0.0,0.0,0.0,0.0,0.0,0.0,0.0,0.0
121,121,0.0,0.0,36.46228215051697,0.0,45.900568543771044,0.0,0.0,37.05687035531718,16.108431230745794,41.16042126103264,15.884544984352416,31.118907292882128,47.842149213818686,0.0,0.0,0.0,0.0,0.0,0.0,0.0,0.0,0.0
122,122,0.0,0.0,36.91361045025002,0.0,46.24606537161643,0.0,0.0,37.34434825174924,16.26404732435533,41.29012064234132,15.330881063603869,30.647826885378684,47.563134459978556,0.0,0.0,0.0,0.0,0.0,0.0,0.0,0.0,0.0
123,123,0.0,0.0,37.36020257201268,0.0,46.58736195981294,0.0,0.0,37.63427275796898,16.446762156425834,41.42464193836148,14.784991015838955,30.174838889943977,47.28223472008805,47.79265723764424,0.0,0.0,0.0,0.0,0.0,0.0,0.0,0.0
124,124,0.0,0.0,37.80203462498486,0.0,46.924506929745064,0.0,0.0,37.92641283691326,16.655467701524415,41.56385322701696,14.248440369012272,29.70017732913766,46.999487228668094,47.57990948971552,0.0,0.0,0.0,0.0,0.0,0.0,0.0,0.0
125,125,0.0,0.0,38.239120270020486,0.0,47.25755252514883,0.0,0.0,38.22052590136197,16.88898833980366,41.707604917515,13.722956005321578,29.224095942773694,46.714932050788384,47.36771504019892,0.0,0.0,0.0,0.0,0.0,0.0,0.0,0.0
126,126,0.0,0.0,38.6714497519317,0.0,47.58654623441602,0.0,0.0,38.51639119527014,17.146021943109872,41.85575769392761,13.210524158337549,28.746880099444212,46.42860793705941,47.156166143141746,0.0,0.0,0.0,0.0,0.0,0.0,0.0,0.0
127,127,0.0,0.0,39.099042194137475,0.0,47.911535105692174,0.0,0.0,38.81380245658546,17.42522694212225,42.0081608957585,12.713367839129674,28.26881771870049,46.140560792916325,46.94535792639645,0.0,0.0,0.0,0.0,0.0,0.0,0.0,0.0
128,128,0.0,0.0,39.52190619930743,0.0,0.0,0.0,0.0,39.11254249964724,17.725262468348063,42.16467451418375,12.233939270048438,27.790253100645373,45.85083973286958,46.73538841002244,0.0,0.0,0.0,0.0,0.0,0.0,0.0,0.0
129,129,0.0,0.0,39.940052929028745,0.0,0.0,0.0,0.0,39.41241509783936,18.04472859811756,42.32515316174501,11.774992580923694,27.311525628223748,45.55950168793458,46.52635851976723,47.685285374789004,0.0,0.0,0.0,0.0,0.0,0.0,0.0
130,130,0.0,0.0,40.35350177097687,0.0,0.0,0.0,0.0,39.71323185957926,18.382299529727916,42.48944128366479,11.339663280002881,26.833025169528078,45.2665982741059,46.31837638961981,47.358863060393844,0.0,0.0,0.0,0.0,0.0,0.0,0.0
131,131,0.0,0.0,40.76227386231554,0.0,0.0,0.0,0.0,40.014800202304215,18.73658490969794,42.65739981683499,10.931285435352905,26.355138214948973,44.97219368600618,46.1115489176905,47.028467282384824,0.0,0.0,0.0,0.0,0.0,0.0,0.0
132,132,0.0,0.0,41.16638636604995,0.0,0.0,0.0,0.0,40.31695333881643,19.106292508245247,42.82886967754488,10.553486986739031,25.87833034750507,44.676356188333834,45.90598152545585,46.6940618271476,0.0,0.0,0.0,0.0,0.0,0.0,0.0
133,133,0.0,0.0,41.56588038654786,0.0,0.0,0.0,0.0,40.61951419224965,19.490143033535304,43.00371371932978,10.21025142197638,25.40306805300358,44.37915352680123,45.7017912198791,46.35559363605112,0.0,0.0,0.0,0.0,0.0,0.0,0.0
134,134,0.0,0.0,41.96077019365626,0.0,0.0,0.0,0.0,40.92233058763803,19.886930589028054,43.18178059625831,9.905523130246223,24.929854899661052,44.080657557428104,45.499098082028766,46.013021826075956,0.0,0.0,0.0,0.0,0.0,0.0,0.0
135,135,0.0,0.0,42.35108809056718,0.0,0.0,0.0,0.0,41.22524022398814,20.29545811235313,43.362930697486846,9.643388262371303,24.459247283692008,43.78095421991534,45.298016176530396,45.66630108189493,0.0,0.0,0.0,0.0,0.0,0.0,0.0
136,136,0.0,0.0,42.736867186945666,0.0,0.0,0.0,0.0,41.5281047959446,20.71460986979814,43.547006057239706,9.427728097786485,23.99183222892985,43.480124544175496,45.09866678082072,45.31539032079303,0.0,0.0,0.0,0.0,0.0,0.0,0.0
137,137,0.0,0.0,43.11814641277739,0.0,0.0,0.0,0.0,41.830781423497946,21.14334989948935,43.73387571212381,9.262042019046163,23.528228714376993,43.17826430605035,44.90117395262009,44.96023927938383,0.0,0.0,0.0,0.0,0.0,0.0,0.0
138,138,0.0,0.0,43.494955038034604,0.0,0.0,0.0,0.0,42.13313397230407,21.58064292109887,43.92339569941847,9.149337755374972,23.069131141885748,42.875464437825926,44.705669152821,44.60081116751011,0.0,0.0,0.0,0.0,0.0,0.0,0.0
139,139,0.0,0.0,43.867328240168725,0.0,0.0,0.0,0.0,42.43503810452535,22.02559502948958,44.11541954418285,9.091635510251265,22.615243821538613,42.57182608559144,44.51227252956259,44.23706482924345,0.0,0.0,0.0,0.0,0.0,0.0,0.0
140,140,0.0,0.0,44.23531614489774,0.0,0.0,0.0,0.0,42.73637549612134,22.477267468644655,44.309812937248296,9.09014888311522,22.167367344420384,42.26746650024934,44.32112552481191,43.868954329459285,0.0,0.0,0.0,0.0,0.0,0.0,0.0
141,141,0.0,0.0,44.59894481703776,0.0,0.0,0.0,0.0,43.03702854690467,22.93487152255443,44.50644390854794,9.144826591478193,21.726300823704307,41.962487759156986,44.13235319992591,43.49644343775619,0.0,0.0,0.0,0.0,0.0,0.0,0.0
142,142,0.0,0.0,44.958259992794,0.0,0.0,0.0,0.0,43.33689563436463,23.3976025932066,44.70517356791832,9.254630800638537,21.292930394489716,41.65701358435692,43.94609238291493,43.11949137605158,0.0,0.0,0.0,0.0,0.0,0.0,0.0
143,143,0.0,0.0,45.31330263778538,0.0,0.0,0.0,0.0,43.635870376288885,23.86475384728311,44.9058705533585,9.417549076075403,20.86818750487656,41.35117969189795,43.76248712159329,42.73806272042118,0.0,0.0,0.0,0.0,0.0,0.0,0.0
144,144,0.0,0.0,45.66411380580781,0.0,0.0,0.0,0.0,43.933861676307124,24.335642158948318,45.10841085821929,9.630610865319355,20.453065189963638,41.045106238976025,43.581668971583795,42.3521226637513,0.0,0.0,0.0,0.0,0.0,0.0,0.0
145,145,0.0,0.0,46.010743345222885,0.0,0.0,0.0,0.0,44.230773614812584,24.809621160131826,45.31266405992718,9.890341977649186,20.04861928214916,40.73894784419436,43.40377618289821,41.96163707146362,0.0,0.0,0.0,0.0,0.0,0.0,0.0
146,146,0.0,0.0,46.35322336984322,0.0,0.0,0.0,0.0,44.526524886872515,25.28611705248065,45.51850729853384,10.192910199212719,19.65591727142511,40.432837822827906,43.228958836877595,41.5665670465254,0.0,0.0,0.0,0.0,0.0,0.0,0.0
147,147,0.0,0.0,46.69160769826717,0.0,0.0,0.0,0.0,44.821033951015856,25.764573698551047,45.72582064157682,10.53419444621322,19.276154469116875,40.126939328961335,43.0573485924923,41.16689085081714,0.0,0.0,0.0,0.0,0.0,0.0,0.0
148,148,0.0,0.0,47.02593684283357,0.0,0.0,0.0,0.0,45.114223796655864,26.244476488659437,45.93448273254565,10.910212457728576,18.91049821616062,39.821417364516414,42.88909871217002,40.76257706331074,0.0,0.0,0.0,0.0,0.0,0.0,0.0
149,149,0.0,0.0,47.35625944859084,0.0,0.0,0.0,0.0,45.40602628014303,26.72537254052383,46.144384059347914,11.317069675363754,18.560221087449037,39.51643853332772,42.72434851248087,40.353595204122314,0.0,0.0,0.0,0.0,0.0,0.0,0.0
150,150,0.0,0.0,47.68261559625388,0.0,0.0,0.0,0.0,45.6963727390957,27.206808783327283,46.35541362632927,11.751055556582173,18.226607411632045,39.21218313825801,42.563243405051324,39.93992176693214,0.0,0.0,0.0,0.0,0.0,0.0,0.0
151,151,0.0,0.0,0.0,0.0,0.0,0.0,0.0,45.985202920000674,27.688377666879845,46.5674549666472,12.208791261690166,17.91096066986256,38.90882700101016,42.405924381885804,39.5215409229658,0.0,0.0,0.0,0.0,0.0,0.0,0.0
152,152,0.0,0.0,0.0,0.0,0.0,0.0,0.0,46.272460184159286,28.16970260838786,46.78040757200095,12.687213516317229,17.61463053947233,38.606578923168854,42.252532896832385,39.09843285008302,47.93014218442924,0.0,0.0,0.0,0.0,0.0,0.0
153,153,0.0,0.0,0.0,0.0,0.0,0.0,0.0,46.5580913649318,28.650435752357637,46.99416545613846,13.183491614142284,17.338942380223457,38.30563748040545,42.103221335104934,38.67057957709082,47.605408203787924,0.0,0.0,0.0,0.0,0.0,0.0
154,154,0.0,0.0,0.0,0.0,0.0,0.0,0.0,46.842046629105056,29.130255889457885,47.20863399888217,13.695159027860626,17.08521890521193,38.00620287092332,41.95812086463627,38.23797160445758,47.27667919363472,0.0,0.0,0.0,0.0,0.0,0.0
155,155,0.0,0.0,0.0,0.0,0.0,0.0,0.0,47.12427522919799,29.608846605141807,47.42370921772445,14.219979568028577,16.85474202163877,37.70850320625205,41.817383790482346,37.80059549057021,46.94389604239478,0.0,0.0,0.0,0.0,0.0,0.0
156,156,0.0,0.0,0.0,0.0,0.0,0.0,0.0,47.40474188749479,30.085955207615008,47.63930645555368,14.756002928845533,16.648794080522435,37.41276228506299,41.6811349179782,37.35845364699082,46.607019454503295,0.0,0.0,0.0,0.0,0.0,0.0
157,157,0.0,0.0,0.0,0.0,0.0,0.0,0.0,47.68340180437697,30.561310382679203,47.855323831992216,15.301417180468079,16.46851233968151,37.11921928503282,41.54952533148164,36.91154522087709,46.2660016825368,0.0,0.0,0.0,0.0,0.0,0.0
158,158,0.0,0.0,0.0,0.0,0.0,0.0,0.0,0.0,31.03468089752014,0.0,15.854716639796479,16.314946541784153,36.82810844559012,41.42268323660397,36.45987266663947,45.92078576609037,0.0,0.0,0.0,0.0,0.0,0.0
159,159,0.0,0.0,0.0,0.0,0.0,0.0,0.0,0.0,31.505853786741135,0.0,16.414509783635182,16.18907974926863,36.53969340430327,41.300746373351984,36.003441981534465,45.57133151546631,0.0,0.0,0.0,0.0,0.0,0.0
160,160,0.0,0.0,0.0,0.0,0.0,0.0,0.0,0.0,31.97462421017319,0.0,16.979549826020786,16.091699935308483,36.25422574275431,41.18383407466142,35.542270374202744,45.21758527789153,0.0,0.0,0.0,0.0,0.0,0.0
161,161,0.0,0.0,0.0,0.0,0.0,0.0,0.0,0.0,32.44080391607101,0.0,17.548776270983893,16.023421497818347,35.97197249126803,41.0720859170035,35.076379810949746,44.85950650764846,0.0,0.0,0.0,0.0,0.0,0.0
162,162,0.0,0.0,0.0,0.0,0.0,0.0,0.0,0.0,32.90423697355677,0.0,18.12119412834612,15.98473420498857,35.69321655636543,40.965611098842814,34.60579736692808,44.49704070269977,0.0,0.0,0.0,0.0,0.0,0.0
163,163,0.0,0.0,0.0,0.0,0.0,0.0,0.0,0.0,33.36477201844879,0.0,18.695959474575446,15.975860235178544,35.41823472257441,40.864538617162154,34.130555605896795,44.13015179818174,0.0,0.0,0.0,0.0,0.0,0.0
164,164,0.0,0.0,0.0,0.0,0.0,0.0,0.0,0.0,33.82225422510271,0.0,19.272287878242025,15.996899512145731,35.147311603709745,40.76897180992712,33.65069299167276,43.758784711817654,0.0,0.0,0.0,0.0,0.0,0.0
165,165,0.0,0.0,0.0,0.0,0.0,0.0,0.0,0.0,34.27655780712123,0.0,19.849482361680757,16.047696896701268,34.88075474889776,40.67902773655821,33.166254334809985,43.38290354030337,0.0,0.0,0.0,0.0,0.0,0.0
166,166,0.0,0.0,0.0,0.0,0.0,0.0,0.0,0.0,34.72758336970627,0.0,20.426905961960628,16.12791173997482,34.61885655934253,40.59480844425601,32.67729127852677,43.0024577531085,0.0,0.0,0.0,0.0,0.0,0.0
167,167,0.0,0.0,0.0,0.0,0.0,0.0,0.0,0.0,35.175210176152746,0.0,21.00403829637085,16.23698416891648,34.361931761324655,40.51641202664388,32.18388034025554,42.61740677053856,0.0,0.0,0.0,0.0,0.0,0.0
168,168,0.0,0.0,0.0,0.0,0.0,0.0,0.0,0.0,35.61934316384066,0.0,21.580336779015823,16.374235837487603,34.110294121792464,40.44392654866047,31.686089784440632,42.2277156785605,0.0,0.0,0.0,0.0,0.0,0.0
169,169,0.0,0.0,0.0,0.0,0.0,0.0,0.0,0.0,36.05991062127413,0.0,22.15537584114682,16.538822459010817,33.86425548752826,40.377447190881796,31.183996547623778,41.83333954714061,0.0,0.0,0.0,0.0,0.0,0.0
170,170,0.0,0.0,0.0,0.0,0.0,0.0,0.0,0.0,36.49682668556156,0.0,22.72873028950346,16.729713504031608,33.62414107153796,40.317046943524566,30.677696381588767,41.434238984913826,0.0,0.0,0.0,0.0,0.0,0.0
171,171,0.0,0.0,0.0,0.0,0.0,0.0,0.0,0.0,36.93002083122111,0.0,23.30001874272378,16.945800171837718,33.39028108056745,40.26279957446502,30.167305853047267,41.030375074443924,0.0,0.0,0.0,0.0,0.0,0.0
172,172,0.0,0.0,0.0,0.0,0.0,0.0,0.0,0.0,37.3594433673485,0.0,23.86891214625757,17.18589649653731,33.16298500378026,40.214779505503024,29.652924808030946,40.62172093706099,0.0,0.0,0.0,0.0,0.0,0.0
173,173,0.0,0.0,0.0,0.0,0.0,0.0,0.0,0.0,37.785037000508446,0.0,24.43511439707389,17.44874153439612,32.94259849656826,40.17303221027384,29.13469477198565,40.20823945551699,0.0,0.0,0.0,0.0,0.0,0.0
174,174,0.0,0.0,0.0,0.0,0.0,0.0,0.0,0.0,38.20675734778596,0.0,24.998346156664653,17.733002395462236,32.7294447264324,40.1376210245914,28.61277259400866,39.789894159492405,0.0,0.0,0.0,0.0,0.0,0.0
175,175,0.0,0.0,0.0,0.0,0.0,0.0,0.0,0.0,38.624559122526264,0.0,25.55835592615182,18.03739193889055,32.523839331192676,40.10858581924115,28.087299547657587,39.3666676791607,0.0,0.0,0.0,0.0,0.0,0.0
176,176,0.0,0.0,0.0,0.0,0.0,0.0,0.0,0.0,39.038415144235266,0.0,26.114917200074913,18.360512025932422,32.326115113011106,40.0859604789101,27.55846478476621,38.938526173835776,0.0,0.0,0.0,0.0,0.0,0.0
177,177,0.0,0.0,0.0,0.0,0.0,0.0,0.0,0.0,39.44830249404149,0.0,26.667814390869573,18.701098032462454,32.13659552208982,40.06977872277921,27.026465854506903,38.50544947925394,0.0,0.0,0.0,0.0,0.0,0.0
178,178,0.0,0.0,0.0,0.0,0.0,0.0,0.0,0.0,39.85419027104787,0.0,27.216887307640974,19.057786872015058,31.955584271828947,40.06005032934119,26.491508997170037,38.067412937154394,0.0,0.0,0.0,0.0,0.0,0.0
179,179,0.0,0.0,0.0,0.0,0.0,0.0,0.0,0.0,40.256064007430474,0.0,27.76194778613614,19.429349122726038,31.783399134084675,40.056802525957416,25.953857571183818,37.624406887248924,0.0,0.0,0.0,0.0,0.0,0.0
180,180,0.0,0.0,0.0,0.0,0.0,0.0,0.0,0.0,40.653912702487915,0.0,28.302858771895366,19.814532736703015,31.620335484548228,40.06002662466199,25.413740374949754,37.176410916015705,47.82423701518959,0.0,0.0,0.0,0.0,0.0
181,181,0.0,0.0,0.0,0.0,0.0,0.0,0.0,0.0,41.047734242932286,0.0,28.839486819271528,20.21215894524326,31.466682479231565,40.069725413205525,24.871472751130284,36.723413507075904,47.52120259279056,0.0,0.0,0.0,0.0,0.0
182,182,0.0,0.0,0.0,0.0,0.0,0.0,0.0,0.0,41.43751253101192,0.0,29.371702259254825,20.621107072984415,31.322730946232973,40.08588945706396,24.327363476275025,36.26541296819872,47.215245512279964,0.0,0.0,0.0,0.0,0.0
183,183,0.0,0.0,0.0,0.0,0.0,0.0,0.0,0.0,41.82325688110125,0.0,29.89939896843523,21.040268696720858,31.188735614210167,40.10848531891427,23.781752855858528,35.80240380401331,46.906358638238316,0.0,0.0,0.0,0.0,0.0
184,184,0.0,0.0,0.0,0.0,0.0,0.0,0.0,0.0,42.20496247102025,0.0,30.422482367260592,21.46866169983062,31.064968471172904,40.13749705761681,23.235016129253935,35.33439859330202,46.59455292117954,0.0,0.0,0.0,0.0,0.0
185,185,0.0,0.0,0.0,0.0,0.0,0.0,0.0,0.0,42.58264304786738,0.0,30.940877788884862,21.905286580713124,30.951653171342734,40.172884892241164,22.68759605138314,34.86139163002929,46.279820170812485,0.0,0.0,0.0,0.0,0.0
186,186,0.0,0.0,0.0,0.0,0.0,0.0,0.0,0.0,42.956303669064305,0.0,31.454492129179002,22.349251753845024,30.84901889641958,40.21460897388642,22.139922831585295,34.38340364597005,45.962170752118546,0.0,0.0,0.0,0.0,0.0
187,187,0.0,0.0,0.0,0.0,0.0,0.0,0.0,0.0,43.3259566289671,0.0,31.9632785430235,22.799680150885706,30.75727146150335,40.26260598801956,21.592532340436904,33.900452678837155,45.64160843730591,0.0,0.0,0.0,0.0,0.0
188,188,0.0,0.0,0.0,0.0,0.0,0.0,0.0,0.0,43.69161591779129,0.0,32.46717076637842,23.255795769825312,30.67660138990236,40.31683048196965,21.04593901481769,33.412561737325056,45.31814788496799,0.0,0.0,0.0,0.0,0.0
189,189,0.0,0.0,0.0,0.0,0.0,0.0,0.0,0.0,44.053301945837795,0.0,32.966127927467326,23.716820564209257,30.607163896924362,40.37720805410142,20.500792697438442,32.91976761611802,44.991801709832025,0.0,0.0,0.0,0.0,0.0
190,190,0.0,0.0,0.0,0.0,0.0,0.0,0.0,0.0,44.41103149717234,0.0,33.46010720349424,24.182071112992546,30.549106112794796,40.44366495610481,19.95772999409205,32.42209639779443,44.66258022902078,0.0,0.0,0.0,0.0,0.0
191,191,0.0,0.0,0.0,0.0,0.0,0.0,0.0,0.0,44.76482740708105,0.0,33.94908039769106,24.650873094035845,30.502547336205247,40.516128216717654,19.417490402249967,31.919615015530766,44.33051025878226,0.0,0.0,0.0,0.0,0.0
192,192,0.0,0.0,0.0,0.0,0.0,0.0,0.0,0.0,45.11470889095167,0.0,34.43301684502576,25.12262609904309,30.467587720087224,40.594502673341104,18.880912269588492,31.41235431033624,43.995607385148915,0.0,0.0,0.0,0.0,0.0
193,193,0.0,0.0,0.0,0.0,0.0,0.0,0.0,0.0,45.46070536856266,0.0,34.9118992522968,25.596748355712933,30.44430766306295,40.67870027838195,18.34887086239405,30.90039727301103,43.65790448778952,0.0,0.0,0.0,0.0,0.0
194,194,0.0,0.0,0.0,0.0,0.0,0.0,0.0,0.0,45.80283791982165,0.0,35.38571493306794,26.072724758499348,30.432748204725584,40.76862295465804,17.822375826354573,30.383808944331165,43.317428069131665,0.0,0.0,0.0,0.0,0.0
195,195,0.0,0.0,0.0,0.0,0.0,0.0,0.0,0.0,46.141141701992616,0.0,35.85445549142693,26.550031082366957,30.432939324698417,40.86416867055574,17.302489083081085,29.862672869483667,42.974218017842134,0.0,0.0,0.0,0.0,0.0
196,196,0.0,0.0,0.0,0.0,0.0,0.0,0.0,0.0,46.47563917215499,0.0,36.31811652932556,27.028228109373465,30.444880684780834,40.96522038114312,16.7904092873476,29.337072955488566,42.62831308275166,0.0,0.0,0.0,0.0,0.0
197,197,0.0,0.0,0.0,0.0,0.0,0.0,0.0,0.0,46.80636210766157,0.0,36.776704352159456,27.50688674300075,30.46853209265351,41.071674762359066,16.28748774526595,28.807134510079806,42.279750630038755,0.0,0.0,0.0,0.0,0.0
198,198,0.0,0.0,0.0,0.0,0.0,0.0,0.0,0.0,47.133342583338134,0.0,37.23022129810995,27.985610080662617,30.50387093606222,41.18340843039925,15.795156602914687,28.272965484853117,41.92858255986168,0.0,0.0,0.0,0.0,0.0
199,199,0.0,0.0,0.0,0.0,0.0,0.0,0.0,0.0,47.4566129379798,0.0,37.67867964653126,28.464031127811133,30.550797111299154,41.30030096461422,15.315022038203296,27.734697206191164,41.57486550423169,0.0,0.0,0.0,0.0,0.0
200,200,0.0,0.0,0.0,0.0,0.0,0.0,0.0,0.0,47.77620971311983,0.0,38.12208761649276,28.941800361956318,30.609219381231,41.42222396488746,14.848832569384228,27.192487088104315,41.21865549403931,0.0,0.0,0.0,0.0,0.0
201,201,0.0,0.0,0.0,0.0,0.0,0.0,0.0,0.0,0.0,0.0,38.56046268158085,29.418605095349506,30.67901784324051,41.54904700610295,14.398534367551207,26.646486895984204,40.86002479749699,0.0,0.0,0.0,0.0,0.0
202,202,0.0,0.0,0.0,0.0,0.0,0.0,0.0,0.0,0.0,0.0,38.993836943553866,29.894156545580337,30.76005418743209,41.680643386333955,13.96618095860461,26.09688885094993,40.499040036188866,0.0,0.0,0.0,0.0,0.0
203,203,0.0,0.0,0.0,0.0,0.0,0.0,0.0,0.0,0.0,0.0,39.422225078337924,30.368178543970892,30.852153798913612,41.81686852359156,13.554054234914119,25.5438816814559,40.135785053944765,0.0,0.0,0.0,0.0,0.0
204,204,0.0,0.0,0.0,0.0,0.0,0.0,0.0,0.0,0.0,0.0,39.84565016473826,30.840425805156116,30.955135069220447,41.957593110173875,13.164505717783499,24.98769977921141,39.77033223196105,0.0,0.0,0.0,0.0,0.0
205,205,0.0,0.0,0.0,0.0,0.0,0.0,0.0,0.0,0.0,0.0,40.26414876111051,31.310681311472223,31.06878243475564,42.102676075550825,12.800149382887213,24.42857704275204,39.40279016175431,0.0,0.0,0.0,0.0,0.0
206,206,0.0,0.0,0.0,0.0,0.0,0.0,0.0,0.0,0.0,0.0,40.67774659752191,31.778709240570386,31.192884826858013,42.25198115418739,12.463593782585335,23.866786014880134,39.03325064382288,0.0,0.0,0.0,0.0,0.0
207,207,0.0,0.0,0.0,0.0,0.0,0.0,0.0,0.0,0.0,0.0,41.08648221552533,32.2443364423502,31.327199718947526,42.405355879105514,12.15761810795152,23.302642845361305,38.66181856557262,0.0,0.0,0.0,0.0,0.0
208,208,0.0,0.0,0.0,0.0,0.0,0.0,0.0,0.0,0.0,0.0,41.49038366261621,32.70736936079288,31.471473081979028,42.56265856001032,11.884946207322741,22.73645565051774,38.28861932080174,0.0,0.0,0.0,0.0,0.0
209,209,0.0,0.0,0.0,0.0,0.0,0.0,0.0,0.0,0.0,0.0,41.88949657673956,33.167646975792685,31.625422632001083,42.72375810414851,11.648255806880229,22.168580841800377,37.91376744338992,0.0,0.0,0.0,0.0,0.0
210,210,0.0,0.0,0.0,0.0,0.0,0.0,0.0,0.0,0.0,0.0,42.28385599153876,33.62502153443351,31.78878446066853,42.88849785390056,11.450122820511837,21.599444943259016,37.53741224314016,47.650967850504635,0.0,0.0,0.0,0.0
211,211,0.0,0.0,0.0,0.0,0.0,0.0,0.0,0.0,0.0,0.0,42.6734977580103,34.0793656173416,31.9612600779313,43.05673761896897,11.292765368331374,21.029475654156073,37.159679131273826,47.34095126231525,0.0,0.0,0.0,0.0
212,212,0.0,0.0,0.0,0.0,0.0,0.0,0.0,0.0,0.0,0.0,43.05847375196252,34.53053924101031,32.14254510798535,43.2283330349886,11.178126496098628,20.459165303569065,36.78074364306338,47.02776855159775,0.0,0.0,0.0,0.0
213,213,0.0,0.0,0.0,0.0,0.0,0.0,0.0,0.0,0.0,0.0,43.438815385275376,34.97842981711316,32.33233053170413,43.40314597825648,11.107684082957789,19.88904615176432,36.400750524151334,46.7114083386868,0.0,0.0,0.0,0.0
214,214,0.0,0.0,0.0,0.0,0.0,0.0,0.0,0.0,0.0,0.0,43.81457471723371,35.42294221799072,32.53031248679347,43.58102469141833,11.082368684682777,19.319712458577797,36.01989719070591,46.39186037856982,0.0,0.0,0.0,0.0
215,215,0.0,0.0,0.0,0.0,0.0,0.0,0.0,0.0,0.0,0.0,44.185793682712976,35.863990010390154,32.736158892329705,43.76183900549082,11.102541264775525,18.751865189571376,35.63834974442659,46.06911563548221,0.0,0.0,0.0,0.0
216,216,0.0,0.0,0.0,0.0,0.0,0.0,0.0,0.0,0.0,0.0,44.55251444360605,36.301473457403226,32.94954556650272,43.945435799382,11.167874999455861,18.186215392979463,35.256329643983705,45.74317521619868,0.0,0.0,0.0,0.0
217,217,0.0,0.0,0.0,0.0,0.0,0.0,0.0,0.0,0.0,0.0,44.91479322975223,36.735330201428624,33.17015682270833,44.131688470522356,11.277534818248029,17.623579617197763,34.87402651561349,45.414033207909505,0.0,0.0,0.0,0.0
218,218,0.0,0.0,0.0,0.0,0.0,0.0,0.0,0.0,0.0,0.0,45.27266724865235,37.16549063407171,33.39766122930078,44.32045296723351,11.43012972038207,17.064915940870193,34.49168816406373,45.08169434507573,0.0,0.0,0.0,0.0
219,219,0.0,0.0,0.0,0.0,0.0,0.0,0.0,0.0,0.0,0.0,45.626192035203616,37.59189901846703,33.631721579231154,44.51159718029851,11.623760217523042,16.511198564928648,34.10954595987135,44.746151586519204,0.0,0.0,0.0,0.0
220,220,0.0,0.0,0.0,0.0,0.0,0.0,0.0,0.0,0.0,0.0,45.975413528079024,38.014505768776765,33.87202035888211,44.70498655141676,11.856179350633724,15.963632983181014,33.72784494461308,44.40741824403429,0.0,0.0,0.0,0.0
221,221,0.0,0.0,0.0,0.0,0.0,0.0,0.0,0.0,0.0,0.0,46.32037748497187,38.43326062998604,34.11824362357503,44.900489031695855,12.124894586477097,15.423467043931993,33.346869219041174,44.06550076591877,0.0,0.0,0.0,0.0
222,222,0.0,0.0,0.0,0.0,0.0,0.0,0.0,0.0,0.0,0.0,46.66113368877552,38.84812555932843,34.37005022953243,45.09797974543514,12.427237532939657,14.892154848066752,32.9668943636614,43.72041279700653,0.0,0.0,0.0,0.0
223,223,0.0,0.0,0.0,0.0,0.0,0.0,0.0,0.0,0.0,0.0,46.99773556019529,39.25907370928985,34.627128717131086,45.297322693779286,12.760428238014157,14.371288553872645,32.58822005211752,43.37216574147652,0.0,0.0,0.0,0.0
224,224,0.0,0.0,0.0,0.0,0.0,0.0,0.0,0.0,0.0,0.0,47.33022759558443,39.666076399850255,34.88917338684073,45.49840292680968,13.12176637953172,13.862713878108707,32.21115397135515,43.020778673701976,0.0,0.0,0.0,0.0
225,225,0.0,0.0,0.0,0.0,0.0,0.0,0.0,0.0,0.0,0.0,47.65866209361019,40.0691153046098,35.15586963894574,45.70109901878273,13.508575217910405,13.368430051350643,31.836047246510745,42.66627376336879,0.0,0.0,0.0,0.0
226,226,0.0,0.0,0.0,0.0,0.0,0.0,0.0,0.0,0.0,0.0,0.0,40.468169971073884,35.42691774470538,45.90528358815921,13.91827709399935,12.89067982224762,31.463233988397576,42.308681748535506,0.0,0.0,0.0,0.0
227,227,0.0,0.0,0.0,0.0,0.0,0.0,0.0,0.0,0.0,0.0,0.0,40.86322954436085,35.702017963197875,46.11084986023586,14.348424856021921,12.431997450983118,31.09308399339075,41.948031842584825,47.6855168172018,0.0,0.0,0.0
228,228,0.0,0.0,0.0,0.0,0.0,0.0,0.0,0.0,0.0,0.0,0.0,41.25429196368985,35.98088583069275,46.317676385354545,14.796792553933884,11.995138073169116,30.72599552998541,41.5843569482359,47.35758770189083,0.0,0.0,0.0
229,229,0.0,0.0,0.0,0.0,0.0,0.0,0.0,0.0,0.0,0.0,0.0,41.64134680130455,36.2632375621423,46.52566198420011,15.261257641229292,11.583132642009303,30.362348741456252,41.217699464114204,47.025614311113124,0.0,0.0,0.0
230,230,0.0,0.0,0.0,0.0,0.0,0.0,0.0,0.0,0.0,0.0,0.0,42.02439225520479,36.548797774641905,46.73469121176779,15.739900542791162,11.199212455263151,30.002570938578003,40.848106342160726,46.689544802184656,0.0,0.0,0.0
231,231,0.0,0.0,0.0,0.0,0.0,0.0,0.0,0.0,0.0,0.0,0.0,42.40343969279874,36.83729264776634,46.944660223338964,16.230908279993045,10.846899662762993,29.647109721133155,40.47562935333341,46.34933514260504,0.0,0.0,0.0
232,232,0.0,0.0,0.0,0.0,0.0,0.0,0.0,0.0,0.0,0.0,0.0,42.77849182477265,37.12847106339981,47.155468088054995,16.732700369607954,10.529787347285193,29.296412992239247,40.10031945385369,46.00493240982207,0.0,0.0,0.0
233,233,0.0,0.0,0.0,0.0,0.0,0.0,0.0,0.0,0.0,0.0,0.0,43.149553705562596,37.422083370469544,47.36702084051995,17.243805913884074,10.25153881078053,28.950947904881048,39.72225062515422,45.656287335726795,0.0,0.0,0.0
234,234,0.0,0.0,0.0,0.0,0.0,0.0,0.0,0.0,0.0,0.0,0.0,43.51664749946901,37.71788187884975,47.57921919553572,17.76285828387863,10.015834845603166,28.61122180794493,39.341485037462824,45.303354694343355,0.0,0.0,0.0
235,235,0.0,0.0,0.0,0.0,0.0,0.0,0.0,0.0,0.0,0.0,0.0,43.87977679109218,38.015627874412395,47.79196692755154,18.288663711857822,9.825926911709061,28.277741254997046,38.95810296464717,44.946089103472495,0.0,0.0,0.0
236,236,0.0,0.0,0.0,0.0,0.0,0.0,0.0,0.0,0.0,0.0,0.0,44.23896664268636,38.3150980132935,0.0,18.820127929729765,9.68484924268975,27.95102071456627,38.57218517007841,44.58443562664326,0.0,0.0,0.0
237,237,0.0,0.0,0.0,0.0,0.0,0.0,0.0,0.0,0.0,0.0,0.0,44.594233472561115,38.616083745116676,0.0,19.35623002811151,9.594868436357189,27.631592160853586,38.18382569684044,44.21835285715942,0.0,0.0,0.0
238,238,0.0,0.0,0.0,0.0,0.0,0.0,0.0,0.0,0.0,0.0,0.0,44.945595088760975,38.918359357329834,0.0,19.896067867093265,9.557613379100047,27.320037926260476,37.79313289379428,43.84779472027437,0.0,0.0,0.0
239,239,0.0,0.0,0.0,0.0,0.0,0.0,0.0,0.0,0.0,0.0,0.0,45.293079660832284,39.22172699694665,0.0,20.438844756953145,9.573652798586565,27.016901383265385,37.40020344908538,43.47271501440131,0.0,0.0,0.0
240,240,0.0,0.0,0.0,0.0,0.0,0.0,0.0,0.0,0.0,0.0,0.0,45.63671145939524,39.52600292567449,0.0,20.983778244326615,9.642783815136823,26.722762113416948,37.00516227570953,43.09306742050223,0.0,0.0,0.0
241,241,0.0,0.0,0.0,0.0,0.0,0.0,0.0,0.0,0.0,0.0,0.0,45.976515580174485,39.83099292199482,0.0,21.530224708641214,9.763750717692005,26.43820097263498,36.60813684910871,42.708815876822605,0.0,0.0,0.0
242,242,0.0,0.0,0.0,0.0,0.0,0.0,0.0,0.0,0.0,0.0,0.0,46.31252217690928,40.13651710108268,0.0,22.077557522466094,9.93453087452447,26.163833084668717,36.2092714074079,42.31990919082146,0.0,0.0,0.0
243,243,0.0,0.0,0.0,0.0,0.0,0.0,0.0,0.0,0.0,0.0,0.0,46.64475336348628,40.442409263989084,0.0,22.625210679300025,10.152373713023863,25.9002350068574,35.80869893806694,41.926311865384214,0.0,0.0,0.0
244,244,0.0,0.0,0.0,0.0,0.0,0.0,0.0,0.0,0.0,0.0,0.0,46.97324464521485,40.74851053064628,0.0,23.172672464203785,10.414092737684655,25.648012281668585,35.406599308368996,41.527978206032316,0.0,0.0,0.0
245,245,0.0,0.0,0.0,0.0,0.0,0.0,0.0,0.0,0.0,0.0,0.0,47.29802339476554,41.05465787285132,0.0,23.719493405864057,10.716177088351301,25.407761156168263,35.003127397652214,41.124879343817106,0.0,0.0,0.0
246,246,0.0,0.0,0.0,0.0,0.0,0.0,0.0,0.0,0.0,0.0,0.0,47.61912956038667,41.36071253550387,0.0,24.2652398029185,11.054898631533007,25.180052156936796,34.598479917478556,40.71697058752127,0.0,0.0,0.0
247,247,0.0,0.0,0.0,0.0,0.0,0.0,0.0,0.0,0.0,0.0,0.0,0.0,41.66653120707155,0.0,24.809531666878215,11.426657084415666,24.965501306443144,34.19285159079692,40.30422485425798,0.0,0.0,0.0
248,248,0.0,0.0,0.0,0.0,0.0,0.0,0.0,0.0,0.0,0.0,0.0,0.0,41.97197205207837,0.0,25.352011983291504,11.827885191670063,24.764641167058826,33.78645857349758,39.886604643083714,0.0,0.0,0.0
249,249,0.0,0.0,0.0,0.0,0.0,0.0,0.0,0.0,0.0,0.0,0.0,0.0,42.276921403918244,0.0,25.892369146691024,12.255253797383801,24.578029340118178,33.379523500761564,39.46408529812346,0.0,0.0,0.0
250,250,0.0,0.0,0.0,0.0,0.0,0.0,0.0,0.0,0.0,0.0,0.0,0.0,42.581250170851604,0.0,26.430320337993535,12.705567106510173,24.40619416094148,32.97228386210838,39.03663142114859,0.0,0.0,0.0
251,251,0.0,0.0,0.0,0.0,0.0,0.0,0.0,0.0,0.0,0.0,0.0,0.0,42.88485122336321,0.0,26.965574594429064,13.176047063652817,24.2496430563763,32.565001382695186,38.60422113386168,47.91139320506538,0.0,0.0
252,252,0.0,0.0,0.0,0.0,0.0,0.0,0.0,0.0,0.0,0.0,0.0,0.0,43.187607638792805,0.0,27.49791272682677,13.664021430414977,24.10881843579739,32.15794618466401,38.166827989451434,47.58857209298062,47.86423735109671,0.0
253,253,0.0,0.0,0.0,0.0,0.0,0.0,0.0,0.0,0.0,0.0,0.0,0.0,43.489428542310684,0.0,28.02710326065545,14.167170472610948,23.98415889131853,31.75142361256301,37.724440362316564,47.26186039912107,47.77025656621501,0.0
254,254,0.0,0.0,0.0,0.0,0.0,0.0,0.0,0.0,0.0,0.0,0.0,0.0,43.790208132033136,0.0,28.552957510975567,14.683374041987207,23.876069195362277,31.345722155679475,37.277035816106405,46.93120772112427,47.67945845350392,0.0
255,255,0.0,0.0,0.0,0.0,0.0,0.0,0.0,0.0,0.0,0.0,0.0,0.0,44.089860813780184,0.0,29.075283970074736,15.210723404542875,23.78487578364964,30.941194520852676,36.8246076101661,46.5965713114544,47.59191327110448,0.0
256,256,0.0,0.0,0.0,0.0,0.0,0.0,0.0,0.0,0.0,0.0,0.0,0.0,44.38830561657171,0.0,29.593929328339698,15.747547355501467,23.710862917868297,30.538168157703034,36.36714504934889,46.25791250991287,47.5076903044669,0.0
257,257,0.0,0.0,0.0,0.0,0.0,0.0,0.0,0.0,0.0,0.0,0.0,0.0,44.6854519810102,0.0,30.10873551623203,16.292342277474674,23.65429688993501,30.137019029424927,35.90464017598714,45.91517959723067,47.426857759718345,0.0
258,258,0.0,0.0,0.0,0.0,0.0,0.0,0.0,0.0,0.0,0.0,0.0,0.0,44.9812329279258,0.0,30.619578827621964,16.8437547682892,23.615355483801352,29.738135821595613,35.43709541542367,45.568342353846944,47.34947859249234,0.0
259,259,0.0,0.0,0.0,0.0,0.0,0.0,0.0,0.0,0.0,0.0,0.0,0.0,45.27557622061228,0.0,31.126338594250242,17.400585164009115,23.59416633129993,29.341929967410422,34.96450939973938,45.217353141264226,47.2756103185279,0.0
260,260,0.0,0.0,0.0,0.0,0.0,0.0,0.0,0.0,0.0,0.0,0.0,0.0,45.56841831744897,0.0,31.62889735769341,17.961768993778918,23.590791801434477,28.948836518850932,34.48689977468287,44.86216845097921,47.205321216103975,0.0
261,261,0.0,0.0,0.0,0.0,0.0,0.0,0.0,0.0,0.0,0.0,0.0,0.0,45.8596950642087,0.0,32.127176134471156,18.526323604815644,23.605269151815534,28.55930447084613,34.004281320380535,44.50275405345059,47.13866579355357,0.0
262,262,0.0,0.0,0.0,0.0,0.0,0.0,0.0,0.0,0.0,0.0,0.0,0.0,46.14935054569833,0.0,32.62107887006609,19.093393377490628,23.637528400617327,28.173817917991208,33.51667356236181,44.139066645823654,47.075692712291726,0.0
263,263,0.0,0.0,0.0,0.0,0.0,0.0,0.0,0.0,0.0,0.0,0.0,0.0,46.437328064565634,0.0,33.11052832998832,19.662216049598214,23.687461262536942,27.79288685140566,33.024101125699126,43.77107261213028,47.01646531494209,0.0
264,264,0.0,0.0,0.0,0.0,0.0,0.0,0.0,0.0,0.0,0.0,0.0,0.0,46.72358293156447,0.0,33.595472478448286,20.232111296270304,23.754908717111164,27.417014320571255,32.52660272779432,43.39873397333882,46.96102444535816,0.0
265,265,0.0,0.0,0.0,0.0,0.0,0.0,0.0,0.0,0.0,0.0,0.0,0.0,47.00807340346397,0.0,34.07585001502819,20.80242273896485,23.839649324452296,27.046761791930194,32.02422385936813,43.02201815890091,46.9094254965878,0.0
266,266,0.0,0.0,0.0,0.0,0.0,0.0,0.0,0.0,0.0,0.0,0.0,0.0,47.290748332466585,0.0,34.55160732882853,21.37259470805762,23.9414019099589,26.682694772994154,31.516999221127243,42.64088294074976,46.8617051820888,0.0
267,267,0.0,0.0,0.0,0.0,0.0,0.0,0.0,0.0,0.0,0.0,0.0,0.0,47.57157206028487,0.0,35.02271315886225,21.942129001640296,24.059855511039515,26.325427893171423,31.00500668643467,42.25530729073978,46.81791050894322,0.0
268,268,0.0,0.0,0.0,0.0,0.0,0.0,0.0,0.0,0.0,0.0,0.0,0.0,47.85051545812044,0.0,35.48912661072334,22.510549190043932,24.194619384814715,25.975554848911216,30.488296405008782,41.86525563974092,46.77807370652662,0.0
269,269,0.0,0.0,0.0,0.0,0.0,0.0,0.0,0.0,0.0,0.0,0.0,0.0,0.0,0.0,35.950820277333044,23.077455617032,24.345293729097477,25.63372921335963,29.96694533477701,41.47069844738294,46.74223301143956,0.0
270,270,0.0,0.0,0.0,0.0,0.0,0.0,0.0,0.0,0.0,0.0,0.0,0.0,0.0,0.0,36.407778989918654,23.64247474209185,24.51142059517767,25.30060471052748,29.44106046464426,41.071612806810286,46.71042006626212,0.0
271,271,0.0,0.0,0.0,0.0,0.0,0.0,0.0,0.0,0.0,0.0,0.0,0.0,0.0,0.0,36.85997783464139,24.205243661493057,24.692514861766,24.97685725777947,28.91072050241339,40.66797735180006,46.68266402990478,0.0
272,272,0.0,0.0,0.0,0.0,0.0,0.0,0.0,0.0,0.0,0.0,0.0,0.0,0.0,0.0,37.307417377246054,24.765461357625497,24.888068422477957,24.663170576445296,28.376045595745566,40.25976063699702,46.658987303402846,0.0
273,273,0.0,0.0,0.0,0.0,0.0,0.0,0.0,0.0,0.0,0.0,0.0,0.0,0.0,0.0,37.75009450400968,25.322856236350077,25.09752914277243,24.36027248042079,27.837159030619702,39.84695597135504,46.63940967663997,0.0
274,274,0.0,0.0,0.0,0.0,0.0,0.0,0.0,0.0,0.0,0.0,0.0,0.0,0.0,0.0,38.18799643879812,25.877158970380663,25.32034368613938,24.068868036350295,27.294198224131577,39.42954118676781,46.62395251448293,0.0
275,275,0.0,0.0,0.0,0.0,0.0,0.0,0.0,0.0,0.0,0.0,0.0,0.0,0.0,0.0,38.62113374272768,26.428150245975907,25.555923852504563,23.789687557660727,26.747316081975526,39.00750812673581,46.61262605285818,0.0
276,276,0.0,0.0,0.0,0.0,0.0,0.0,0.0,0.0,0.0,0.0,0.0,0.0,0.0,0.0,39.049519308102475,26.975620648546744,25.803712471097356,23.523456780507985,26.19669440005614,38.58084495126012,46.605442031773464,0.0
277,277,0.0,0.0,0.0,0.0,0.0,0.0,0.0,0.0,0.0,0.0,0.0,0.0,0.0,0.0,39.47315600158754,27.519370228208274,26.063088758228908,23.270891902077096,25.6425106703077,38.14954867583393,46.602405224488024,0.0
278,278,0.0,0.0,0.0,0.0,0.0,0.0,0.0,0.0,0.0,0.0,0.0,0.0,0.0,0.0,39.89206169153472,28.05922966402128,26.333469931109754,23.03272235609883,25.084974289542203,37.7136127254314,46.60352187942279,0.0
279,279,0.0,0.0,0.0,0.0,0.0,0.0,0.0,0.0,0.0,0.0,0.0,0.0,0.0,0.0,40.30625610481166,28.5950569876586,26.614265109430875,22.809672500411196,24.524330542107222,37.273046841832304,46.60878702498665,0.0
280,280,0.0,0.0,0.0,0.0,0.0,0.0,0.0,0.0,0.0,0.0,0.0,0.0,0.0,0.0,40.71576070285755,29.12670406302167,26.90485583015881,22.60239835748841,23.960824976242947,36.82785790891355,46.618197161842104,0.0
281,281,0.0,0.0,0.0,0.0,0.0,0.0,0.0,0.0,0.0,0.0,0.0,0.0,0.0,0.0,41.12059294612119,29.654047867253908,27.20466852987702,22.411580685900034,23.394743664338435,36.378056583614004,46.6317460404899,0.0
282,282,0.0,0.0,0.0,0.0,0.0,0.0,0.0,0.0,0.0,0.0,0.0,0.0,0.0,0.0,41.52078326354808,30.17697821657304,27.51312949251085,22.237862329691595,22.826404258506813,35.92366484247489,46.64942045409337,0.0
283,283,0.0,0.0,0.0,0.0,0.0,0.0,0.0,0.0,0.0,0.0,0.0,0.0,0.0,0.0,41.91636302950532,30.695396699582275,27.829656455955742,22.081826235655015,22.25613030435612,35.464702216693524,46.671204494745034,0.0
284,284,0.0,0.0,0.0,0.0,0.0,0.0,0.0,0.0,0.0,0.0,0.0,0.0,0.0,0.0,42.307359205853146,31.209215719346155,28.153693940216726,21.94403278484731,21.684326731558613,35.001200530278886,46.69707537666102,0.0
285,285,0.0,0.0,0.0,0.0,0.0,0.0,0.0,0.0,0.0,0.0,0.0,0.0,0.0,0.0,42.69380516788809,31.718357630717705,28.48470288526226,21.824983971417538,21.11139767465744,34.533197334488136,46.72701611191519,47.79357761084003
286,286,0.0,0.0,0.0,0.0,0.0,0.0,0.0,0.0,0.0,0.0,0.0,0.0,0.0,0.0,43.0757350250651,32.22276270026932,28.822151117272867,21.725101673256063,20.537809393264666,34.06073633400483,46.76099451377736,47.52554215009394
287,287,0.0,0.0,0.0,0.0,0.0,0.0,0.0,0.0,0.0,0.0,0.0,0.0,0.0,0.0,43.453183562716774,32.72236175569126,29.165514856322275,21.644782331860895,19.964082305076815,33.58386784894332,46.79898847551377,47.25608639487385
288,288,0.0,0.0,0.0,0.0,0.0,0.0,0.0,0.0,0.0,0.0,0.0,0.0,0.0,0.0,43.82618618623844,33.21711095976373,29.514300030134343,21.58431620266218,19.390798259079702,33.10265768237759,46.840956663869754,46.98526620850189
289,289,0.0,0.0,0.0,0.0,0.0,0.0,0.0,0.0,0.0,0.0,0.0,0.0,0.0,0.0,44.1947836688686,33.70696480114042,29.868031768678797,21.5439590736502,18.818554696711487,32.617171546090454,46.88686376615427,46.71313243356949
290,290,0.0,0.0,0.0,0.0,0.0,0.0,0.0,0.0,0.0,0.0,0.0,0.0,0.0,0.0,44.55901693903919,34.19189244661618,30.22624481470112,21.52386790247705,18.248095610086523,32.12748345343494,46.93667630853155,46.43974320296242
291,291,0.0,0.0,0.0,0.0,0.0,0.0,0.0,0.0,0.0,0.0,0.0,0.0,0.0,0.0,44.91892243174826,34.67186858104087,30.58848432729104,21.524098262478077,17.680199585381857,31.63368537194046,46.99034609519315,46.16515570762097
292,292,0.0,0.0,0.0,0.0,0.0,0.0,0.0,0.0,0.0,0.0,0.0,0.0,0.0,0.0,45.27455064316534,35.146873020419996,30.954343782059,21.544680017387805,17.11572230827977,31.135879845287704,47.04782698603922,45.889443576074015
293,293,0.0,0.0,0.0,0.0,0.0,0.0,0.0,0.0,0.0,0.0,0.0,0.0,0.0,0.0,45.625933652437624,35.6168755787069,31.32339812694022,21.585525153543585,16.555669622937614,30.63417140074055,47.109074921800115,45.61266675707989
294,294,0.0,0.0,0.0,0.0,0.0,0.0,0.0,0.0,0.0,0.0,0.0,0.0,0.0,0.0,45.97311737951098,36.08188074022884,31.695260635051326,21.646444528723464,16.001134158549235,30.12868569226643,47.17403153065497,45.33490654499646
295,295,0.0,0.0,0.0,0.0,0.0,0.0,0.0,0.0,0.0,0.0,0.0,0.0,0.0,0.0,46.31614745100458,36.54188870867026,32.0695543445751,21.727241871003528,15.45335066587424,29.619561765227758,47.24264895907053,45.056234893328856
296,296,0.0,0.0,0.0,0.0,0.0,0.0,0.0,0.0,0.0,0.0,0.0,0.0,0.0,0.0,46.65506919875876,36.996882216338925,32.44592966615281,21.82757968922479,14.913716111349842,29.10696342677288,47.31486938389955,44.77674150205966
297,297,0.0,0.0,0.0,0.0,0.0,0.0,0.0,0.0,0.0,0.0,0.0,0.0,0.0,0.0,46.98992765771667,37.44687583813751,32.824054539975776,21.947075408051916,14.38373822886021,28.5910399214588,47.39062931802384,44.49650188714944
298,298,0.0,0.0,0.0,0.0,0.0,0.0,0.0,0.0,0.0,0.0,0.0,0.0,0.0,0.0,47.320767563255764,37.89187969387422,33.203588901900225,22.08530587894002,13.865223840514574,28.07198784147269,47.46987594659883,44.215619311439376
299,299,0.0,0.0,0.0,0.0,0.0,0.0,0.0,0.0,0.0,0.0,0.0,0.0,0.0,0.0,47.64762934950634,38.33190002755213,33.58423544463662,22.241767969754676,13.360111042962544,27.550001549964335,47.5525388304257,43.9341877343056
