,time,213,235,280,302,347,392,414,459,481,526,325,258,504,437,370,191,303,482,236,415,348,281,460,527,214,393,326
0,0,723.0924375,674.8016875,587.2079375,766.1949375,588.1056875,745.2284375,612.7755,625.645625,712.823375,764.8266875,0.0,0.0,0.0,0.0,0.0,0.0,0.0,0.0,0.0,0.0,0.0,0.0,0.0,0.0,0.0,0.0,0.0
1,1,719.9326875,678.3800625,585.0601875,770.8816875,588.392,740.8695625,615.4639375,622.5499375,716.78,763.3359375,0.0,0.0,0.0,0.0,0.0,0.0,0.0,0.0,0.0,0.0,0.0,0.0,0.0,0.0,0.0,0.0,0.0
2,2,716.8273125,682.0113125,582.9881875,775.60275,588.760875,736.55075,618.2195625,619.517625,720.7826875,761.9066875,0.0,0.0,0.0,0.0,0.0,0.0,0.0,0.0,0.0,0.0,0.0,0.0,0.0,0.0,0.0,0.0,0.0
3,3,713.777,685.6946875,580.99275,780.3575,589.2120625,732.2728125,621.0413125,616.549625,724.8306875,760.5393125,0.0,0.0,0.0,0.0,0.0,0.0,0.0,0.0,0.0,0.0,0.0,0.0,0.0,0.0,0.0,0.0,0.0
4,4,710.7825625,689.42925,579.0746875,785.14525,589.745375,728.0364375,623.928375,613.646875,728.9233125,759.234125,0.0,0.0,0.0,0.0,0.0,0.0,0.0,0.0,0.0,0.0,0.0,0.0,0.0,0.0,0.0,0.0,0.0
5,5,707.8446875,693.21425,577.23475,789.9655625,590.360625,723.842375,626.87975,610.8103125,733.0596875,757.9914375,0.0,0.0,0.0,0.0,0.0,0.0,0.0,0.0,0.0,0.0,0.0,0.0,0.0,0.0,0.0,0.0,0.0
6,6,704.9640625,697.0488125,575.47375,794.817625,591.0575625,719.691375,629.8946875,608.040875,737.239125,756.8115625,0.0,0.0,0.0,0.0,0.0,0.0,0.0,0.0,0.0,0.0,0.0,0.0,0.0,0.0,0.0,0.0,0.0
7,7,702.1413125,700.9321875,573.7923125,799.7010625,591.835875,715.5841875,632.972125,605.3394375,741.4609375,755.6948125,0.0,0.0,0.0,0.0,0.0,0.0,0.0,0.0,0.0,0.0,0.0,0.0,0.0,0.0,0.0,0.0,0.0
8,8,699.3773125,704.8634375,572.19125,804.6151875,592.69525,711.5215625,636.1111875,602.707,745.7243125,754.6414375,0.0,0.0,0.0,0.0,0.0,0.0,0.0,0.0,0.0,0.0,0.0,0.0,0.0,0.0,0.0,0.0,0.0
9,9,696.672625,708.841875,570.671125,809.5594375,593.6353125,707.5043125,639.3110625,600.144375,750.028625,753.65175,0.0,0.0,0.0,0.0,0.0,0.0,0.0,0.0,0.0,0.0,0.0,0.0,0.0,0.0,0.0,0.0,0.0
10,10,694.028,712.8666875,569.2326875,814.53325,594.6556875,703.533125,642.5706875,597.6525625,754.373125,752.7259375,0.0,0.0,0.0,0.0,0.0,0.0,0.0,0.0,0.0,0.0,0.0,0.0,0.0,0.0,0.0,0.0,0.0
11,11,691.4441875,716.937,567.8765,819.536125,595.7559375,699.608875,645.8893125,595.232375,758.757125,751.8643125,0.0,0.0,0.0,0.0,0.0,0.0,0.0,0.0,0.0,0.0,0.0,0.0,0.0,0.0,0.0,0.0,0.0
12,12,688.92175,721.052125,566.6031875,0.0,596.9356875,695.732375,649.265875,592.88475,763.1799375,751.0670625,0.0,0.0,0.0,0.0,0.0,0.0,0.0,0.0,0.0,0.0,0.0,0.0,0.0,0.0,0.0,0.0,0.0
13,13,686.4614375,725.2113125,565.4133125,0.0,598.1944375,691.9043125,652.6995625,590.6105625,767.640875,750.334375,0.0,0.0,0.0,0.0,0.0,0.0,0.0,0.0,0.0,0.0,0.0,0.0,0.0,0.0,0.0,0.0,0.0
14,14,684.0639375,729.41375,564.307375,0.0,599.531625,688.125625,656.1894375,588.410625,772.1393125,749.6665,0.0,0.0,0.0,0.0,0.0,0.0,0.0,0.0,0.0,0.0,0.0,0.0,0.0,0.0,0.0,0.0,0.0
15,15,681.729875,733.65875,563.285875,0.0,600.9468125,684.397125,659.7346875,586.28575,776.6745625,749.0635,819.23525,0.0,0.0,0.0,0.0,0.0,0.0,0.0,0.0,0.0,0.0,0.0,0.0,0.0,0.0,0.0,0.0
16,16,679.4599375,737.9455,562.3493125,0.0,602.4394375,680.7195625,663.3343125,584.2368125,781.2459375,748.5256875,814.324,0.0,0.0,0.0,0.0,0.0,0.0,0.0,0.0,0.0,0.0,0.0,0.0,0.0,0.0,0.0,0.0
17,17,677.25475,742.27325,561.4980625,0.0,604.008875,677.0938125,666.9874375,582.2645625,785.852875,748.0530625,809.4429375,0.0,0.0,0.0,0.0,0.0,0.0,0.0,0.0,0.0,0.0,0.0,0.0,0.0,0.0,0.0,0.0
18,18,675.115,746.6414375,560.7325625,0.0,605.6545625,673.52075,670.69325,580.369875,790.4946875,747.6458125,804.5925,0.0,0.0,0.0,0.0,0.0,0.0,0.0,0.0,0.0,0.0,0.0,0.0,0.0,0.0,0.0,0.0
19,19,673.04125,751.0491875,560.0531875,0.0,607.375875,670.0011875,674.450875,578.5534375,795.1708125,747.304,799.77325,0.0,0.0,0.0,0.0,0.0,0.0,0.0,0.0,0.0,0.0,0.0,0.0,0.0,0.0,0.0,0.0
20,20,671.034125,755.495875,559.460125,0.0,609.1721875,666.5359375,678.259375,576.816,799.880625,747.0278125,794.985875,0.0,0.0,0.0,0.0,0.0,0.0,0.0,0.0,0.0,0.0,0.0,0.0,0.0,0.0,0.0,0.0
21,21,669.09425,759.9808125,558.9538125,0.0,611.04275,663.1259375,682.1179375,575.1583125,804.6235625,746.81725,790.2308125,0.0,0.0,0.0,0.0,0.0,0.0,0.0,0.0,0.0,0.0,0.0,0.0,0.0,0.0,0.0,0.0
22,22,667.22225,764.5033125,558.5343125,0.0,612.987,659.772,686.0256875,573.581,809.3989375,746.672375,785.50875,0.0,0.0,0.0,0.0,0.0,0.0,0.0,0.0,0.0,0.0,0.0,0.0,0.0,0.0,0.0,0.0
23,23,665.4185625,769.0626875,558.202,0.0,615.0041875,656.475,689.9818125,572.0848125,814.20625,746.5931875,780.8203125,0.0,0.0,0.0,0.0,0.0,0.0,0.0,0.0,0.0,0.0,0.0,0.0,0.0,0.0,0.0,0.0
24,24,663.6839375,773.6583125,557.9569375,0.0,617.0935625,653.23575,693.9855,570.670375,819.0449375,746.5798125,776.166,0.0,0.0,0.0,0.0,0.0,0.0,0.0,0.0,0.0,0.0,0.0,0.0,0.0,0.0,0.0,0.0
25,25,662.01875,778.2895,557.7991875,0.0,619.254375,650.05525,698.0359375,569.33825,0.0,746.6321875,771.5465625,0.0,0.0,0.0,0.0,0.0,0.0,0.0,0.0,0.0,0.0,0.0,0.0,0.0,0.0,0.0,0.0
26,26,660.423625,782.9556875,557.7289375,0.0,621.486,646.9341875,702.13225,568.0890625,0.0,746.75025,766.9625625,0.0,0.0,0.0,0.0,0.0,0.0,0.0,0.0,0.0,0.0,0.0,0.0,0.0,0.0,0.0,0.0
27,27,658.8990625,787.6561875,557.7461875,0.0,623.7875625,643.873625,706.273625,566.9233125,0.0,746.9340625,762.414625,0.0,0.0,0.0,0.0,0.0,0.0,0.0,0.0,0.0,0.0,0.0,0.0,0.0,0.0,0.0,0.0
28,28,657.4455,792.3904375,557.850875,0.0,626.1583125,640.87425,710.4593125,565.841625,0.0,747.1835625,757.9034375,0.0,0.0,0.0,0.0,0.0,0.0,0.0,0.0,0.0,0.0,0.0,0.0,0.0,0.0,0.0,0.0
29,29,656.0635,797.15775,558.043,0.0,628.5974375,637.9370625,714.6885625,564.8443125,0.0,747.498625,753.4296875,0.0,0.0,0.0,0.0,0.0,0.0,0.0,0.0,0.0,0.0,0.0,0.0,0.0,0.0,0.0,0.0
30,30,654.7534375,801.9575625,558.3224375,0.0,631.10425,635.062875,718.9605625,563.932,0.0,747.8791875,748.9940625,0.0,0.0,0.0,0.0,0.0,0.0,0.0,0.0,0.0,0.0,0.0,0.0,0.0,0.0,0.0,0.0
31,31,653.51575,806.7893125,558.689125,0.0,633.6778125,632.2525625,723.2745,563.1049375,0.0,748.3251875,744.5971875,0.0,0.0,0.0,0.0,0.0,0.0,0.0,0.0,0.0,0.0,0.0,0.0,0.0,0.0,0.0,0.0
32,32,652.3509375,811.6524375,559.1428125,0.0,636.3174375,629.5069375,727.62975,562.363625,0.0,748.8365,740.23975,0.0,0.0,0.0,0.0,0.0,0.0,0.0,0.0,0.0,0.0,0.0,0.0,0.0,0.0,0.0,0.0
33,33,651.2593125,816.546375,559.683375,0.0,639.0221875,626.8269375,732.0254375,561.708375,0.0,749.4129375,735.9225,0.0,0.0,0.0,0.0,0.0,0.0,0.0,0.0,0.0,0.0,0.0,0.0,0.0,0.0,0.0,0.0
34,34,650.24125,0.0,560.3104375,0.0,641.7913125,624.213375,736.460875,561.1394375,0.0,750.0544375,731.6461875,0.0,0.0,0.0,0.0,0.0,0.0,0.0,0.0,0.0,0.0,0.0,0.0,0.0,0.0,0.0,0.0
35,35,649.297125,0.0,561.0238125,0.0,644.6239375,621.667,740.9354375,560.6571875,0.0,750.76075,727.4115,0.0,0.0,0.0,0.0,0.0,0.0,0.0,0.0,0.0,0.0,0.0,0.0,0.0,0.0,0.0,0.0
36,36,648.42725,0.0,561.823125,0.0,647.5191875,619.1888125,745.44825,560.2616875,0.0,751.5316875,723.219125,0.0,0.0,0.0,0.0,0.0,0.0,0.0,0.0,0.0,0.0,0.0,0.0,0.0,0.0,0.0,0.0
37,37,647.6319375,0.0,562.7080625,0.0,650.476375,616.7795,749.99875,559.9533125,0.0,752.367125,719.069875,0.0,0.0,0.0,0.0,0.0,0.0,0.0,0.0,0.0,0.0,0.0,0.0,0.0,0.0,0.0,0.0
38,38,646.9114375,0.0,563.678125,0.0,653.4945,614.4399375,754.5861875,559.732,0.0,753.2668125,714.9645,0.0,0.0,0.0,0.0,0.0,0.0,0.0,0.0,0.0,0.0,0.0,0.0,0.0,0.0,0.0,0.0
39,39,646.266,0.0,564.7329375,0.0,656.5728125,612.170875,759.2099375,559.598,0.0,754.2304375,710.9036875,0.0,0.0,0.0,0.0,0.0,0.0,0.0,0.0,0.0,0.0,0.0,0.0,0.0,0.0,0.0,0.0
40,40,645.695875,0.0,565.8720625,0.0,659.7104375,609.9731875,763.8693125,559.551375,0.0,755.2579375,706.8883125,816.3495625,0.0,0.0,0.0,0.0,0.0,0.0,0.0,0.0,0.0,0.0,0.0,0.0,0.0,0.0,0.0
41,41,645.20125,0.0,567.094875,0.0,662.9065,607.847625,768.5635625,559.5920625,0.0,756.348875,702.919125,811.281625,0.0,0.0,0.0,0.0,0.0,0.0,0.0,0.0,0.0,0.0,0.0,0.0,0.0,0.0,0.0
42,42,644.7823125,0.0,568.4009375,0.0,666.1601875,605.794875,773.29225,559.7200625,0.0,757.5030625,698.9969375,806.2423125,0.0,0.0,0.0,0.0,0.0,0.0,0.0,0.0,0.0,0.0,0.0,0.0,0.0,0.0,0.0
43,43,644.4391875,0.0,569.789625,0.0,669.470625,603.81575,778.0545625,559.935375,0.0,758.7201875,695.1224375,801.232,0.0,0.0,0.0,0.0,0.0,0.0,0.0,0.0,0.0,0.0,0.0,0.0,0.0,0.0,0.0
44,44,644.172,0.0,571.260375,0.0,672.837,601.911,782.8499375,560.237875,0.0,759.9999375,691.2965625,796.2513125,0.0,0.0,0.0,0.0,0.0,0.0,0.0,0.0,0.0,0.0,0.0,0.0,0.0,0.0,0.0
45,45,643.980875,0.0,572.8125,0.0,676.2585,600.08125,787.67775,560.627375,0.0,761.3420625,687.5200625,791.300875,819.5480625,0.0,0.0,0.0,0.0,0.0,0.0,0.0,0.0,0.0,0.0,0.0,0.0,0.0,0.0
46,46,643.865875,0.0,574.445375,0.0,679.73425,598.3273125,792.5375,561.10375,0.0,762.746125,683.7938125,786.3811875,815.2074375,0.0,0.0,0.0,0.0,0.0,0.0,0.0,0.0,0.0,0.0,0.0,0.0,0.0,0.0
47,47,643.827,0.0,576.1583125,0.0,683.263375,596.6496875,797.4285,561.66675,0.0,764.2118125,680.1185625,781.4928125,810.9039375,0.0,0.0,0.0,0.0,0.0,0.0,0.0,0.0,0.0,0.0,0.0,0.0,0.0,0.0
48,48,643.8643125,0.0,577.9505625,0.0,686.8451875,595.0491875,802.350125,562.3160625,0.0,765.7388125,676.49525,776.6364375,806.638125,0.0,0.0,0.0,0.0,0.0,0.0,0.0,0.0,0.0,0.0,0.0,0.0,0.0,0.0
49,49,643.97775,0.0,579.8214375,0.0,690.4786875,593.526375,807.3019375,563.0515,0.0,767.32675,672.924625,771.8125625,802.4105,0.0,0.0,0.0,0.0,0.0,0.0,0.0,0.0,0.0,0.0,0.0,0.0,0.0,0.0
50,50,644.1673125,0.0,581.770125,0.0,694.1631875,592.0818125,812.283375,563.8726875,0.0,768.97525,669.4075625,767.0219375,798.2218125,0.0,0.0,0.0,0.0,0.0,0.0,0.0,0.0,0.0,0.0,0.0,0.0,0.0,0.0
51,51,644.4329375,0.0,583.7959375,0.0,697.8978125,590.716125,817.29375,564.7791875,0.0,770.683875,665.9449375,762.265125,794.0726875,0.0,0.0,0.0,0.0,0.0,0.0,0.0,0.0,0.0,0.0,0.0,0.0,0.0,0.0
52,52,644.7745,0.0,585.8979375,0.0,701.6818125,589.4298125,0.0,565.770625,0.0,772.45225,662.5375625,757.54275,789.963625,0.0,0.0,0.0,0.0,0.0,0.0,0.0,0.0,0.0,0.0,0.0,0.0,0.0,0.0
53,53,645.191875,0.0,588.0754375,0.0,705.514375,588.2234375,0.0,566.8465625,0.0,774.2799375,659.186375,752.8554375,785.895375,818.51075,0.0,0.0,0.0,0.0,0.0,0.0,0.0,0.0,0.0,0.0,0.0,0.0,0.0
54,54,645.685,0.0,590.3275,0.0,709.394625,587.0975625,0.0,568.0065625,0.0,776.1665625,655.8921875,748.2039375,781.8685,813.4188125,0.0,0.0,0.0,0.0,0.0,0.0,0.0,0.0,0.0,0.0,0.0,0.0,0.0
55,55,646.2535625,0.0,592.6533125,0.0,713.321875,586.0525,0.0,569.25,0.0,778.11175,652.6558125,743.5889375,777.8836875,808.354875,0.0,0.0,0.0,0.0,0.0,0.0,0.0,0.0,0.0,0.0,0.0,0.0,0.0
56,56,646.8974375,0.0,595.0520625,0.0,717.295375,585.0888125,0.0,570.5764375,0.0,780.114875,649.47825,739.011,773.9415625,803.3195,0.0,0.0,0.0,0.0,0.0,0.0,0.0,0.0,0.0,0.0,0.0,0.0,0.0
57,57,647.6164375,0.0,597.52275,0.0,721.31425,584.2068125,0.0,571.98525,0.0,782.1756875,646.36025,734.4709375,770.0428125,798.3133125,0.0,0.0,0.0,0.0,0.0,0.0,0.0,0.0,0.0,0.0,0.0,0.0,0.0
58,58,648.41025,0.0,600.0645625,0.0,725.37775,583.4069375,0.0,573.4758125,0.0,784.2935625,643.30275,729.9694375,766.188125,793.3368125,0.0,0.0,0.0,0.0,0.0,0.0,0.0,0.0,0.0,0.0,0.0,0.0,0.0
59,59,649.2785625,0.0,602.6765625,0.0,729.48525,582.6894375,0.0,575.0475,0.0,786.4681875,640.306625,725.5071875,762.378125,788.3905625,0.0,0.0,0.0,0.0,0.0,0.0,0.0,0.0,0.0,0.0,0.0,0.0,0.0
60,60,650.2211875,0.0,605.3579375,0.0,733.635875,582.05475,0.0,576.699625,0.0,788.699,637.3726875,721.0849375,758.6135625,783.4751875,0.0,0.0,0.0,0.0,0.0,0.0,0.0,0.0,0.0,0.0,0.0,0.0,0.0
61,61,651.23775,0.0,608.107625,0.0,737.8289375,581.5030625,0.0,578.4315625,0.0,790.9855625,634.501875,716.7034375,754.895,778.59125,0.0,0.0,0.0,0.0,0.0,0.0,0.0,0.0,0.0,0.0,0.0,0.0,0.0
62,62,652.3279375,0.0,610.92475,0.0,742.06375,581.034625,0.0,580.2425625,0.0,793.3273125,631.695,712.3635,751.22325,773.7393125,0.0,0.0,0.0,0.0,0.0,0.0,0.0,0.0,0.0,0.0,0.0,0.0,0.0
63,63,653.49125,0.0,613.8084375,0.0,746.3395625,580.649625,0.0,582.1318125,0.0,795.723875,628.952875,708.0658125,747.5989375,768.92,0.0,0.0,0.0,0.0,0.0,0.0,0.0,0.0,0.0,0.0,0.0,0.0,0.0
64,64,654.7275,0.0,616.7576875,0.0,750.655625,580.3483125,0.0,584.0986875,0.0,798.1746875,626.2765,703.811125,744.02275,764.134,0.0,0.0,0.0,0.0,0.0,0.0,0.0,0.0,0.0,0.0,0.0,0.0,0.0
65,65,656.0360625,0.0,619.7715625,0.0,755.0113125,580.1306875,0.0,586.1423125,0.0,800.67925,623.6665625,699.600375,740.4954375,759.381875,0.0,0.0,0.0,0.0,0.0,0.0,0.0,0.0,0.0,0.0,0.0,0.0,0.0
66,66,657.4166875,0.0,622.8491875,0.0,759.4059375,579.9969375,0.0,588.261875,0.0,803.2370625,621.124,695.43425,737.017625,754.6643125,0.0,0.0,0.0,0.0,0.0,0.0,0.0,0.0,0.0,0.0,0.0,0.0,0.0
67,67,658.8688125,0.0,625.9895625,0.0,763.8388125,579.9470625,0.0,590.4565625,0.0,805.847625,618.6496875,691.3135625,733.590125,749.9819375,0.0,0.0,0.0,0.0,0.0,0.0,0.0,0.0,0.0,0.0,0.0,0.0,0.0
68,68,660.3919375,0.0,629.1916875,0.0,768.30925,579.981125,0.0,592.725625,0.0,808.510375,616.2443125,687.239125,730.213625,745.3354375,0.0,0.0,0.0,0.0,0.0,0.0,0.0,0.0,0.0,0.0,0.0,0.0,0.0
69,69,661.9856875,0.0,632.45475,0.0,772.8165625,580.0990625,0.0,595.068125,0.0,811.224875,613.9088125,683.211875,726.88875,740.7255,0.0,0.0,0.0,0.0,0.0,0.0,0.0,0.0,0.0,0.0,0.0,0.0,0.0
70,70,663.6494375,0.0,635.77775,0.0,777.3601875,580.3009375,0.0,597.4831875,0.0,813.990625,611.643875,679.2325625,723.6163125,736.1528125,0.0,0.0,0.0,0.0,0.0,0.0,0.0,0.0,0.0,0.0,0.0,0.0,0.0
71,71,665.38275,0.0,639.15975,0.0,781.9394375,580.5865,0.0,599.97,0.0,816.8069375,609.4504375,675.3020625,720.397,731.6180625,0.0,0.0,0.0,0.0,0.0,0.0,0.0,0.0,0.0,0.0,0.0,0.0,0.0
72,72,667.1850625,0.0,642.59975,0.0,786.553625,580.95575,0.0,602.527625,0.0,819.6734375,607.329125,671.42125,717.2315625,727.1219375,0.0,0.0,0.0,0.0,0.0,0.0,0.0,0.0,0.0,0.0,0.0,0.0,0.0
73,73,669.05575,0.0,646.0969375,0.0,791.2023125,581.4085,0.0,605.155125,0.0,0.0,605.2808125,667.5909375,714.120625,722.66525,0.0,0.0,0.0,0.0,0.0,0.0,0.0,0.0,0.0,0.0,0.0,0.0,0.0
74,74,670.9943125,0.0,649.6503125,0.0,795.8846875,581.9445625,0.0,607.8516875,0.0,0.0,603.3061875,663.8120625,711.065,718.2486875,0.0,0.0,0.0,0.0,0.0,0.0,0.0,0.0,0.0,0.0,0.0,0.0,0.0
75,75,673.000125,0.0,653.259,0.0,800.6003125,582.563625,0.0,610.6163125,0.0,0.0,601.406,660.0855,708.065375,713.873,0.0,0.0,0.0,0.0,0.0,0.0,0.0,0.0,0.0,0.0,0.0,0.0,0.0
76,76,675.0725625,0.0,656.922,0.0,805.3484375,583.2655,0.0,613.4480625,0.0,0.0,599.5809375,656.4121875,705.1225,709.5389375,0.0,0.0,0.0,0.0,0.0,0.0,0.0,0.0,0.0,0.0,0.0,0.0,0.0
77,77,677.211125,0.0,660.6385,0.0,810.1286875,584.0499375,0.0,616.346125,0.0,0.0,597.8316875,652.7929375,702.237,705.2473125,0.0,0.0,0.0,0.0,0.0,0.0,0.0,0.0,0.0,0.0,0.0,0.0,0.0
78,78,679.415,0.0,664.4075,0.0,814.9403125,584.9164375,0.0,619.3094375,0.0,0.0,596.1589375,649.22875,699.4096875,700.9988125,0.0,0.0,0.0,0.0,0.0,0.0,0.0,0.0,0.0,0.0,0.0,0.0,0.0
79,79,681.68375,0.0,668.22825,0.0,819.7828125,585.8648125,0.0,622.3371875,0.0,0.0,594.563375,645.7204375,696.6411875,696.794375,0.0,0.0,0.0,0.0,0.0,0.0,0.0,0.0,0.0,0.0,0.0,0.0,0.0
80,80,684.0165625,0.0,672.0996875,0.0,0.0,586.8945625,0.0,625.4283125,0.0,0.0,593.0455625,642.269,693.9323125,692.6346875,0.0,0.0,0.0,0.0,0.0,0.0,0.0,0.0,0.0,0.0,0.0,0.0,0.0
81,81,686.412875,0.0,676.021125,0.0,0.0,588.00525,0.0,628.5819375,0.0,0.0,591.606125,638.875375,691.283625,688.520625,0.0,0.0,0.0,0.0,0.0,0.0,0.0,0.0,0.0,0.0,0.0,0.0,0.0
82,82,688.872,0.0,679.9915,0.0,0.0,589.1965,0.0,631.797125,0.0,0.0,590.245625,635.5404375,688.696,684.453,0.0,0.0,0.0,0.0,0.0,0.0,0.0,0.0,0.0,0.0,0.0,0.0,0.0
83,83,691.3933125,0.0,684.010125,0.0,0.0,590.46775,0.0,635.072875,0.0,0.0,588.964625,632.265125,686.17,680.4326875,0.0,0.0,0.0,0.0,0.0,0.0,0.0,0.0,0.0,0.0,0.0,0.0,0.0
84,84,693.976,0.0,688.0760625,0.0,0.0,591.8185,0.0,638.408375,0.0,0.0,587.763625,629.0504375,683.7063125,676.4604375,0.0,0.0,0.0,0.0,0.0,0.0,0.0,0.0,0.0,0.0,0.0,0.0,0.0
85,85,696.6195,0.0,692.1885,0.0,0.0,593.24825,0.0,641.8025625,0.0,0.0,586.6431875,625.8971875,681.3056875,672.5371875,0.0,0.0,0.0,0.0,0.0,0.0,0.0,0.0,0.0,0.0,0.0,0.0,0.0
86,86,699.323125,0.0,696.3465625,0.0,0.0,594.756375,0.0,645.254625,0.0,0.0,585.6036875,622.8064375,678.96875,668.66375,820.45875,0.0,0.0,0.0,0.0,0.0,0.0,0.0,0.0,0.0,0.0,0.0,0.0
87,87,702.0860625,0.0,700.5495,0.0,0.0,596.34225,0.0,648.7635,0.0,0.0,584.6455625,619.7790625,676.6961875,664.8410625,815.6130625,0.0,0.0,0.0,0.0,0.0,0.0,0.0,0.0,0.0,0.0,0.0,0.0
88,88,704.9076875,0.0,704.7964375,0.0,0.0,598.005375,0.0,652.328375,0.0,0.0,583.7693125,616.8160625,674.488625,661.07,810.7981875,0.0,0.0,0.0,0.0,0.0,0.0,0.0,0.0,0.0,0.0,0.0,0.0
89,89,707.7873125,0.0,709.0866875,0.0,0.0,599.7449375,0.0,655.9483125,0.0,0.0,582.9751875,613.9183125,672.3466875,657.3514375,806.01475,0.0,0.0,0.0,0.0,0.0,0.0,0.0,0.0,0.0,0.0,0.0,0.0
90,90,710.72425,0.0,713.4193125,0.0,0.0,601.5604375,0.0,659.6223125,0.0,0.0,582.263625,611.0866875,670.2710625,653.68625,801.2631875,0.0,0.0,0.0,0.0,0.0,0.0,0.0,0.0,0.0,0.0,0.0,0.0
91,91,713.7176875,0.0,717.7936875,0.0,0.0,603.4510625,0.0,663.349625,0.0,0.0,581.6348125,608.32225,668.262375,650.0753125,796.5441875,0.0,0.0,0.0,0.0,0.0,0.0,0.0,0.0,0.0,0.0,0.0,0.0
92,92,716.767,0.0,722.209,0.0,0.0,605.4161875,0.0,667.12925,0.0,0.0,581.089125,605.625875,666.3211875,646.5196875,791.85825,0.0,0.0,0.0,0.0,0.0,0.0,0.0,0.0,0.0,0.0,0.0,0.0
93,93,719.8714375,0.0,726.6644375,0.0,0.0,607.4550625,0.0,670.9603125,0.0,0.0,580.62675,602.998375,664.4480625,643.020125,787.2060625,0.0,0.0,0.0,0.0,0.0,0.0,0.0,0.0,0.0,0.0,0.0,0.0
94,94,723.03025,0.0,731.1593125,0.0,0.0,609.5669375,0.0,674.8419375,0.0,0.0,580.2479375,600.4408125,662.643625,639.5776875,782.5881875,820.2108125,0.0,0.0,0.0,0.0,0.0,0.0,0.0,0.0,0.0,0.0,0.0
95,95,726.2428125,0.0,735.692875,0.0,0.0,611.7510625,0.0,678.77325,0.0,0.0,579.95275,597.954,660.9085,636.1931875,778.00525,817.4140625,0.0,0.0,0.0,0.0,0.0,0.0,0.0,0.0,0.0,0.0,0.0
96,96,729.508375,0.0,740.2645,0.0,0.0,614.006625,0.0,682.753375,0.0,0.0,579.7414375,595.538875,659.243125,632.867625,773.457875,814.667875,0.0,0.0,0.0,0.0,0.0,0.0,0.0,0.0,0.0,0.0,0.0
97,97,732.82625,0.0,744.8733125,0.0,0.0,616.3329375,0.0,686.7815,0.0,0.0,579.614,593.19625,657.648125,629.6019375,768.9466875,811.9728125,0.0,0.0,0.0,0.0,0.0,0.0,0.0,0.0,0.0,0.0,0.0
98,98,736.195625,0.0,749.5188125,0.0,0.0,618.7290625,0.0,690.8568125,0.0,0.0,579.5705625,590.927,656.1239375,626.3970625,764.4723125,809.3294375,0.0,0.0,0.0,0.0,0.0,0.0,0.0,0.0,0.0,0.0,0.0
99,99,739.6159375,0.0,754.2001875,0.0,0.0,621.1943125,0.0,694.978375,0.0,0.0,579.6110625,588.7320625,654.671125,623.253875,760.0354375,806.738125,0.0,0.0,0.0,0.0,0.0,0.0,0.0,0.0,0.0,0.0,0.0
100,100,743.086375,0.0,758.91675,0.0,0.0,623.7278125,0.0,699.145375,0.0,0.0,579.7355625,586.6121875,653.2900625,620.1734375,755.63675,804.1995,0.0,0.0,0.0,0.0,0.0,0.0,0.0,0.0,0.0,0.0,0.0
101,101,746.60625,0.0,763.6679375,0.0,0.0,626.3286875,0.0,703.357125,0.0,0.0,579.9439375,584.5681875,651.981375,617.156625,751.276875,801.7139375,0.0,0.0,0.0,0.0,0.0,0.0,0.0,0.0,0.0,0.0,0.0
102,102,750.174875,0.0,768.453125,0.0,0.0,628.9961875,0.0,707.6126875,0.0,0.0,580.236125,582.6009375,650.7453125,614.204375,746.9565,799.282125,0.0,0.0,0.0,0.0,0.0,0.0,0.0,0.0,0.0,0.0,0.0
103,103,753.7915625,0.0,773.2715,0.0,0.0,631.729375,0.0,711.9113125,0.0,0.0,580.6120625,580.7111875,649.5824375,611.3175625,742.676375,796.904375,0.0,0.0,0.0,0.0,0.0,0.0,0.0,0.0,0.0,0.0,0.0
104,104,757.455625,0.0,778.122625,0.0,0.0,634.5275,0.0,716.25225,0.0,0.0,581.0715,578.8996875,648.4930625,608.49725,738.437125,794.58125,0.0,0.0,0.0,0.0,0.0,0.0,0.0,0.0,0.0,0.0,0.0
105,105,761.166375,0.0,783.0058125,0.0,0.0,637.3895625,0.0,720.6346875,0.0,0.0,581.61425,577.1671875,647.477625,605.7443125,734.2395,792.31325,0.0,0.0,0.0,0.0,0.0,0.0,0.0,0.0,0.0,0.0,0.0
106,106,764.923125,0.0,787.9204375,0.0,0.0,640.314875,0.0,725.057875,0.0,0.0,582.240125,575.514375,646.5364375,603.0596875,730.0843125,790.1008125,0.0,0.0,0.0,0.0,0.0,0.0,0.0,0.0,0.0,0.0,0.0
107,107,768.7251875,0.0,792.866,0.0,0.0,643.3024375,0.0,729.521125,0.0,0.0,582.9488125,573.9419375,645.6698125,600.44425,725.972125,787.9444375,0.0,0.0,0.0,0.0,0.0,0.0,0.0,0.0,0.0,0.0,0.0
108,108,772.571875,0.0,797.84175,0.0,0.0,646.3514375,0.0,734.023625,0.0,0.0,583.7400625,572.450625,644.878,597.899,721.9038125,785.844625,0.0,0.0,0.0,0.0,0.0,0.0,0.0,0.0,0.0,0.0,0.0
109,109,776.4625625,0.0,802.8473125,0.0,0.0,649.461,0.0,738.5646875,0.0,0.0,584.6135,571.0409375,644.1614375,595.42475,717.8800625,783.80175,0.0,0.0,0.0,0.0,0.0,0.0,0.0,0.0,0.0,0.0,0.0
110,110,780.3965625,0.0,807.882,0.0,0.0,652.6303125,0.0,743.143625,0.0,0.0,585.56875,569.713625,643.5201875,593.022375,713.901625,781.81625,0.0,0.0,0.0,0.0,0.0,0.0,0.0,0.0,0.0,0.0,0.0
111,111,784.3731875,0.0,812.9453125,0.0,0.0,655.858375,0.0,747.759625,0.0,0.0,586.605375,568.4691875,642.954625,590.692875,709.9693125,779.8886875,0.0,0.0,0.0,0.0,0.0,0.0,0.0,0.0,0.0,0.0,0.0
112,112,788.391875,0.0,818.03675,0.0,0.0,659.1444375,0.0,752.4121875,0.0,0.0,587.7230625,567.308125,642.464875,588.437,706.083875,778.019375,0.0,0.0,0.0,0.0,0.0,0.0,0.0,0.0,0.0,0.0,0.0
113,113,792.451875,0.0,0.0,0.0,0.0,662.4875625,0.0,757.1004375,0.0,0.0,588.92125,566.2310625,642.051125,586.255625,702.2460625,776.2088125,0.0,0.0,0.0,0.0,0.0,0.0,0.0,0.0,0.0,0.0,0.0
114,114,796.552625,0.0,0.0,0.0,0.0,665.8869375,0.0,761.823875,0.0,0.0,590.1994375,565.2384375,641.7135625,584.1496875,698.45675,774.457375,817.4528125,0.0,0.0,0.0,0.0,0.0,0.0,0.0,0.0,0.0,0.0
115,115,800.6934375,0.0,0.0,0.0,0.0,669.341625,0.0,766.58175,0.0,0.0,591.5571875,564.3306875,641.45225,582.119875,694.716625,772.7655,812.4378125,0.0,0.0,0.0,0.0,0.0,0.0,0.0,0.0,0.0,0.0
116,116,804.87375,0.0,0.0,0.0,0.0,672.850875,0.0,771.373375,0.0,0.0,592.993875,563.5081875,641.2673125,580.1670625,691.0265625,771.1335625,807.4518125,0.0,0.0,0.0,0.0,0.0,0.0,0.0,0.0,0.0,0.0
117,117,809.0929375,0.0,0.0,0.0,0.0,676.41375,0.0,776.19825,0.0,0.0,594.509,562.771375,641.1588125,578.292,687.387375,769.561875,802.4953125,0.0,0.0,0.0,0.0,0.0,0.0,0.0,0.0,0.0,0.0
118,118,813.350375,0.0,0.0,0.0,0.0,680.0294375,0.0,781.0556875,0.0,0.0,596.101875,562.1205625,641.12675,576.4954375,683.799875,768.0509375,797.568875,0.0,0.0,0.0,0.0,0.0,0.0,0.0,0.0,0.0,0.0
119,119,817.6454375,0.0,0.0,0.0,0.0,683.697125,0.0,785.9450625,0.0,0.0,597.772,561.5560625,641.1711875,574.7781875,680.264875,766.601,792.6730625,0.0,0.0,0.0,0.0,0.0,0.0,0.0,0.0,0.0,0.0
120,120,0.0,0.0,0.0,0.0,0.0,687.4159375,0.0,790.8658125,0.0,0.0,599.5185625,561.0780625,641.2920625,573.140875,676.783125,765.2125,787.8084375,0.0,0.0,0.0,0.0,0.0,0.0,0.0,0.0,0.0,0.0
121,121,0.0,0.0,0.0,0.0,0.0,691.185,0.0,795.8173125,0.0,0.0,601.341,560.6869375,641.4894375,571.58425,673.355625,763.8856875,782.975625,0.0,0.0,0.0,0.0,0.0,0.0,0.0,0.0,0.0,0.0
122,122,0.0,0.0,0.0,0.0,0.0,695.0035625,0.0,800.799,0.0,0.0,603.238625,560.3826875,641.763125,570.1089375,669.9830625,762.6209375,778.17525,0.0,0.0,0.0,0.0,0.0,0.0,0.0,0.0,0.0,0.0
123,123,0.0,0.0,0.0,0.0,0.0,698.8708125,0.0,805.8103125,0.0,0.0,605.21075,560.165625,642.1130625,568.715625,666.6663125,761.4185625,773.4078125,0.0,0.0,0.0,0.0,0.0,0.0,0.0,0.0,0.0,0.0
124,124,0.0,0.0,0.0,0.0,0.0,702.7859375,0.0,810.85075,0.0,0.0,607.2565625,560.03575,642.539125,567.404875,663.40625,760.278875,768.6740625,0.0,0.0,0.0,0.0,0.0,0.0,0.0,0.0,0.0,0.0
125,125,0.0,0.0,0.0,0.0,0.0,706.7480625,0.0,815.9196875,0.0,0.0,609.3753125,559.993125,643.041125,566.17725,660.2036875,759.202125,763.9745,0.0,0.0,0.0,0.0,0.0,0.0,0.0,0.0,0.0,0.0
126,126,0.0,0.0,0.0,0.0,0.0,710.7565,0.0,821.0165625,0.0,0.0,611.566375,560.0378125,643.619,565.0333125,657.0595,758.188625,759.309875,0.0,0.0,0.0,0.0,0.0,0.0,0.0,0.0,0.0,0.0
127,127,0.0,0.0,0.0,0.0,0.0,714.810375,0.0,0.0,0.0,0.0,613.8288125,560.16975,644.272375,563.9735625,653.9745,757.2385,754.6808125,0.0,0.0,0.0,0.0,0.0,0.0,0.0,0.0,0.0,0.0
128,128,0.0,0.0,0.0,0.0,0.0,718.909,0.0,0.0,0.0,0.0,616.162,560.388875,645.0011875,562.9984375,650.9495,756.3521875,750.0879375,0.0,0.0,0.0,0.0,0.0,0.0,0.0,0.0,0.0,0.0
129,129,0.0,0.0,0.0,0.0,0.0,723.0515625,0.0,0.0,0.0,0.0,618.565,560.695125,645.805125,562.1085,647.9854375,755.52975,745.5319375,0.0,0.0,0.0,0.0,0.0,0.0,0.0,0.0,0.0,0.0
130,130,0.0,0.0,0.0,0.0,0.0,727.2373125,0.0,0.0,0.0,0.0,621.037,561.088375,646.6838125,561.3040625,645.083125,754.7715,741.0135625,0.0,0.0,0.0,0.0,0.0,0.0,0.0,0.0,0.0,0.0
131,131,0.0,0.0,0.0,0.0,0.0,731.4655,0.0,0.0,0.0,0.0,623.57725,561.568375,647.6370625,560.5855,642.2433125,754.0775625,736.5334375,0.0,0.0,0.0,0.0,0.0,0.0,0.0,0.0,0.0,0.0
132,132,0.0,0.0,0.0,0.0,0.0,735.735375,0.0,0.0,0.0,0.0,626.1849375,562.1349375,648.6645,559.9531875,639.467,753.448125,732.09225,815.519125,0.0,0.0,0.0,0.0,0.0,0.0,0.0,0.0,0.0
133,133,0.0,0.0,0.0,0.0,0.0,740.04625,0.0,0.0,0.0,0.0,628.859125,562.7878125,649.7658125,559.4073125,636.754875,752.8834375,727.6908125,810.6203125,0.0,0.0,0.0,0.0,0.0,0.0,0.0,0.0,0.0
134,134,0.0,0.0,0.0,0.0,0.0,744.397375,0.0,0.0,0.0,0.0,631.599,563.5266875,650.9405625,558.94825,634.1078125,752.3835625,723.32975,805.75225,0.0,0.0,0.0,0.0,0.0,0.0,0.0,0.0,0.0
135,135,0.0,0.0,0.0,0.0,0.0,748.7880625,0.0,0.0,0.0,0.0,634.40375,564.3511875,652.188375,558.5761875,631.526625,751.948625,719.009875,800.9155,0.0,0.0,0.0,0.0,0.0,0.0,0.0,0.0,0.0
136,136,0.0,0.0,0.0,0.0,0.0,753.217625,0.0,0.0,0.0,0.0,637.2725,565.261,653.5088125,558.29125,629.0121875,751.57875,714.731875,796.1106875,0.0,0.0,0.0,0.0,0.0,0.0,0.0,0.0,0.0
137,137,0.0,0.0,0.0,0.0,0.0,757.685375,0.0,0.0,0.0,0.0,640.2043125,566.2556875,654.9014375,558.093625,626.56525,751.2740625,710.496625,791.3383125,0.0,0.0,0.0,0.0,0.0,0.0,0.0,0.0,0.0
138,138,0.0,0.0,0.0,0.0,0.0,762.1905625,0.0,0.0,0.0,0.0,643.1984375,567.33475,656.3658125,557.983375,624.1865625,751.0345625,706.3048125,786.5990625,0.0,0.0,0.0,0.0,0.0,0.0,0.0,0.0,0.0
139,139,0.0,0.0,0.0,0.0,0.0,766.732625,0.0,0.0,0.0,0.0,646.2539375,568.49775,657.9015,557.9605625,621.877,750.8604375,702.1571875,781.8935,0.0,0.0,0.0,0.0,0.0,0.0,0.0,0.0,0.0
140,140,0.0,0.0,0.0,0.0,0.0,771.310875,0.0,0.0,0.0,0.0,649.3699375,569.74425,659.507875,558.0251875,619.6373125,750.7516875,698.054625,777.22225,0.0,0.0,0.0,0.0,0.0,0.0,0.0,0.0,0.0
141,141,0.0,0.0,0.0,0.0,0.0,775.924625,0.0,0.0,0.0,0.0,652.5455625,571.0735625,661.1845625,558.1771875,617.46825,750.7083125,693.997875,772.5859375,820.0736875,0.0,0.0,0.0,0.0,0.0,0.0,0.0,0.0
142,142,0.0,0.0,0.0,0.0,0.0,780.57325,0.0,0.0,0.0,0.0,655.78,572.4851875,662.930875,558.4165625,615.370625,750.7303125,689.9878125,767.9851875,815.2424375,0.0,0.0,0.0,0.0,0.0,0.0,0.0,0.0
143,143,0.0,0.0,0.0,0.0,0.0,785.2561875,0.0,0.0,0.0,0.0,659.072375,573.9785625,664.7464375,558.7431875,613.3450625,750.8176875,686.0251875,763.4206875,810.4425625,0.0,0.0,0.0,0.0,0.0,0.0,0.0,0.0
144,144,0.0,0.0,0.0,0.0,0.0,789.97275,0.0,0.0,0.0,0.0,662.42175,575.5529375,666.6305,559.156875,611.3923125,750.9704375,682.1108125,758.8930625,805.6746875,0.0,0.0,0.0,0.0,0.0,0.0,0.0,0.0
145,145,0.0,0.0,0.0,0.0,0.0,794.722375,0.0,0.0,0.0,0.0,665.8273125,577.2076875,668.582625,559.657375,609.513125,751.1885,678.245625,754.403,800.939375,0.0,0.0,0.0,0.0,0.0,0.0,0.0,0.0
146,146,0.0,0.0,0.0,0.0,0.0,799.5044375,0.0,0.0,0.0,0.0,669.2881875,578.9421875,670.6021875,560.244625,607.708125,751.471875,674.4304375,749.951125,796.237125,0.0,0.0,0.0,0.0,0.0,0.0,0.0,0.0
147,147,0.0,0.0,0.0,0.0,0.0,804.3184375,0.0,0.0,0.0,0.0,672.8035625,580.755625,672.6885,560.9181875,605.978,751.8204375,670.6660625,745.5381875,791.5686875,0.0,0.0,0.0,0.0,0.0,0.0,0.0,0.0
148,148,0.0,0.0,0.0,0.0,0.0,809.1636875,0.0,0.0,0.0,0.0,676.3725,582.6473125,674.841,561.6778125,604.3234375,752.234125,666.9534375,741.164875,786.9345625,0.0,0.0,0.0,0.0,0.0,0.0,0.0,0.0
149,149,0.0,0.0,0.0,0.0,0.0,814.039625,0.0,0.0,0.0,0.0,679.9941875,584.6165,677.0590625,562.5231875,602.7450625,752.71275,663.293375,736.8319375,782.335375,0.0,0.0,0.0,0.0,0.0,0.0,0.0,0.0
150,150,0.0,0.0,0.0,0.0,0.0,818.9458125,0.0,0.0,0.0,0.0,683.6678125,586.662375,679.342,563.453875,601.243375,753.2563125,659.68675,732.54,777.77175,0.0,0.0,0.0,0.0,0.0,0.0,0.0,0.0
151,151,0.0,0.0,0.0,0.0,0.0,0.0,0.0,0.0,0.0,0.0,687.3925625,588.784125,681.6891875,564.4694375,599.8190625,753.8645625,656.1345,728.289875,773.244375,0.0,0.0,0.0,0.0,0.0,0.0,0.0,0.0
152,152,0.0,0.0,0.0,0.0,0.0,0.0,0.0,0.0,0.0,0.0,691.1675,590.981,684.1,565.5694375,598.472625,754.5374375,652.6375,724.08225,768.7538125,0.0,0.0,0.0,0.0,0.0,0.0,0.0,0.0
153,153,0.0,0.0,0.0,0.0,0.0,0.0,0.0,0.0,0.0,0.0,694.991875,593.252125,686.5736875,566.7534375,597.2045625,755.2746875,649.196625,719.917875,764.3008125,0.0,0.0,0.0,0.0,0.0,0.0,0.0,0.0
154,154,0.0,0.0,0.0,0.0,0.0,0.0,0.0,0.0,0.0,0.0,698.864875,595.5965625,689.109625,568.0208125,596.0154375,756.076125,645.8128125,715.7975625,759.8859375,820.3135625,0.0,0.0,0.0,0.0,0.0,0.0,0.0
155,155,0.0,0.0,0.0,0.0,0.0,0.0,0.0,0.0,0.0,0.0,702.785625,598.0135625,691.7070625,569.3710625,594.90575,756.9415625,642.4869375,711.7220625,755.5099375,815.31,0.0,0.0,0.0,0.0,0.0,0.0,0.0
156,156,0.0,0.0,0.0,0.0,0.0,0.0,0.0,0.0,0.0,0.0,706.7534375,600.50225,694.365375,570.803625,593.875875,757.8708125,639.219875,707.692125,751.1735,810.3355,0.0,0.0,0.0,0.0,0.0,0.0,0.0
157,157,0.0,0.0,0.0,0.0,0.0,0.0,0.0,0.0,0.0,0.0,710.7674375,603.0616875,697.083875,572.3178125,592.92625,758.863625,636.0125625,703.7085625,746.87725,805.3905,0.0,0.0,0.0,0.0,0.0,0.0,0.0
158,158,0.0,0.0,0.0,0.0,0.0,0.0,0.0,0.0,0.0,0.0,714.826875,605.6909375,699.8618125,573.9130625,592.05725,759.91975,632.866,699.7721875,742.6219375,800.4755625,0.0,0.0,0.0,0.0,0.0,0.0,0.0
159,159,0.0,0.0,0.0,0.0,0.0,0.0,0.0,0.0,0.0,0.0,718.931,608.3891875,702.6984375,575.5885625,591.26925,761.038875,629.7809375,695.88375,738.4083125,795.5913125,0.0,0.0,0.0,0.0,0.0,0.0,0.0
160,160,0.0,0.0,0.0,0.0,0.0,0.0,0.0,0.0,0.0,0.0,723.079,611.1554375,705.593125,577.34375,590.5625625,762.2208125,626.7584375,692.044125,734.237,790.7383125,0.0,0.0,0.0,0.0,0.0,0.0,0.0
161,161,0.0,0.0,0.0,0.0,0.0,0.0,0.0,0.0,0.0,0.0,727.270125,613.9888125,708.545125,579.1778125,589.9375,763.4651875,623.7993125,688.2540625,730.1088125,785.917125,0.0,0.0,0.0,0.0,0.0,0.0,0.0
162,162,0.0,0.0,0.0,0.0,0.0,0.0,0.0,0.0,0.0,0.0,731.503625,616.8883125,711.5536875,581.0900625,589.3943125,764.7716875,620.9045625,684.5144375,726.0245,781.1283125,0.0,0.0,0.0,0.0,0.0,0.0,0.0
163,163,0.0,0.0,0.0,0.0,0.0,0.0,0.0,0.0,0.0,0.0,735.7788125,619.853125,714.618125,583.0796875,588.93325,766.1400625,618.075,680.8260625,721.9846875,776.3725625,0.0,0.0,0.0,0.0,0.0,0.0,0.0
164,164,0.0,0.0,0.0,0.0,0.0,0.0,0.0,0.0,0.0,0.0,740.094875,622.88225,717.73775,585.145875,588.5545,767.5699375,615.3115625,677.1898125,717.99025,771.6504375,0.0,0.0,0.0,0.0,0.0,0.0,0.0
165,165,0.0,0.0,0.0,0.0,0.0,0.0,0.0,0.0,0.0,0.0,744.4511875,625.97475,720.9118125,587.287875,588.258125,769.061,612.6151875,673.6065625,714.0419375,766.9625625,0.0,0.0,0.0,0.0,0.0,0.0,0.0
166,166,0.0,0.0,0.0,0.0,0.0,0.0,0.0,0.0,0.0,0.0,748.847,629.1296875,724.1395625,589.5048125,588.0444375,770.6128125,609.98675,670.0770625,710.1405,762.309625,0.0,0.0,0.0,0.0,0.0,0.0,0.0
167,167,0.0,0.0,0.0,0.0,0.0,0.0,0.0,0.0,0.0,0.0,753.281625,632.346125,727.420375,591.795875,587.9133125,772.225125,607.4270625,666.60225,706.28675,757.6921875,0.0,0.0,0.0,0.0,0.0,0.0,0.0
168,168,0.0,0.0,0.0,0.0,0.0,0.0,0.0,0.0,0.0,0.0,757.754375,635.623125,730.7534375,594.1601875,587.865,773.8974375,604.9370625,663.1829375,702.4814375,753.1109375,0.0,0.0,0.0,0.0,0.0,0.0,0.0
169,169,0.0,0.0,0.0,0.0,0.0,0.0,0.0,0.0,0.0,0.0,762.2645625,638.95975,734.138,596.5968125,587.899375,775.6295,602.5176875,659.8200625,698.725375,748.566625,0.0,0.0,0.0,0.0,0.0,0.0,0.0
170,170,0.0,0.0,0.0,0.0,0.0,0.0,0.0,0.0,0.0,0.0,766.8115,642.355125,737.5735,599.105,588.0165625,777.42075,600.169625,656.5144375,695.0193125,744.0598125,0.0,0.0,0.0,0.0,0.0,0.0,0.0
171,171,0.0,0.0,0.0,0.0,0.0,0.0,0.0,0.0,0.0,0.0,771.394625,645.80825,741.059125,601.68375,588.216375,779.270875,597.893875,653.2669375,691.3641875,739.59125,0.0,0.0,0.0,0.0,0.0,0.0,0.0
172,172,0.0,0.0,0.0,0.0,0.0,0.0,0.0,0.0,0.0,0.0,776.0131875,649.3181875,744.5941875,604.3321875,588.49875,781.1794375,595.6911875,650.0785,687.7606875,735.161625,0.0,0.0,0.0,0.0,0.0,0.0,0.0
173,173,0.0,0.0,0.0,0.0,0.0,0.0,0.0,0.0,0.0,0.0,780.6665625,652.8840625,748.1779375,607.0494375,588.8636875,783.1460625,593.5624375,646.949875,684.2096875,730.7716875,0.0,0.0,0.0,0.0,0.0,0.0,0.0
174,174,0.0,0.0,0.0,0.0,0.0,0.0,0.0,0.0,0.0,0.0,785.35425,656.5049375,751.80975,609.8345,589.310875,785.1701875,591.5083125,643.8820625,680.712,726.422125,0.0,0.0,0.0,0.0,0.0,0.0,0.0
175,175,0.0,0.0,0.0,0.0,0.0,0.0,0.0,0.0,0.0,0.0,790.0755,660.1799375,755.488875,612.6864375,589.84025,787.2514375,589.52975,640.8759375,677.2685,722.1136875,0.0,0.0,0.0,0.0,0.0,0.0,0.0
176,176,0.0,0.0,0.0,0.0,0.0,0.0,0.0,0.0,0.0,0.0,794.8296875,663.908125,759.214625,615.6044375,590.4515,789.3894375,587.627375,637.93225,673.88,717.847125,0.0,0.0,0.0,0.0,0.0,0.0,0.0
177,177,0.0,0.0,0.0,0.0,0.0,0.0,0.0,0.0,0.0,0.0,799.616375,667.6885625,762.986375,618.5874375,591.1444375,791.5835625,585.802,635.052,670.54725,713.6231875,0.0,0.0,0.0,0.0,0.0,0.0,0.0
178,178,0.0,0.0,0.0,0.0,0.0,0.0,0.0,0.0,0.0,0.0,804.434875,671.5205,766.803375,621.6345625,591.91875,793.8334375,584.054375,632.236,667.27125,709.442625,0.0,0.0,0.0,0.0,0.0,0.0,0.0
179,179,0.0,0.0,0.0,0.0,0.0,0.0,0.0,0.0,0.0,0.0,809.2845625,675.4029375,770.6649375,624.744875,592.774125,796.138625,582.385125,629.4850625,664.0526875,705.3061875,0.0,0.0,0.0,0.0,0.0,0.0,0.0
180,180,0.0,0.0,0.0,0.0,0.0,0.0,0.0,0.0,0.0,0.0,814.165,679.335,774.5704375,627.917375,593.7101875,798.4985625,580.795,626.8001875,660.8925,701.2146875,0.0,0.0,0.0,0.0,0.0,0.0,0.0
181,181,0.0,0.0,0.0,0.0,0.0,0.0,0.0,0.0,0.0,0.0,819.0755625,683.3159375,778.51925,631.1511875,594.7265625,800.91275,579.2845625,624.182125,657.7915,697.169,0.0,0.0,0.0,0.0,0.0,0.0,0.0
182,182,0.0,0.0,0.0,0.0,0.0,0.0,0.0,0.0,0.0,0.0,0.0,687.3448125,782.5105625,634.4453125,595.822875,803.3808125,577.8545625,621.63175,654.7505625,693.1698125,0.0,0.0,0.0,0.0,0.0,0.0,0.0
183,183,0.0,0.0,0.0,0.0,0.0,0.0,0.0,0.0,0.0,0.0,0.0,691.42075,786.543875,637.798875,596.998625,805.902125,576.5055,619.149875,651.7705,689.218,0.0,0.0,0.0,0.0,0.0,0.0,0.0
184,184,0.0,0.0,0.0,0.0,0.0,0.0,0.0,0.0,0.0,0.0,0.0,695.543,790.6185,641.210875,598.253375,808.4763125,575.2380625,616.737375,648.8521875,685.314375,0.0,0.0,0.0,0.0,0.0,0.0,0.0
185,185,0.0,0.0,0.0,0.0,0.0,0.0,0.0,0.0,0.0,0.0,0.0,699.7106875,794.73375,644.6804375,599.586625,811.10275,574.052625,614.3950625,645.996375,681.4598125,0.0,0.0,0.0,0.0,0.0,0.0,0.0
186,186,0.0,0.0,0.0,0.0,0.0,0.0,0.0,0.0,0.0,0.0,0.0,703.923,798.889,648.2065625,600.997875,813.7809375,572.9498125,612.12375,643.204,677.6550625,0.0,0.0,0.0,0.0,0.0,0.0,0.0
187,187,0.0,0.0,0.0,0.0,0.0,0.0,0.0,0.0,0.0,0.0,0.0,708.1791875,803.0836875,651.7884375,602.4865625,816.5105,571.930125,609.9241875,640.475875,673.901,820.2751875,0.0,0.0,0.0,0.0,0.0,0.0
188,188,0.0,0.0,0.0,0.0,0.0,0.0,0.0,0.0,0.0,0.0,0.0,712.4784375,807.317125,655.4250625,604.0520625,819.29075,570.9939375,607.7971875,637.8128125,670.1985625,815.420375,0.0,0.0,0.0,0.0,0.0,0.0
189,189,0.0,0.0,0.0,0.0,0.0,0.0,0.0,0.0,0.0,0.0,0.0,716.8199375,811.58875,659.1155,605.6938125,0.0,570.141625,605.7435,635.215625,666.5485,810.59625,0.0,0.0,0.0,0.0,0.0,0.0
190,190,0.0,0.0,0.0,0.0,0.0,0.0,0.0,0.0,0.0,0.0,0.0,721.2029375,815.8979375,662.8589375,607.41125,0.0,569.3736875,603.763875,632.685125,662.95175,805.8034375,0.0,0.0,0.0,0.0,0.0,0.0
191,191,0.0,0.0,0.0,0.0,0.0,0.0,0.0,0.0,0.0,0.0,0.0,725.6266875,820.244125,666.6544375,609.203625,0.0,568.6904375,601.859125,630.222125,659.4091875,801.0424375,0.0,0.0,0.0,0.0,0.0,0.0
192,192,0.0,0.0,0.0,0.0,0.0,0.0,0.0,0.0,0.0,0.0,0.0,730.0905,0.0,670.5010625,611.070375,0.0,568.092125,600.0298125,627.8274375,655.9216875,796.3139375,0.0,0.0,0.0,0.0,0.0,0.0
193,193,0.0,0.0,0.0,0.0,0.0,0.0,0.0,0.0,0.0,0.0,0.0,734.5935,0.0,674.398,613.01075,0.0,567.579,598.2768125,625.501875,652.4900625,791.618375,0.0,0.0,0.0,0.0,0.0,0.0
194,194,0.0,0.0,0.0,0.0,0.0,0.0,0.0,0.0,0.0,0.0,0.0,739.1350625,0.0,678.344375,615.0240625,0.0,567.151375,596.600625,623.246125,649.1153125,786.9564375,0.0,0.0,0.0,0.0,0.0,0.0
195,195,0.0,0.0,0.0,0.0,0.0,0.0,0.0,0.0,0.0,0.0,0.0,743.7145,0.0,682.33925,617.109625,0.0,566.8094375,595.002,621.061,645.7983125,782.3286875,0.0,0.0,0.0,0.0,0.0,0.0
196,196,0.0,0.0,0.0,0.0,0.0,0.0,0.0,0.0,0.0,0.0,0.0,748.331,0.0,686.381875,619.2666875,0.0,566.5533125,593.4815625,618.9473125,642.5399375,777.73575,0.0,0.0,0.0,0.0,0.0,0.0
197,197,0.0,0.0,0.0,0.0,0.0,0.0,0.0,0.0,0.0,0.0,0.0,752.984,0.0,690.471375,621.4945,0.0,566.3830625,592.0399375,616.9056875,639.3410625,773.1783125,0.0,0.0,0.0,0.0,0.0,0.0
198,198,0.0,0.0,0.0,0.0,0.0,0.0,0.0,0.0,0.0,0.0,0.0,757.67275,0.0,694.606875,623.7923125,0.0,566.298875,590.677625,614.9369375,636.202625,768.6569375,0.0,0.0,0.0,0.0,0.0,0.0
199,199,0.0,0.0,0.0,0.0,0.0,0.0,0.0,0.0,0.0,0.0,0.0,762.396625,0.0,698.7875625,626.159375,0.0,566.30075,589.3951875,613.0416875,633.1255,764.1723125,0.0,0.0,0.0,0.0,0.0,0.0
200,200,0.0,0.0,0.0,0.0,0.0,0.0,0.0,0.0,0.0,0.0,0.0,767.1549375,0.0,703.0126875,628.5948125,0.0,566.388625,588.19325,611.2206875,630.110625,759.7250625,0.0,0.0,0.0,0.0,0.0,0.0
201,201,0.0,0.0,0.0,0.0,0.0,0.0,0.0,0.0,0.0,0.0,0.0,771.9470625,0.0,707.281375,631.0979375,0.0,566.5625625,587.0721875,609.474625,627.158875,755.315875,0.0,0.0,0.0,0.0,0.0,0.0
202,202,0.0,0.0,0.0,0.0,0.0,0.0,0.0,0.0,0.0,0.0,0.0,776.772375,0.0,711.592875,633.6679375,0.0,566.822375,586.0325,607.8040625,624.271125,750.945375,0.0,0.0,0.0,0.0,0.0,0.0
203,203,0.0,0.0,0.0,0.0,0.0,0.0,0.0,0.0,0.0,0.0,0.0,781.63025,0.0,715.9464375,636.303875,0.0,567.1680625,585.0746875,606.2096875,621.4483125,746.614375,0.0,0.0,0.0,0.0,0.0,0.0
204,204,0.0,0.0,0.0,0.0,0.0,0.0,0.0,0.0,0.0,0.0,0.0,786.5200625,0.0,720.34125,639.0050625,0.0,567.599375,584.1990625,604.6920625,618.691375,742.323375,0.0,0.0,0.0,0.0,0.0,0.0
205,205,0.0,0.0,0.0,0.0,0.0,0.0,0.0,0.0,0.0,0.0,0.0,791.44125,0.0,724.7765625,641.770625,0.0,568.116125,583.4060625,603.2518125,616.0010625,738.07325,0.0,0.0,0.0,0.0,0.0,0.0
206,206,0.0,0.0,0.0,0.0,0.0,0.0,0.0,0.0,0.0,0.0,0.0,796.3931875,0.0,729.251625,644.59975,0.0,568.718125,582.696,601.8894375,613.378375,733.8646875,0.0,0.0,0.0,0.0,0.0,0.0
207,207,0.0,0.0,0.0,0.0,0.0,0.0,0.0,0.0,0.0,0.0,0.0,801.3753125,0.0,733.7656875,647.4915625,0.0,569.4050625,582.069125,600.6055,610.824125,729.6983125,0.0,0.0,0.0,0.0,0.0,0.0
208,208,0.0,0.0,0.0,0.0,0.0,0.0,0.0,0.0,0.0,0.0,0.0,806.3870625,0.0,738.318125,650.44525,0.0,570.176625,581.5258125,599.4005625,608.3391875,725.5749375,0.0,0.0,0.0,0.0,0.0,0.0
209,209,0.0,0.0,0.0,0.0,0.0,0.0,0.0,0.0,0.0,0.0,0.0,811.427875,0.0,742.908125,653.46,0.0,571.0325625,581.06625,598.2750625,605.9244375,721.4953125,0.0,0.0,0.0,0.0,0.0,0.0
210,210,0.0,0.0,0.0,0.0,0.0,0.0,0.0,0.0,0.0,0.0,0.0,816.49725,0.0,747.535,656.534875,0.0,571.972375,580.690625,597.229375,603.58075,717.460125,0.0,0.0,0.0,0.0,0.0,0.0
211,211,0.0,0.0,0.0,0.0,0.0,0.0,0.0,0.0,0.0,0.0,0.0,0.0,0.0,752.198125,659.669125,0.0,572.9956875,580.399125,596.2640625,601.308875,713.4701875,0.0,0.0,0.0,0.0,0.0,0.0
212,212,0.0,0.0,0.0,0.0,0.0,0.0,0.0,0.0,0.0,0.0,0.0,0.0,0.0,756.89675,662.861875,0.0,574.1020625,580.1918125,595.379375,599.1096875,709.52625,819.225,0.0,0.0,0.0,0.0,0.0
213,213,0.0,0.0,0.0,0.0,0.0,0.0,0.0,0.0,0.0,0.0,0.0,0.0,0.0,761.6303125,666.11225,0.0,575.2910625,580.068875,594.5758125,596.9839375,705.629125,814.117625,0.0,0.0,0.0,0.0,0.0
214,214,0.0,0.0,0.0,0.0,0.0,0.0,0.0,0.0,0.0,0.0,0.0,0.0,0.0,766.3980625,669.4195,0.0,576.562125,580.03025,593.8535625,594.9325,701.7795,809.0380625,0.0,0.0,0.0,0.0,0.0
215,215,0.0,0.0,0.0,0.0,0.0,0.0,0.0,0.0,0.0,0.0,0.0,0.0,0.0,771.199375,672.782625,0.0,577.9146875,580.0760625,593.213,592.956125,697.97825,803.9868125,0.0,0.0,0.0,0.0,0.0
216,216,0.0,0.0,0.0,0.0,0.0,0.0,0.0,0.0,0.0,0.0,0.0,0.0,0.0,776.0336875,676.2009375,0.0,579.3481875,580.2063125,592.6544375,591.0555,694.2261875,798.9645625,0.0,0.0,0.0,0.0,0.0
217,217,0.0,0.0,0.0,0.0,0.0,0.0,0.0,0.0,0.0,0.0,0.0,0.0,0.0,780.9003125,679.6735,0.0,580.862125,580.4208125,592.178,589.2314375,690.524,793.97175,0.0,0.0,0.0,0.0,0.0
218,218,0.0,0.0,0.0,0.0,0.0,0.0,0.0,0.0,0.0,0.0,0.0,0.0,0.0,785.7986875,683.1995625,0.0,582.4556875,580.7195,591.784,587.484625,686.872625,789.009,0.0,0.0,0.0,0.0,0.0
219,219,0.0,0.0,0.0,0.0,0.0,0.0,0.0,0.0,0.0,0.0,0.0,0.0,0.0,790.72825,686.77825,0.0,584.128375,581.102375,591.4725,585.81575,683.272875,784.0768125,0.0,0.0,0.0,0.0,0.0
220,220,0.0,0.0,0.0,0.0,0.0,0.0,0.0,0.0,0.0,0.0,0.0,0.0,0.0,795.6883125,690.4086875,0.0,585.8794375,581.569125,591.2436875,584.2254375,679.7255,779.175875,0.0,0.0,0.0,0.0,0.0
221,221,0.0,0.0,0.0,0.0,0.0,0.0,0.0,0.0,0.0,0.0,0.0,0.0,0.0,800.6783125,694.0901875,0.0,587.70825,582.1195625,591.097625,582.7144375,676.231375,774.30675,0.0,0.0,0.0,0.0,0.0
222,222,0.0,0.0,0.0,0.0,0.0,0.0,0.0,0.0,0.0,0.0,0.0,0.0,0.0,805.6978125,697.821875,0.0,589.6139375,582.7535625,591.0344375,581.2833125,672.79125,769.47,0.0,0.0,0.0,0.0,0.0
223,223,0.0,0.0,0.0,0.0,0.0,0.0,0.0,0.0,0.0,0.0,0.0,0.0,0.0,810.746125,701.602875,0.0,591.5959375,583.47075,591.054125,579.932625,669.406125,764.66625,0.0,0.0,0.0,0.0,0.0
224,224,0.0,0.0,0.0,0.0,0.0,0.0,0.0,0.0,0.0,0.0,0.0,0.0,0.0,815.82275,705.4325,0.0,593.6533125,584.2708125,591.156625,578.663,666.0766875,759.8961875,0.0,0.0,0.0,0.0,0.0
225,225,0.0,0.0,0.0,0.0,0.0,0.0,0.0,0.0,0.0,0.0,0.0,0.0,0.0,820.9271875,709.3099375,0.0,595.7854375,585.1535,591.3419375,577.474875,662.803875,755.1604375,0.0,0.0,0.0,0.0,0.0
226,226,0.0,0.0,0.0,0.0,0.0,0.0,0.0,0.0,0.0,0.0,0.0,0.0,0.0,0.0,713.2343125,0.0,597.991375,586.1183125,591.6099375,576.368875,659.5885,750.459625,817.6015,0.0,0.0,0.0,0.0
227,227,0.0,0.0,0.0,0.0,0.0,0.0,0.0,0.0,0.0,0.0,0.0,0.0,0.0,0.0,717.2049375,0.0,600.270375,587.1649375,591.960625,575.3454375,656.4314375,745.7944375,812.5060625,0.0,0.0,0.0,0.0
228,228,0.0,0.0,0.0,0.0,0.0,0.0,0.0,0.0,0.0,0.0,0.0,0.0,0.0,0.0,721.2210625,0.0,602.6215625,588.2929375,592.39375,574.405,653.3335,741.1655625,807.43875,0.0,0.0,0.0,0.0
229,229,0.0,0.0,0.0,0.0,0.0,0.0,0.0,0.0,0.0,0.0,0.0,0.0,0.0,0.0,725.281875,0.0,605.0441875,589.50175,592.9091875,573.5479375,650.2955,736.5736875,802.4000625,0.0,0.0,0.0,0.0
230,230,0.0,0.0,0.0,0.0,0.0,0.0,0.0,0.0,0.0,0.0,0.0,0.0,0.0,0.0,729.386625,0.0,607.5373125,590.791,593.5066875,572.774625,647.318375,732.0195,797.390625,0.0,0.0,0.0,0.0
231,231,0.0,0.0,0.0,0.0,0.0,0.0,0.0,0.0,0.0,0.0,0.0,0.0,0.0,0.0,733.5345625,0.0,610.100125,592.1600625,594.186,572.0855,644.4029375,727.50375,792.411,0.0,0.0,0.0,0.0
232,232,0.0,0.0,0.0,0.0,0.0,0.0,0.0,0.0,0.0,0.0,0.0,0.0,0.0,0.0,737.725,0.0,612.7316875,593.6085,594.946875,571.48075,641.55,723.027125,787.4616875,0.0,0.0,0.0,0.0
233,233,0.0,0.0,0.0,0.0,0.0,0.0,0.0,0.0,0.0,0.0,0.0,0.0,0.0,0.0,741.9571875,0.0,615.431125,595.1355625,595.789,570.9606875,638.7604375,718.5903125,782.5433125,0.0,0.0,0.0,0.0
234,234,0.0,0.0,0.0,0.0,0.0,0.0,0.0,0.0,0.0,0.0,0.0,0.0,0.0,0.0,746.230375,0.0,618.1975625,596.7408125,596.712,570.5255625,636.0350625,714.1941875,777.6564375,0.0,0.0,0.0,0.0
235,235,0.0,0.0,0.0,0.0,0.0,0.0,0.0,0.0,0.0,0.0,0.0,0.0,0.0,0.0,750.5439375,0.0,621.030125,598.4235,597.7155,570.1755,633.37475,709.839375,772.8016875,0.0,0.0,0.0,0.0
236,236,0.0,0.0,0.0,0.0,0.0,0.0,0.0,0.0,0.0,0.0,0.0,0.0,0.0,0.0,754.897125,0.0,623.927875,600.1830625,598.799125,569.91075,630.78025,705.52675,767.97975,0.0,0.0,0.0,0.0
237,237,0.0,0.0,0.0,0.0,0.0,0.0,0.0,0.0,0.0,0.0,0.0,0.0,0.0,0.0,759.28925,0.0,626.8899375,602.01875,599.9624375,569.731375,628.2524375,701.257,763.191125,0.0,0.0,0.0,0.0
238,238,0.0,0.0,0.0,0.0,0.0,0.0,0.0,0.0,0.0,0.0,0.0,0.0,0.0,0.0,763.719625,0.0,629.915375,603.929875,601.2049375,569.6375,625.792125,697.031,758.4365,0.0,0.0,0.0,0.0
239,239,0.0,0.0,0.0,0.0,0.0,0.0,0.0,0.0,0.0,0.0,0.0,0.0,0.0,0.0,768.1876875,0.0,633.00325,605.91575,602.5261875,569.629125,623.400125,692.8495625,753.7165,817.9125,0.0,0.0,0.0
240,240,0.0,0.0,0.0,0.0,0.0,0.0,0.0,0.0,0.0,0.0,0.0,0.0,0.0,0.0,772.692625,0.0,636.1526875,607.975625,603.9255625,569.7063125,621.0771875,688.7134375,749.031875,814.6214375,0.0,0.0,0.0
241,241,0.0,0.0,0.0,0.0,0.0,0.0,0.0,0.0,0.0,0.0,0.0,0.0,0.0,0.0,777.233875,0.0,639.3628125,610.10875,605.4026875,569.8689375,618.824125,684.6235,744.3831875,811.3774375,0.0,0.0,0.0
242,242,0.0,0.0,0.0,0.0,0.0,0.0,0.0,0.0,0.0,0.0,0.0,0.0,0.0,0.0,781.81075,0.0,642.632625,612.314375,606.9568125,570.117,616.6416875,680.5805625,739.7711875,808.181,0.0,0.0,0.0
243,243,0.0,0.0,0.0,0.0,0.0,0.0,0.0,0.0,0.0,0.0,0.0,0.0,0.0,0.0,786.4226875,0.0,645.9613125,614.5916875,608.5875,570.4503125,614.530625,676.5855,735.1965625,805.0328125,0.0,0.0,0.0
244,244,0.0,0.0,0.0,0.0,0.0,0.0,0.0,0.0,0.0,0.0,0.0,0.0,0.0,0.0,791.0690625,0.0,649.347875,616.9399375,610.2940625,570.8688125,612.4916875,672.639125,730.66,801.933375,0.0,0.0,0.0
245,245,0.0,0.0,0.0,0.0,0.0,0.0,0.0,0.0,0.0,0.0,0.0,0.0,0.0,0.0,795.74925,0.0,652.7914375,619.35825,612.0758125,571.37225,610.525625,668.7423125,726.1621875,798.88325,0.0,0.0,0.0
246,246,0.0,0.0,0.0,0.0,0.0,0.0,0.0,0.0,0.0,0.0,0.0,0.0,0.0,0.0,800.4625625,0.0,656.291125,621.845875,613.9321875,571.9604375,608.633125,664.896,721.7039375,795.8830625,0.0,0.0,0.0
247,247,0.0,0.0,0.0,0.0,0.0,0.0,0.0,0.0,0.0,0.0,0.0,0.0,0.0,0.0,805.2085625,0.0,659.846,624.4019375,615.8625,572.6330625,606.8148125,661.101,717.2859375,792.9333125,0.0,0.0,0.0
248,248,0.0,0.0,0.0,0.0,0.0,0.0,0.0,0.0,0.0,0.0,0.0,0.0,0.0,0.0,809.986625,0.0,663.45525,627.0255625,617.866,573.3899375,605.0715,657.35825,712.9089375,790.034625,0.0,0.0,0.0
249,249,0.0,0.0,0.0,0.0,0.0,0.0,0.0,0.0,0.0,0.0,0.0,0.0,0.0,0.0,814.796125,0.0,667.117875,629.716,619.942,574.230625,603.4036875,653.668625,708.57375,787.1875625,819.6598125,0.0,0.0
250,250,0.0,0.0,0.0,0.0,0.0,0.0,0.0,0.0,0.0,0.0,0.0,0.0,0.0,0.0,819.6365625,0.0,670.8330625,632.4723125,622.08975,575.15475,601.812125,650.0330625,704.2810625,784.3926875,815.5613125,0.0,0.0
251,251,0.0,0.0,0.0,0.0,0.0,0.0,0.0,0.0,0.0,0.0,0.0,0.0,0.0,0.0,0.0,0.0,674.5999375,635.293625,624.3085625,576.162,600.297375,646.4524375,700.03175,781.6505,811.5025,0.0,0.0
252,252,0.0,0.0,0.0,0.0,0.0,0.0,0.0,0.0,0.0,0.0,0.0,0.0,0.0,0.0,0.0,0.0,678.4176875,638.1791875,626.5976875,577.2518125,598.86,642.9276875,695.8265625,778.961625,807.4838125,0.0,0.0
253,253,0.0,0.0,0.0,0.0,0.0,0.0,0.0,0.0,0.0,0.0,0.0,0.0,0.0,0.0,0.0,0.0,682.2853125,641.128,628.9563125,578.4238125,597.500625,639.45975,691.6663125,776.326625,803.5059375,0.0,0.0
254,254,0.0,0.0,0.0,0.0,0.0,0.0,0.0,0.0,0.0,0.0,0.0,0.0,0.0,0.0,0.0,0.0,686.202125,644.13925,631.383625,579.6775,596.2196875,636.049625,687.551875,773.746,799.5694375,0.0,0.0
255,255,0.0,0.0,0.0,0.0,0.0,0.0,0.0,0.0,0.0,0.0,0.0,0.0,0.0,0.0,0.0,0.0,690.1671875,647.2120625,633.878875,581.012375,595.01775,632.698125,683.484,771.220375,795.6750625,0.0,0.0
256,256,0.0,0.0,0.0,0.0,0.0,0.0,0.0,0.0,0.0,0.0,0.0,0.0,0.0,0.0,0.0,0.0,694.179625,650.3455625,636.44125,582.42775,593.8953125,629.40625,679.463625,768.7501875,791.82325,0.0,0.0
257,257,0.0,0.0,0.0,0.0,0.0,0.0,0.0,0.0,0.0,0.0,0.0,0.0,0.0,0.0,0.0,0.0,698.23875,653.538875,639.07,583.923125,592.8528125,626.1749375,675.4915,766.3360625,788.01475,817.197125,0.0
258,258,0.0,0.0,0.0,0.0,0.0,0.0,0.0,0.0,0.0,0.0,0.0,0.0,0.0,0.0,0.0,0.0,702.3436875,656.791125,641.7641875,585.497875,591.890625,623.005125,671.5685,763.9785625,784.2501875,812.321875,0.0
259,259,0.0,0.0,0.0,0.0,0.0,0.0,0.0,0.0,0.0,0.0,0.0,0.0,0.0,0.0,0.0,0.0,706.4935625,660.101375,644.5230625,587.151375,591.00925,619.8978125,667.6955625,761.678125,780.5301875,807.4771875,0.0
260,260,0.0,0.0,0.0,0.0,0.0,0.0,0.0,0.0,0.0,0.0,0.0,0.0,0.0,0.0,0.0,0.0,710.6876875,663.468875,647.3458125,588.8829375,590.2089375,616.853875,663.8735625,759.4353125,776.855375,802.66375,0.0
261,261,0.0,0.0,0.0,0.0,0.0,0.0,0.0,0.0,0.0,0.0,0.0,0.0,0.0,0.0,0.0,0.0,714.92525,666.892625,650.2315625,590.691875,589.490125,613.8743125,660.1033125,757.250625,773.2264375,797.8820625,0.0
262,262,0.0,0.0,0.0,0.0,0.0,0.0,0.0,0.0,0.0,0.0,0.0,0.0,0.0,0.0,0.0,0.0,719.2055,670.371875,653.1795,592.5775,588.853,610.9600625,656.38575,755.1245625,769.644,793.132625,0.0
263,263,0.0,0.0,0.0,0.0,0.0,0.0,0.0,0.0,0.0,0.0,0.0,0.0,0.0,0.0,0.0,0.0,723.5275625,673.9056875,656.1888125,594.5390625,588.297875,608.1120625,652.72175,753.0576875,766.10875,788.4161875,0.0
264,264,0.0,0.0,0.0,0.0,0.0,0.0,0.0,0.0,0.0,0.0,0.0,0.0,0.0,0.0,0.0,0.0,727.8908125,677.4931875,659.2585625,596.57575,587.8250625,605.33125,649.1123125,751.0504375,762.6213125,783.73325,0.0
265,265,0.0,0.0,0.0,0.0,0.0,0.0,0.0,0.0,0.0,0.0,0.0,0.0,0.0,0.0,0.0,0.0,732.2945,681.133625,662.388,598.6869375,587.434625,602.6185,645.5583125,749.1033125,759.1823125,779.0844375,0.0
266,266,0.0,0.0,0.0,0.0,0.0,0.0,0.0,0.0,0.0,0.0,0.0,0.0,0.0,0.0,0.0,0.0,736.7378125,684.826,665.5761875,600.8716875,587.1268125,599.9748125,642.060625,747.21675,755.7925,774.4703125,0.0
267,267,0.0,0.0,0.0,0.0,0.0,0.0,0.0,0.0,0.0,0.0,0.0,0.0,0.0,0.0,0.0,0.0,741.2200625,688.569625,668.822375,603.1293125,586.90175,597.401125,638.6201875,745.39125,752.4525,769.891625,0.0
268,268,0.0,0.0,0.0,0.0,0.0,0.0,0.0,0.0,0.0,0.0,0.0,0.0,0.0,0.0,0.0,0.0,745.740625,692.3635625,672.1256875,605.4589375,586.7595,594.89825,635.238,743.62725,749.163,765.349,0.0
269,269,0.0,0.0,0.0,0.0,0.0,0.0,0.0,0.0,0.0,0.0,0.0,0.0,0.0,0.0,0.0,0.0,750.2986875,696.2070625,675.48525,607.8596875,586.700125,592.4671875,631.915,741.9251875,745.9246875,760.8429375,0.0
270,270,0.0,0.0,0.0,0.0,0.0,0.0,0.0,0.0,0.0,0.0,0.0,0.0,0.0,0.0,0.0,0.0,754.893625,700.09925,678.90025,610.3308125,586.7236875,590.1088125,628.652,740.2855,742.738125,756.37425,0.0
271,271,0.0,0.0,0.0,0.0,0.0,0.0,0.0,0.0,0.0,0.0,0.0,0.0,0.0,0.0,0.0,0.0,759.52475,704.0393125,682.369875,612.8714375,586.8301875,587.8239375,625.450125,738.708625,739.6041875,751.9435625,0.0
272,272,0.0,0.0,0.0,0.0,0.0,0.0,0.0,0.0,0.0,0.0,0.0,0.0,0.0,0.0,0.0,0.0,764.1914375,708.0264375,685.89325,615.4806875,587.0195625,585.6135,622.3101875,737.1949375,736.5233125,747.5515625,0.0
273,273,0.0,0.0,0.0,0.0,0.0,0.0,0.0,0.0,0.0,0.0,0.0,0.0,0.0,0.0,0.0,0.0,768.893,712.059875,689.4695625,618.1576875,587.291625,583.47825,619.2331875,735.7448125,733.496375,743.1989375,0.0
274,274,0.0,0.0,0.0,0.0,0.0,0.0,0.0,0.0,0.0,0.0,0.0,0.0,0.0,0.0,0.0,0.0,773.6288125,716.1388125,693.0979375,620.9015,587.6464375,581.419125,616.2200625,734.358625,730.5239375,738.886375,0.0
275,275,0.0,0.0,0.0,0.0,0.0,0.0,0.0,0.0,0.0,0.0,0.0,0.0,0.0,0.0,0.0,0.0,778.3981875,720.2624375,696.7776875,623.7113125,588.08375,579.4369375,613.27175,733.0368125,727.60675,734.6145625,0.0
276,276,0.0,0.0,0.0,0.0,0.0,0.0,0.0,0.0,0.0,0.0,0.0,0.0,0.0,0.0,0.0,0.0,783.2005625,724.4300625,700.507875,626.58625,588.603375,577.532375,610.3891875,731.7796875,724.745375,730.3843125,0.0
277,277,0.0,0.0,0.0,0.0,0.0,0.0,0.0,0.0,0.0,0.0,0.0,0.0,0.0,0.0,0.0,0.0,788.0353125,728.640875,704.2878125,629.525375,589.205125,575.7063125,607.5733125,730.5875,721.9405625,726.19625,0.0
278,278,0.0,0.0,0.0,0.0,0.0,0.0,0.0,0.0,0.0,0.0,0.0,0.0,0.0,0.0,0.0,0.0,792.901875,732.894125,708.1165625,632.5278125,589.88875,573.9595,604.8250625,729.4606875,719.1929375,722.051125,0.0
279,279,0.0,0.0,0.0,0.0,0.0,0.0,0.0,0.0,0.0,0.0,0.0,0.0,0.0,0.0,0.0,0.0,797.799625,737.189125,711.9934375,635.592625,590.6539375,572.2925625,602.1454375,728.3995625,716.5031875,717.94975,0.0
280,280,0.0,0.0,0.0,0.0,0.0,0.0,0.0,0.0,0.0,0.0,0.0,0.0,0.0,0.0,0.0,0.0,802.728,741.5250625,715.9175625,638.7189375,591.500375,570.7063125,599.53525,727.4043125,713.8719375,713.892875,0.0
281,281,0.0,0.0,0.0,0.0,0.0,0.0,0.0,0.0,0.0,0.0,0.0,0.0,0.0,0.0,0.0,0.0,807.686375,745.90125,719.88825,641.9058125,592.42775,569.201375,596.9955,726.47525,711.299875,709.8811875,0.0
282,282,0.0,0.0,0.0,0.0,0.0,0.0,0.0,0.0,0.0,0.0,0.0,0.0,0.0,0.0,0.0,0.0,812.6743125,750.3170625,723.90475,645.152375,593.435625,567.7784375,594.527,725.6126875,708.7876875,705.9155625,0.0
283,283,0.0,0.0,0.0,0.0,0.0,0.0,0.0,0.0,0.0,0.0,0.0,0.0,0.0,0.0,0.0,0.0,817.6911875,754.771625,727.966125,648.4578125,594.5236875,566.4380625,592.13075,724.81675,706.335875,701.99675,0.0
284,284,0.0,0.0,0.0,0.0,0.0,0.0,0.0,0.0,0.0,0.0,0.0,0.0,0.0,0.0,0.0,0.0,0.0,759.2644375,732.0718125,651.8210625,595.691375,565.180875,589.8075625,724.0878125,703.9451875,698.1255,0.0
285,285,0.0,0.0,0.0,0.0,0.0,0.0,0.0,0.0,0.0,0.0,0.0,0.0,0.0,0.0,0.0,0.0,0.0,763.7946875,736.221,655.241375,596.93825,564.0074375,587.5583125,723.4259375,701.61625,694.3026875,0.0
286,286,0.0,0.0,0.0,0.0,0.0,0.0,0.0,0.0,0.0,0.0,0.0,0.0,0.0,0.0,0.0,0.0,0.0,768.36175,740.4129375,658.71775,598.263875,562.91825,585.383875,722.8313125,699.3496875,690.529,0.0
287,287,0.0,0.0,0.0,0.0,0.0,0.0,0.0,0.0,0.0,0.0,0.0,0.0,0.0,0.0,0.0,0.0,0.0,772.9649375,744.646875,662.2493125,599.6676875,561.9138125,583.2850625,722.30425,697.146,686.805375,817.917125
288,288,0.0,0.0,0.0,0.0,0.0,0.0,0.0,0.0,0.0,0.0,0.0,0.0,0.0,0.0,0.0,0.0,0.0,777.6036875,748.9221875,665.8353125,601.149125,560.994625,581.26275,721.84475,695.0059375,683.132625,812.9911875
289,289,0.0,0.0,0.0,0.0,0.0,0.0,0.0,0.0,0.0,0.0,0.0,0.0,0.0,0.0,0.0,0.0,0.0,782.2773125,753.2380625,669.4746875,602.707625,560.161,579.3176875,721.453,692.9299375,679.5115,808.095125
290,290,0.0,0.0,0.0,0.0,0.0,0.0,0.0,0.0,0.0,0.0,0.0,0.0,0.0,0.0,0.0,0.0,0.0,786.9851875,757.593875,673.1666875,604.342625,559.4134375,577.4506875,721.129125,690.91875,675.942875,803.2296875
291,291,0.0,0.0,0.0,0.0,0.0,0.0,0.0,0.0,0.0,0.0,0.0,0.0,0.0,0.0,0.0,0.0,0.0,791.726625,761.988875,676.910375,606.0534375,558.75225,575.6625,720.8731875,688.9728125,672.427625,798.395375
292,292,0.0,0.0,0.0,0.0,0.0,0.0,0.0,0.0,0.0,0.0,0.0,0.0,0.0,0.0,0.0,0.0,0.0,796.501125,766.4224375,680.7049375,607.8395,558.1776875,573.9538125,720.68525,687.09275,668.9665625,793.5926875
293,293,0.0,0.0,0.0,0.0,0.0,0.0,0.0,0.0,0.0,0.0,0.0,0.0,0.0,0.0,0.0,0.0,0.0,801.308125,770.893875,684.5495625,609.700125,557.690125,572.3254375,720.565375,685.2790625,665.5605,788.82225
294,294,0.0,0.0,0.0,0.0,0.0,0.0,0.0,0.0,0.0,0.0,0.0,0.0,0.0,0.0,0.0,0.0,0.0,806.146875,775.4025,688.4433125,611.6345625,557.2896875,570.778,720.5136875,683.5323125,662.210375,784.08475
295,295,0.0,0.0,0.0,0.0,0.0,0.0,0.0,0.0,0.0,0.0,0.0,0.0,0.0,0.0,0.0,0.0,0.0,811.0169375,779.9476875,692.3854375,613.642125,556.976625,569.3121875,720.5300625,681.853,658.917,779.380625
296,296,0.0,0.0,0.0,0.0,0.0,0.0,0.0,0.0,0.0,0.0,0.0,0.0,0.0,0.0,0.0,0.0,0.0,815.9176875,784.5288125,696.3750625,615.7221875,556.7510625,567.928625,720.6145625,680.2416875,655.6811875,774.710625
297,297,0.0,0.0,0.0,0.0,0.0,0.0,0.0,0.0,0.0,0.0,0.0,0.0,0.0,0.0,0.0,0.0,0.0,820.8485625,789.1451875,700.411375,617.8739375,556.6130625,566.627875,720.767125,678.69875,652.503875,770.075375
298,298,0.0,0.0,0.0,0.0,0.0,0.0,0.0,0.0,0.0,0.0,0.0,0.0,0.0,0.0,0.0,0.0,0.0,0.0,793.7963125,704.493625,620.0966875,556.5628125,565.410625,720.98775,677.22475,649.385875,765.475375
299,299,0.0,0.0,0.0,0.0,0.0,0.0,0.0,0.0,0.0,0.0,0.0,0.0,0.0,0.0,0.0,0.0,0.0,0.0,798.4814375,708.6209375,622.389625,556.60025,564.2773125,721.2764375,675.8200625,646.328,760.9114375
