,time,382,404,1033,1055,427,405,1056,1034,383,1012,428
0,0,654.0700625,790.0106875,793.16825,600.28775,0.0,0.0,0.0,0.0,0.0,0.0,0.0
1,1,652.9256875,794.9481875,788.7533125,602.297625,0.0,0.0,0.0,0.0,0.0,0.0,0.0
2,2,651.8545625,799.9161875,784.375625,604.3819375,0.0,0.0,0.0,0.0,0.0,0.0,0.0
3,3,650.857,804.9140625,780.0358125,606.539875,0.0,0.0,0.0,0.0,0.0,0.0,0.0
4,4,649.9334375,809.9413125,775.7345625,608.770625,0.0,0.0,0.0,0.0,0.0,0.0,0.0
5,5,649.0840625,0.0,771.4725,611.0735,0.0,0.0,0.0,0.0,0.0,0.0,0.0
6,6,648.30925,0.0,767.25025,613.447625,0.0,0.0,0.0,0.0,0.0,0.0,0.0
7,7,647.6091875,0.0,763.0685,615.892125,0.0,0.0,0.0,0.0,0.0,0.0,0.0
8,8,646.98425,0.0,758.927875,618.40625,0.0,0.0,0.0,0.0,0.0,0.0,0.0
9,9,646.4345625,0.0,754.8291875,620.9890625,0.0,0.0,0.0,0.0,0.0,0.0,0.0
10,10,645.9603125,0.0,750.773,623.6398125,0.0,0.0,0.0,0.0,0.0,0.0,0.0
11,11,645.56175,0.0,746.7600625,626.3575625,0.0,0.0,0.0,0.0,0.0,0.0,0.0
12,12,645.238875,0.0,742.7910625,629.1414375,0.0,0.0,0.0,0.0,0.0,0.0,0.0
13,13,644.9919375,0.0,738.86675,631.990625,0.0,0.0,0.0,0.0,0.0,0.0,0.0
14,14,644.821,0.0,734.9878125,634.904125,0.0,0.0,0.0,0.0,0.0,0.0,0.0
15,15,644.726,0.0,731.155,637.8811875,0.0,0.0,0.0,0.0,0.0,0.0,0.0
16,16,644.707125,0.0,727.369,640.920875,0.0,0.0,0.0,0.0,0.0,0.0,0.0
17,17,644.7643125,0.0,723.6305625,644.02225,0.0,0.0,0.0,0.0,0.0,0.0,0.0
18,18,644.8975625,0.0,719.9404375,647.1844375,0.0,0.0,0.0,0.0,0.0,0.0,0.0
19,19,645.1068125,0.0,716.2994375,650.4065625,0.0,0.0,0.0,0.0,0.0,0.0,0.0
20,20,645.392,0.0,712.70825,653.68775,0.0,0.0,0.0,0.0,0.0,0.0,0.0
21,21,645.753,0.0,709.167625,657.027125,0.0,0.0,0.0,0.0,0.0,0.0,0.0
22,22,646.1896875,0.0,705.678375,660.42375,0.0,0.0,0.0,0.0,0.0,0.0,0.0
23,23,646.7019375,0.0,702.24125,663.87675,0.0,0.0,0.0,0.0,0.0,0.0,0.0
24,24,647.2895,0.0,698.857,667.3853125,0.0,0.0,0.0,0.0,0.0,0.0,0.0
25,25,647.9523125,0.0,695.5264375,670.9485,0.0,0.0,0.0,0.0,0.0,0.0,0.0
26,26,648.69,0.0,692.2503125,674.5654375,0.0,0.0,0.0,0.0,0.0,0.0,0.0
27,27,649.502375,0.0,689.029375,678.23525,0.0,0.0,0.0,0.0,0.0,0.0,0.0
28,28,650.389125,0.0,685.8645,681.957125,0.0,0.0,0.0,0.0,0.0,0.0,0.0
29,29,651.3499375,0.0,682.7564375,685.73025,0.0,0.0,0.0,0.0,0.0,0.0,0.0
30,30,652.3845625,0.0,679.705875,689.5536875,0.0,0.0,0.0,0.0,0.0,0.0,0.0
31,31,653.4925625,0.0,676.71375,693.426625,0.0,0.0,0.0,0.0,0.0,0.0,0.0
32,32,654.673625,0.0,673.7806875,697.34825,0.0,0.0,0.0,0.0,0.0,0.0,0.0
33,33,655.9273125,0.0,670.9075625,701.31775,0.0,0.0,0.0,0.0,0.0,0.0,0.0
34,34,657.2531875,0.0,668.095125,705.3343125,0.0,0.0,0.0,0.0,0.0,0.0,0.0
35,35,658.650875,0.0,665.3441875,709.3970625,0.0,0.0,0.0,0.0,0.0,0.0,0.0
36,36,660.119875,0.0,662.6554375,713.5053125,0.0,0.0,0.0,0.0,0.0,0.0,0.0
37,37,661.6596875,0.0,660.0296875,717.65825,0.0,0.0,0.0,0.0,0.0,0.0,0.0
38,38,663.269875,0.0,657.4676875,721.855,811.5390625,0.0,0.0,0.0,0.0,0.0,0.0
39,39,664.9499375,0.0,654.9701875,726.0949375,808.190375,0.0,0.0,0.0,0.0,0.0,0.0
40,40,666.69925,0.0,652.5379375,730.37725,804.8880625,0.0,0.0,0.0,0.0,0.0,0.0
41,41,668.517375,0.0,650.1716875,734.7011875,801.63275,0.0,0.0,0.0,0.0,0.0,0.0
42,42,670.403625,0.0,647.8720625,739.0659375,798.425,0.0,0.0,0.0,0.0,0.0,0.0
43,43,672.3575625,0.0,645.6399375,743.4709375,795.2653125,0.0,0.0,0.0,0.0,0.0,0.0
44,44,674.3785,0.0,643.475875,747.915375,792.1544375,0.0,0.0,0.0,0.0,0.0,0.0
45,45,676.465875,0.0,641.380625,752.3985,789.0928125,0.0,0.0,0.0,0.0,0.0,0.0
46,46,678.6190625,0.0,639.354875,756.91975,786.0810625,0.0,0.0,0.0,0.0,0.0,0.0
47,47,680.8374375,0.0,637.3993125,761.4783125,783.11975,0.0,0.0,0.0,0.0,0.0,0.0
48,48,683.120375,0.0,635.5145,766.0735625,780.2095,0.0,0.0,0.0,0.0,0.0,0.0
49,49,685.46725,0.0,633.7011875,770.704875,777.3508125,0.0,0.0,0.0,0.0,0.0,0.0
50,50,687.8773125,0.0,631.959875,775.3715625,774.5443125,0.0,0.0,0.0,0.0,0.0,0.0
51,51,690.3499375,0.0,630.29125,780.073,771.790625,0.0,0.0,0.0,0.0,0.0,0.0
52,52,692.8845,0.0,628.6958125,784.8085625,769.09025,0.0,0.0,0.0,0.0,0.0,0.0
53,53,695.4803125,0.0,627.1741875,789.577625,766.44375,0.0,0.0,0.0,0.0,0.0,0.0
54,54,698.136625,0.0,625.726875,794.3795625,763.8516875,0.0,0.0,0.0,0.0,0.0,0.0
55,55,700.8528125,0.0,624.3544375,799.21375,761.3146875,0.0,0.0,0.0,0.0,0.0,0.0
56,56,703.628125,0.0,623.0573125,804.0796875,758.83325,0.0,0.0,0.0,0.0,0.0,0.0
57,57,706.4619375,0.0,621.8360625,808.97675,756.407875,0.0,0.0,0.0,0.0,0.0,0.0
58,58,709.3534375,0.0,620.6910625,0.0,754.03925,0.0,0.0,0.0,0.0,0.0,0.0
59,59,712.302,0.0,619.6226875,0.0,751.7278125,0.0,0.0,0.0,0.0,0.0,0.0
60,60,715.3069375,0.0,618.6314375,0.0,749.474125,0.0,0.0,0.0,0.0,0.0,0.0
61,61,718.3674375,0.0,617.717625,0.0,747.2786875,0.0,0.0,0.0,0.0,0.0,0.0
62,62,721.482875,0.0,616.8816875,0.0,745.142,0.0,0.0,0.0,0.0,0.0,0.0
63,63,724.6525,0.0,616.1238125,0.0,743.0646875,0.0,0.0,0.0,0.0,0.0,0.0
64,64,727.875625,0.0,615.4443125,0.0,741.047125,0.0,0.0,0.0,0.0,0.0,0.0
65,65,731.1515,0.0,614.8435625,0.0,739.0898125,0.0,0.0,0.0,0.0,0.0,0.0
66,66,734.4795,0.0,614.321625,0.0,737.1933125,0.0,0.0,0.0,0.0,0.0,0.0
67,67,737.8588125,0.0,613.8788125,0.0,735.3580625,0.0,0.0,0.0,0.0,0.0,0.0
68,68,741.28875,0.0,613.5153125,0.0,733.5845625,0.0,0.0,0.0,0.0,0.0,0.0
69,69,744.7686875,0.0,613.2311875,0.0,731.8731875,0.0,0.0,0.0,0.0,0.0,0.0
70,70,748.2978125,0.0,613.026625,0.0,730.224375,0.0,0.0,0.0,0.0,0.0,0.0
71,71,751.8755625,0.0,612.901625,0.0,728.638625,0.0,0.0,0.0,0.0,0.0,0.0
72,72,755.501125,0.0,612.85625,0.0,727.1163125,0.0,0.0,0.0,0.0,0.0,0.0
73,73,759.1738125,0.0,612.8905625,0.0,725.6578125,0.0,0.0,0.0,0.0,0.0,0.0
74,74,762.8930625,0.0,613.0045625,0.0,724.2635625,0.0,0.0,0.0,0.0,0.0,0.0
75,75,766.6580625,0.0,613.198125,0.0,722.9339375,0.0,0.0,0.0,0.0,0.0,0.0
76,76,770.4681875,0.0,613.47125,0.0,721.6693125,0.0,0.0,0.0,0.0,0.0,0.0
77,77,774.32275,0.0,613.8238125,0.0,720.4699375,0.0,0.0,0.0,0.0,0.0,0.0
78,78,778.221125,0.0,614.255625,0.0,719.3361875,0.0,0.0,0.0,0.0,0.0,0.0
79,79,782.162625,0.0,614.7665625,0.0,718.2684375,0.0,0.0,0.0,0.0,0.0,0.0
80,80,786.1465625,0.0,615.3564375,0.0,717.266875,0.0,0.0,0.0,0.0,0.0,0.0
81,81,790.172375,0.0,616.025,0.0,716.331875,0.0,0.0,0.0,0.0,0.0,0.0
82,82,794.239375,0.0,616.7719375,0.0,715.4636875,0.0,0.0,0.0,0.0,0.0,0.0
83,83,798.346875,0.0,617.597125,0.0,714.6625,0.0,0.0,0.0,0.0,0.0,0.0
84,84,802.494375,0.0,618.5000625,0.0,713.9285625,0.0,0.0,0.0,0.0,0.0,0.0
85,85,806.681125,0.0,619.4805,0.0,713.262125,0.0,0.0,0.0,0.0,0.0,0.0
86,86,810.9065625,0.0,620.538125,0.0,712.663375,0.0,0.0,0.0,0.0,0.0,0.0
87,87,0.0,0.0,621.6724375,0.0,712.1324375,0.0,0.0,0.0,0.0,0.0,0.0
88,88,0.0,0.0,622.8830625,0.0,711.6694375,0.0,0.0,0.0,0.0,0.0,0.0
89,89,0.0,0.0,624.1695,0.0,711.274625,0.0,0.0,0.0,0.0,0.0,0.0
90,90,0.0,0.0,625.531375,0.0,710.948,0.0,0.0,0.0,0.0,0.0,0.0
91,91,0.0,0.0,626.9681875,0.0,710.68975,0.0,0.0,0.0,0.0,0.0,0.0
92,92,0.0,0.0,628.4793125,0.0,710.499875,0.0,0.0,0.0,0.0,0.0,0.0
93,93,0.0,0.0,630.0643125,0.0,710.3784375,0.0,0.0,0.0,0.0,0.0,0.0
94,94,0.0,0.0,631.7225625,0.0,710.3255625,0.0,0.0,0.0,0.0,0.0,0.0
95,95,0.0,0.0,633.4535625,0.0,710.3411875,0.0,0.0,0.0,0.0,0.0,0.0
96,96,0.0,0.0,635.256625,0.0,710.42525,0.0,0.0,0.0,0.0,0.0,0.0
97,97,0.0,0.0,637.13125,0.0,710.577875,0.0,0.0,0.0,0.0,0.0,0.0
98,98,0.0,0.0,639.0766875,0.0,710.7989375,0.0,0.0,0.0,0.0,0.0,0.0
99,99,0.0,0.0,641.092375,0.0,711.088375,0.0,0.0,0.0,0.0,0.0,0.0
100,100,0.0,0.0,643.1775625,0.0,711.4460625,0.0,0.0,0.0,0.0,0.0,0.0
101,101,0.0,0.0,645.3316875,0.0,711.872,0.0,0.0,0.0,0.0,0.0,0.0
102,102,0.0,0.0,647.554,0.0,712.366,0.0,0.0,0.0,0.0,0.0,0.0
103,103,0.0,0.0,649.84375,0.0,712.9279375,0.0,0.0,0.0,0.0,0.0,0.0
104,104,0.0,0.0,652.20025,0.0,713.557625,0.0,0.0,0.0,0.0,0.0,0.0
105,105,0.0,0.0,654.622875,0.0,714.254875,0.0,0.0,0.0,0.0,0.0,0.0
106,106,0.0,0.0,657.11075,0.0,715.0195625,0.0,0.0,0.0,0.0,0.0,0.0
107,107,0.0,0.0,659.6631875,0.0,715.8514375,808.3445625,0.0,0.0,0.0,0.0,0.0
108,108,0.0,0.0,662.2795,0.0,716.75025,803.2401875,0.0,0.0,0.0,0.0,0.0
109,109,0.0,0.0,664.9588125,0.0,717.7156875,798.1643125,0.0,0.0,0.0,0.0,0.0
110,110,0.0,0.0,667.7005,0.0,718.747625,793.117375,0.0,0.0,0.0,0.0,0.0
111,111,0.0,0.0,670.503625,0.0,719.8456875,788.1000625,0.0,0.0,0.0,0.0,0.0
112,112,0.0,0.0,673.3675625,0.0,721.0095625,783.112875,811.3905,0.0,0.0,0.0,0.0
113,113,0.0,0.0,676.2915,0.0,722.2389375,778.1564375,808.97375,0.0,0.0,0.0,0.0
114,114,0.0,0.0,679.274625,0.0,723.5335625,773.231375,806.6104375,0.0,0.0,0.0,0.0
115,115,0.0,0.0,682.316125,0.0,724.8929375,768.3381875,804.3010625,0.0,0.0,0.0,0.0
116,116,0.0,0.0,685.4153125,0.0,726.3168125,763.4775625,802.046125,0.0,0.0,0.0,0.0
117,117,0.0,0.0,688.571375,0.0,727.80475,758.6501875,799.8460625,0.0,0.0,0.0,0.0
118,118,0.0,0.0,691.7835,0.0,729.3564375,753.8565625,797.7013125,0.0,0.0,0.0,0.0
119,119,0.0,0.0,695.0509375,0.0,730.971375,749.0975,795.6123125,0.0,0.0,0.0,0.0
120,120,0.0,0.0,698.372875,0.0,732.6491875,744.3735625,793.5795625,0.0,0.0,0.0,0.0
121,121,0.0,0.0,701.7485625,0.0,734.3894375,739.6855,791.6034375,0.0,0.0,0.0,0.0
122,122,0.0,0.0,705.1771875,0.0,736.1916875,735.033875,789.684375,0.0,0.0,0.0,0.0
123,123,0.0,0.0,708.658,0.0,738.0554375,730.4195625,787.822875,0.0,0.0,0.0,0.0
124,124,0.0,0.0,712.19025,0.0,739.98025,725.8431875,786.01925,0.0,0.0,0.0,0.0
125,125,0.0,0.0,715.7731875,0.0,741.9656875,721.3054375,784.2739375,0.0,0.0,0.0,0.0
126,126,0.0,0.0,719.4059375,0.0,744.01125,716.807125,782.587375,0.0,0.0,0.0,0.0
127,127,0.0,0.0,723.087875,0.0,746.116375,712.349,780.959875,0.0,0.0,0.0,0.0
128,128,0.0,0.0,726.8181875,0.0,748.280625,707.9318125,779.3918125,0.0,0.0,0.0,0.0
129,129,0.0,0.0,730.596125,0.0,750.5035,703.5563125,777.883625,0.0,0.0,0.0,0.0
130,130,0.0,0.0,734.421,0.0,752.7844375,699.2233125,776.4355625,0.0,0.0,0.0,0.0
131,131,0.0,0.0,738.292,0.0,755.122875,694.9335625,775.048,0.0,0.0,0.0,0.0
132,132,0.0,0.0,742.2084375,0.0,757.5183125,690.688,773.7213125,0.0,0.0,0.0,0.0
133,133,0.0,0.0,746.169625,0.0,759.97025,686.4873125,772.4558125,0.0,0.0,0.0,0.0
134,134,0.0,0.0,750.1748125,0.0,762.478125,682.332375,771.25175,0.0,0.0,0.0,0.0
135,135,0.0,0.0,754.22325,0.0,765.041375,678.2240625,770.109375,0.0,0.0,0.0,0.0
136,136,0.0,0.0,758.3143125,0.0,767.659375,674.16325,769.029125,0.0,0.0,0.0,0.0
137,137,0.0,0.0,762.4473125,0.0,770.3316875,670.15075,768.011125,0.0,0.0,0.0,0.0
138,138,0.0,0.0,766.6215,0.0,773.0576875,666.1874375,767.055625,0.0,0.0,0.0,0.0
139,139,0.0,0.0,770.83625,0.0,775.83675,662.2743125,766.1629375,0.0,0.0,0.0,0.0
140,140,0.0,0.0,775.090875,0.0,778.668375,658.412125,765.33325,0.0,0.0,0.0,0.0
141,141,0.0,0.0,779.38475,0.0,781.552,654.6018125,764.56675,0.0,0.0,0.0,0.0
142,142,0.0,0.0,783.7171875,0.0,784.487,650.844375,763.863625,0.0,0.0,0.0,0.0
143,143,0.0,0.0,788.0875625,0.0,787.472875,647.1406875,763.224125,0.0,0.0,0.0,0.0
144,144,0.0,0.0,792.49525,0.0,790.5089375,643.491625,762.6483125,0.0,0.0,0.0,0.0
145,145,0.0,0.0,796.939625,0.0,793.5946875,639.89825,762.1364375,0.0,0.0,0.0,0.0
146,146,0.0,0.0,801.4200625,0.0,796.7295,636.361375,761.6885,0.0,0.0,0.0,0.0
147,147,0.0,0.0,805.935875,0.0,799.9128125,632.8820625,761.3046875,0.0,0.0,0.0,0.0
148,148,0.0,0.0,810.486625,0.0,803.1440625,629.46125,760.985125,0.0,0.0,0.0,0.0
149,149,0.0,0.0,0.0,0.0,806.422625,626.099875,760.729875,0.0,0.0,0.0,0.0
150,150,0.0,0.0,0.0,0.0,809.748,622.798875,760.5389375,0.0,0.0,0.0,0.0
151,151,0.0,0.0,0.0,0.0,0.0,619.55925,760.4124375,0.0,0.0,0.0,0.0
152,152,0.0,0.0,0.0,0.0,0.0,616.382,760.3504375,0.0,0.0,0.0,0.0
153,153,0.0,0.0,0.0,0.0,0.0,613.268,760.3528125,0.0,0.0,0.0,0.0
154,154,0.0,0.0,0.0,0.0,0.0,610.218375,760.4196875,0.0,0.0,0.0,0.0
155,155,0.0,0.0,0.0,0.0,0.0,607.234,760.5510625,0.0,0.0,0.0,0.0
156,156,0.0,0.0,0.0,0.0,0.0,604.3158125,760.74675,0.0,0.0,0.0,0.0
157,157,0.0,0.0,0.0,0.0,0.0,601.464875,761.006875,0.0,0.0,0.0,0.0
158,158,0.0,0.0,0.0,0.0,0.0,598.682125,761.3313125,0.0,0.0,0.0,0.0
159,159,0.0,0.0,0.0,0.0,0.0,595.9685,761.7199375,0.0,0.0,0.0,0.0
160,160,0.0,0.0,0.0,0.0,0.0,593.324875,762.172625,0.0,0.0,0.0,0.0
161,161,0.0,0.0,0.0,0.0,0.0,590.752375,762.689375,0.0,0.0,0.0,0.0
162,162,0.0,0.0,0.0,0.0,0.0,588.25175,763.27,0.0,0.0,0.0,0.0
163,163,0.0,0.0,0.0,0.0,0.0,585.8240625,763.914375,807.745625,0.0,0.0,0.0
164,164,0.0,0.0,0.0,0.0,0.0,583.470125,764.62225,802.682625,0.0,0.0,0.0
165,165,0.0,0.0,0.0,0.0,0.0,581.1909375,765.3935625,797.648625,0.0,0.0,0.0
166,166,0.0,0.0,0.0,0.0,0.0,578.9873125,766.2280625,792.6443125,0.0,0.0,0.0
167,167,0.0,0.0,0.0,0.0,0.0,576.860125,767.1255625,787.6701875,0.0,0.0,0.0
168,168,0.0,0.0,0.0,0.0,0.0,574.81025,768.0858125,782.7268125,0.0,0.0,0.0
169,169,0.0,0.0,0.0,0.0,0.0,572.8385,769.108625,777.814875,0.0,0.0,0.0
170,170,0.0,0.0,0.0,0.0,0.0,570.9456875,770.1936875,772.9349375,0.0,0.0,0.0
171,171,0.0,0.0,0.0,0.0,0.0,569.1325625,771.34075,768.0875625,0.0,0.0,0.0
172,172,0.0,0.0,0.0,0.0,0.0,567.4,772.549625,763.273375,0.0,0.0,0.0
173,173,0.0,0.0,0.0,0.0,0.0,565.7486875,773.8199375,758.493125,0.0,0.0,0.0
174,174,0.0,0.0,0.0,0.0,0.0,564.1793125,775.151375,753.747375,0.0,0.0,0.0
175,175,0.0,0.0,0.0,0.0,0.0,562.6925625,776.543625,749.03675,0.0,0.0,0.0
176,176,0.0,0.0,0.0,0.0,0.0,561.2891875,777.9964375,744.362,0.0,0.0,0.0
177,177,0.0,0.0,0.0,0.0,0.0,559.9696875,779.509375,739.7238125,0.0,0.0,0.0
178,178,0.0,0.0,0.0,0.0,0.0,558.73475,781.082125,735.1228125,0.0,0.0,0.0
179,179,0.0,0.0,0.0,0.0,0.0,557.584875,782.7143125,730.55975,0.0,0.0,0.0
180,180,0.0,0.0,0.0,0.0,0.0,556.520625,784.405625,726.035375,0.0,0.0,0.0
181,181,0.0,0.0,0.0,0.0,0.0,555.5425,786.155625,721.550375,0.0,0.0,0.0
182,182,0.0,0.0,0.0,0.0,0.0,554.6509375,787.9639375,717.1055625,0.0,0.0,0.0
183,183,0.0,0.0,0.0,0.0,0.0,553.846375,789.830125,712.7015625,0.0,0.0,0.0
184,184,0.0,0.0,0.0,0.0,0.0,553.1291875,791.7538125,708.33925,0.0,0.0,0.0
185,185,0.0,0.0,0.0,0.0,0.0,552.49975,793.734625,704.019375,0.0,0.0,0.0
186,186,0.0,0.0,0.0,0.0,0.0,551.9583125,795.772,699.74275,0.0,0.0,0.0
187,187,0.0,0.0,0.0,0.0,0.0,551.505125,797.865625,695.510125,0.0,0.0,0.0
188,188,0.0,0.0,0.0,0.0,0.0,551.1404375,800.015,691.322375,0.0,0.0,0.0
189,189,0.0,0.0,0.0,0.0,0.0,550.8644375,802.21975,687.18025,0.0,0.0,0.0
190,190,0.0,0.0,0.0,0.0,0.0,550.6771875,804.4793125,683.0846875,0.0,0.0,0.0
191,191,0.0,0.0,0.0,0.0,0.0,550.578875,806.79325,679.0364375,0.0,0.0,0.0
192,192,0.0,0.0,0.0,0.0,0.0,550.5695625,809.161125,675.036375,0.0,0.0,0.0
193,193,0.0,0.0,0.0,0.0,0.0,550.649125,811.5824375,671.0854375,0.0,0.0,0.0
194,194,0.0,0.0,0.0,0.0,0.0,550.817625,0.0,667.184375,0.0,0.0,0.0
195,195,0.0,0.0,0.0,0.0,0.0,551.0749375,0.0,663.3341875,0.0,0.0,0.0
196,196,0.0,0.0,0.0,0.0,0.0,551.4209375,0.0,659.53575,0.0,0.0,0.0
197,197,0.0,0.0,0.0,0.0,0.0,551.8555,0.0,655.7899375,0.0,0.0,0.0
198,198,0.0,0.0,0.0,0.0,0.0,552.3784375,0.0,652.097625,0.0,0.0,0.0
199,199,0.0,0.0,0.0,0.0,0.0,552.989375,0.0,648.4598125,0.0,0.0,0.0
200,200,0.0,0.0,0.0,0.0,0.0,553.688125,0.0,644.877375,0.0,0.0,0.0
201,201,0.0,0.0,0.0,0.0,0.0,554.474375,0.0,641.3513125,0.0,0.0,0.0
202,202,0.0,0.0,0.0,0.0,0.0,555.347625,0.0,637.8824375,0.0,0.0,0.0
203,203,0.0,0.0,0.0,0.0,0.0,556.307625,0.0,634.47175,0.0,0.0,0.0
204,204,0.0,0.0,0.0,0.0,0.0,557.3538125,0.0,631.12025,0.0,0.0,0.0
205,205,0.0,0.0,0.0,0.0,0.0,558.4856875,0.0,627.828875,0.0,0.0,0.0
206,206,0.0,0.0,0.0,0.0,0.0,559.702875,0.0,624.5985,0.0,0.0,0.0
207,207,0.0,0.0,0.0,0.0,0.0,561.004625,0.0,621.430125,0.0,0.0,0.0
208,208,0.0,0.0,0.0,0.0,0.0,562.3905,0.0,618.32475,0.0,0.0,0.0
209,209,0.0,0.0,0.0,0.0,0.0,563.8598125,0.0,615.2833125,0.0,0.0,0.0
210,210,0.0,0.0,0.0,0.0,0.0,565.4119375,0.0,612.3066875,0.0,0.0,0.0
211,211,0.0,0.0,0.0,0.0,0.0,567.0461875,0.0,609.3959375,0.0,0.0,0.0
212,212,0.0,0.0,0.0,0.0,0.0,568.7618125,0.0,606.552,0.0,0.0,0.0
213,213,0.0,0.0,0.0,0.0,0.0,570.558125,0.0,603.77575,0.0,0.0,0.0
214,214,0.0,0.0,0.0,0.0,0.0,572.4343125,0.0,601.0681875,0.0,0.0,0.0
215,215,0.0,0.0,0.0,0.0,0.0,574.3896875,0.0,598.4301875,0.0,0.0,0.0
216,216,0.0,0.0,0.0,0.0,0.0,576.423375,0.0,595.86275,0.0,0.0,0.0
217,217,0.0,0.0,0.0,0.0,0.0,578.5345,0.0,593.36675,0.0,0.0,0.0
218,218,0.0,0.0,0.0,0.0,0.0,580.7223125,0.0,590.943125,0.0,0.0,0.0
219,219,0.0,0.0,0.0,0.0,0.0,582.985875,0.0,588.59275,0.0,0.0,0.0
220,220,0.0,0.0,0.0,0.0,0.0,585.3243125,0.0,586.3165,0.0,0.0,0.0
221,221,0.0,0.0,0.0,0.0,0.0,587.7368125,0.0,584.11525,0.0,0.0,0.0
222,222,0.0,0.0,0.0,0.0,0.0,590.222375,0.0,581.9899375,0.0,0.0,0.0
223,223,0.0,0.0,0.0,0.0,0.0,592.780125,0.0,579.94125,0.0,0.0,0.0
224,224,0.0,0.0,0.0,0.0,0.0,595.4090625,0.0,577.9700625,0.0,0.0,0.0
225,225,0.0,0.0,0.0,0.0,0.0,598.1083125,0.0,576.07725,0.0,0.0,0.0
226,226,0.0,0.0,0.0,0.0,0.0,600.8769375,0.0,574.2635,0.0,0.0,0.0
227,227,0.0,0.0,0.0,0.0,0.0,603.7139375,0.0,572.5295625,0.0,0.0,0.0
228,228,0.0,0.0,0.0,0.0,0.0,606.6183125,0.0,570.87625,810.1055,0.0,0.0
229,229,0.0,0.0,0.0,0.0,0.0,609.5891875,0.0,569.3041875,806.595,0.0,0.0
230,230,0.0,0.0,0.0,0.0,0.0,612.6255625,0.0,567.8140625,803.130125,0.0,0.0
231,231,0.0,0.0,0.0,0.0,0.0,615.7264375,0.0,566.4065625,799.7115,0.0,0.0
232,232,0.0,0.0,0.0,0.0,0.0,618.8908125,0.0,565.08225,796.3396875,0.0,0.0
233,233,0.0,0.0,0.0,0.0,0.0,622.1178125,0.0,563.84175,793.01525,0.0,0.0
234,234,0.0,0.0,0.0,0.0,0.0,625.4064375,0.0,562.6856875,789.7388125,0.0,0.0
235,235,0.0,0.0,0.0,0.0,0.0,628.755625,0.0,561.6144375,786.5110625,0.0,0.0
236,236,0.0,0.0,0.0,0.0,0.0,632.1645,0.0,560.6285625,783.3324375,0.0,0.0
237,237,0.0,0.0,0.0,0.0,0.0,635.6320625,0.0,559.7285,780.20375,0.0,0.0
238,238,0.0,0.0,0.0,0.0,0.0,639.157375,0.0,558.91475,777.1254375,0.0,0.0
239,239,0.0,0.0,0.0,0.0,0.0,642.7395,0.0,558.1875625,774.098125,0.0,0.0
240,240,0.0,0.0,0.0,0.0,0.0,646.3774375,0.0,557.5473125,771.1225,0.0,0.0
241,241,0.0,0.0,0.0,0.0,0.0,650.07025,0.0,556.994375,768.199125,0.0,0.0
242,242,0.0,0.0,0.0,0.0,0.0,653.8170625,0.0,556.5289375,765.3285625,0.0,0.0
243,243,0.0,0.0,0.0,0.0,0.0,657.616875,0.0,556.1511875,762.5115,0.0,0.0
244,244,0.0,0.0,0.0,0.0,0.0,661.4688125,0.0,555.8614375,759.7484375,0.0,0.0
245,245,0.0,0.0,0.0,0.0,0.0,665.3719375,0.0,555.6596875,757.0400625,0.0,0.0
246,246,0.0,0.0,0.0,0.0,0.0,669.3254375,0.0,555.546125,754.386875,0.0,0.0
247,247,0.0,0.0,0.0,0.0,0.0,673.3283125,0.0,555.5206875,751.7895,0.0,0.0
248,248,0.0,0.0,0.0,0.0,0.0,677.37975,0.0,555.5835625,749.2485625,0.0,0.0
249,249,0.0,0.0,0.0,0.0,0.0,681.4788125,0.0,555.7345625,746.7645625,0.0,0.0
250,250,0.0,0.0,0.0,0.0,0.0,685.6246875,0.0,555.97375,744.338125,0.0,0.0
251,251,0.0,0.0,0.0,0.0,0.0,689.8165625,0.0,556.300875,741.9698125,0.0,0.0
252,252,0.0,0.0,0.0,0.0,0.0,694.0535625,0.0,556.715875,739.6601875,0.0,0.0
253,253,0.0,0.0,0.0,0.0,0.0,698.3348125,0.0,557.2185,737.4098125,0.0,0.0
254,254,0.0,0.0,0.0,0.0,0.0,702.6595625,0.0,557.8085625,735.2191875,0.0,0.0
255,255,0.0,0.0,0.0,0.0,0.0,707.027,0.0,558.48575,733.088875,0.0,0.0
256,256,0.0,0.0,0.0,0.0,0.0,711.436375,0.0,559.24975,731.0194375,0.0,0.0
257,257,0.0,0.0,0.0,0.0,0.0,715.8868125,0.0,560.1001875,729.0113125,0.0,0.0
258,258,0.0,0.0,0.0,0.0,0.0,720.3775625,0.0,561.0366875,727.065125,0.0,0.0
259,259,0.0,0.0,0.0,0.0,0.0,724.9079375,0.0,562.058875,725.1813125,0.0,0.0
260,260,0.0,0.0,0.0,0.0,0.0,729.4771875,0.0,563.1661875,723.3603125,0.0,0.0
261,261,0.0,0.0,0.0,0.0,0.0,734.0845,0.0,564.3581875,721.6026875,0.0,0.0
262,262,0.0,0.0,0.0,0.0,0.0,738.72925,0.0,565.63425,719.908875,0.0,0.0
263,263,0.0,0.0,0.0,0.0,0.0,743.4106875,0.0,566.9939375,718.279375,0.0,0.0
264,264,0.0,0.0,0.0,0.0,0.0,748.128125,0.0,568.4365625,716.7145,0.0,0.0
265,265,0.0,0.0,0.0,0.0,0.0,752.880875,0.0,569.9615,715.2148125,0.0,0.0
266,266,0.0,0.0,0.0,0.0,0.0,757.66825,0.0,571.568125,713.780625,0.0,0.0
267,267,0.0,0.0,0.0,0.0,0.0,762.489625,0.0,573.2556875,712.412375,0.0,0.0
268,268,0.0,0.0,0.0,0.0,0.0,767.344375,0.0,575.0235625,711.1104375,0.0,0.0
269,269,0.0,0.0,0.0,0.0,0.0,772.2318125,0.0,576.8709375,709.87525,0.0,0.0
270,270,0.0,0.0,0.0,0.0,0.0,777.1513125,0.0,578.7970625,708.7070625,0.0,0.0
271,271,0.0,0.0,0.0,0.0,0.0,782.102375,0.0,580.801125,707.6061875,0.0,0.0
272,272,0.0,0.0,0.0,0.0,0.0,787.08425,0.0,582.882375,706.5730625,0.0,0.0
273,273,0.0,0.0,0.0,0.0,0.0,792.096375,0.0,585.04,705.6079375,0.0,0.0
274,274,0.0,0.0,0.0,0.0,0.0,797.1383125,0.0,587.2730625,704.711,0.0,0.0
275,275,0.0,0.0,0.0,0.0,0.0,802.2093125,0.0,589.58075,703.882625,0.0,0.0
276,276,0.0,0.0,0.0,0.0,0.0,807.3089375,0.0,591.96225,703.1230625,809.8045,0.0
277,277,0.0,0.0,0.0,0.0,0.0,0.0,0.0,594.4165625,702.4324375,805.7593125,0.0
278,278,0.0,0.0,0.0,0.0,0.0,0.0,0.0,596.942875,701.811,801.754375,0.0
279,279,0.0,0.0,0.0,0.0,0.0,0.0,0.0,599.54025,701.259,797.790375,0.0
280,280,0.0,0.0,0.0,0.0,0.0,0.0,0.0,602.20775,700.7765,793.8678125,0.0
281,281,0.0,0.0,0.0,0.0,0.0,0.0,0.0,604.9444375,700.3636875,789.9874375,0.0
282,282,0.0,0.0,0.0,0.0,0.0,0.0,0.0,607.7494375,700.0206875,786.1498125,0.0
283,283,0.0,0.0,0.0,0.0,0.0,0.0,0.0,610.6216875,699.747625,782.355625,0.0
284,284,0.0,0.0,0.0,0.0,0.0,0.0,0.0,613.5603125,699.5445,778.605375,0.0
285,285,0.0,0.0,0.0,0.0,0.0,0.0,0.0,616.564375,699.4115,774.899875,0.0
286,286,0.0,0.0,0.0,0.0,0.0,0.0,0.0,619.6329375,699.3485625,771.2396875,0.0
287,287,0.0,0.0,0.0,0.0,0.0,0.0,0.0,622.7649375,699.35575,767.6254375,0.0
288,288,0.0,0.0,0.0,0.0,0.0,0.0,0.0,625.9595,699.4330625,764.057875,0.0
289,289,0.0,0.0,0.0,0.0,0.0,0.0,0.0,629.2156875,699.5804375,760.5375625,0.0
290,290,0.0,0.0,0.0,0.0,0.0,0.0,0.0,632.5325,699.797875,757.0651875,0.0
291,291,0.0,0.0,0.0,0.0,0.0,0.0,0.0,635.909,700.08525,753.6414375,0.0
292,292,0.0,0.0,0.0,0.0,0.0,0.0,0.0,639.34425,700.4425625,750.267,0.0
293,293,0.0,0.0,0.0,0.0,0.0,0.0,0.0,642.83725,700.869625,746.9425,0.0
294,294,0.0,0.0,0.0,0.0,0.0,0.0,0.0,646.387125,701.366375,743.6686875,0.0
295,295,0.0,0.0,0.0,0.0,0.0,0.0,0.0,649.992875,701.932625,740.446125,0.0
296,296,0.0,0.0,0.0,0.0,0.0,0.0,0.0,653.6536875,702.5681875,737.2755625,0.0
297,297,0.0,0.0,0.0,0.0,0.0,0.0,0.0,657.3685,703.2729375,734.157625,0.0
298,298,0.0,0.0,0.0,0.0,0.0,0.0,0.0,661.1364375,704.046625,731.0930625,809.790375
299,299,0.0,0.0,0.0,0.0,0.0,0.0,0.0,664.9566875,704.889,728.0825,805.727875
