,time,549,571,594,616,661,683,728,795,706,773,639,572,751,684,527,617,550,729,662,796,595,528,774,707,640
0,0,66.30736777982189,79.62371815346275,86.35635962085985,74.73867236633676,94.58015276878265,63.681031286448615,93.45382274004295,69.14066661783221,0.0,0.0,0.0,0.0,0.0,0.0,0.0,0.0,0.0,0.0,0.0,0.0,0.0,0.0,0.0,0.0,0.0
1,1,68.14002343569908,81.85222683090815,85.19451968034896,74.97381847228836,93.19244304637499,64.47076305844814,90.96619714934032,67.79017222492087,0.0,0.0,0.0,0.0,0.0,0.0,0.0,0.0,0.0,0.0,0.0,0.0,0.0,0.0,0.0,0.0,0.0
2,2,69.40000153844092,79.56080082965701,86.06398810960074,77.68758062735492,98.13274288686465,64.0379159976483,92.56014949009106,65.79515496939445,0.0,0.0,0.0,0.0,0.0,0.0,0.0,0.0,0.0,0.0,0.0,0.0,0.0,0.0,0.0,0.0,0.0
3,3,70.59322588978713,79.57970794224913,87.88609815322003,75.81873929173783,96.0786554176571,0.0,94.42887034134041,67.04620928657788,0.0,0.0,0.0,0.0,0.0,0.0,0.0,0.0,0.0,0.0,0.0,0.0,0.0,0.0,0.0,0.0,0.0
4,4,69.32585705449999,79.75284864895332,87.89224125127082,75.77776146417322,98.15884393260914,0.0,91.5936624529584,66.47993973997616,0.0,0.0,0.0,0.0,0.0,0.0,0.0,0.0,0.0,0.0,0.0,0.0,0.0,0.0,0.0,0.0,0.0
5,5,69.04681217892444,78.10298603490173,87.26309023982577,73.73092415604847,98.26374487538666,0.0,93.17254582264802,66.567154865858,64.04078353350057,66.88050695307318,0.0,0.0,0.0,0.0,0.0,0.0,0.0,0.0,0.0,0.0,0.0,0.0,0.0,0.0,0.0
6,6,70.6392045128034,76.89328304169814,88.54859712715906,74.5270092763046,95.48970889564568,0.0,90.85656383654069,68.07999449740245,67.62803738096488,67.51551413020016,0.0,0.0,0.0,0.0,0.0,0.0,0.0,0.0,0.0,0.0,0.0,0.0,0.0,0.0,0.0
7,7,69.24515550941646,78.42848622078795,88.63374743022376,73.37136134646104,95.97062072178312,0.0,91.84640508404487,66.80651052380992,66.10262828456013,64.21684481134169,0.0,0.0,0.0,0.0,0.0,0.0,0.0,0.0,0.0,0.0,0.0,0.0,0.0,0.0,0.0
8,8,70.18106916367658,76.06484331112968,89.79037817790193,73.23328038720258,95.45278193245169,0.0,90.53354110066608,66.6889538210467,68.58268313917013,65.87074566162417,0.0,0.0,0.0,0.0,0.0,0.0,0.0,0.0,0.0,0.0,0.0,0.0,0.0,0.0,0.0
9,9,70.64480194911987,75.72243363857847,89.08335506130409,72.42524230999138,96.16246516802404,0.0,90.43812987197697,66.68666261438726,66.40543292994515,64.8151848413844,0.0,0.0,0.0,0.0,0.0,0.0,0.0,0.0,0.0,0.0,0.0,0.0,0.0,0.0,0.0
10,10,70.08420113238897,76.86394210848832,90.82294273087597,72.16352602007704,96.87738143071341,0.0,87.70548066210989,65.73507942441113,66.61326692893343,66.79461161470962,0.0,0.0,0.0,0.0,0.0,0.0,0.0,0.0,0.0,0.0,0.0,0.0,0.0,0.0,0.0
11,11,71.05643783612233,76.13903593015192,89.46862419467391,71.32618236235496,96.60680595112488,0.0,93.01732044335932,67.5010339729766,66.51631854651112,66.91262714733374,0.0,0.0,0.0,0.0,0.0,0.0,0.0,0.0,0.0,0.0,0.0,0.0,0.0,0.0,0.0
12,12,71.64951910931177,76.52777616671553,91.36312233401358,72.65034370795424,96.60587524215141,0.0,88.67379511902172,68.18140250466028,67.42776587544334,68.11251994971659,0.0,0.0,0.0,0.0,0.0,0.0,0.0,0.0,0.0,0.0,0.0,0.0,0.0,0.0,0.0
13,13,70.62435774548442,75.25369023034779,90.05590100354064,69.63793519636842,95.18867564886531,0.0,90.96886538620664,66.70497771639513,69.89879632041654,68.67883972199877,0.0,0.0,0.0,0.0,0.0,0.0,0.0,0.0,0.0,0.0,0.0,0.0,0.0,0.0,0.0
14,14,72.69679090081273,75.09251834042922,90.31990390338521,71.11719818696861,96.45409990728855,0.0,89.32763198379311,66.98595363802615,70.13416321536788,67.72211055460454,0.0,0.0,0.0,0.0,0.0,0.0,0.0,0.0,0.0,0.0,0.0,0.0,0.0,0.0,0.0
15,15,73.09872004165439,74.76264066976528,91.09450738583564,69.78209574644575,97.19913484576175,0.0,89.8356787010759,66.41802736172936,68.66531478199127,68.52466174295571,0.0,0.0,0.0,0.0,0.0,0.0,0.0,0.0,0.0,0.0,0.0,0.0,0.0,0.0,0.0
16,16,73.77510465616085,74.68525773130686,92.46825258861239,69.08416539657881,96.91702495056423,0.0,90.32863554511859,65.40652116176182,70.17903970697071,68.44575994821801,0.0,0.0,0.0,0.0,0.0,0.0,0.0,0.0,0.0,0.0,0.0,0.0,0.0,0.0,0.0
17,17,74.033622592157,74.28023959988943,90.02725480661996,68.40852192384435,96.11114572733909,0.0,87.9994933260153,65.38848330862,69.65465526686528,69.07874825574392,0.0,0.0,0.0,0.0,0.0,0.0,0.0,0.0,0.0,0.0,0.0,0.0,0.0,0.0,0.0
18,18,74.39417884712265,74.89344570959608,92.67399380366028,69.30230079321773,96.60958388685391,0.0,88.23606619108136,66.3460405399853,72.47389187172281,69.94973537940946,0.0,0.0,0.0,0.0,0.0,0.0,0.0,0.0,0.0,0.0,0.0,0.0,0.0,0.0,0.0
19,19,74.57692923803535,73.14742987893689,93.81198065583739,67.70771146343091,96.25700457342792,0.0,88.16663024519626,0.0,72.5132175666999,70.05756651934821,0.0,0.0,0.0,0.0,0.0,0.0,0.0,0.0,0.0,0.0,0.0,0.0,0.0,0.0,0.0
20,20,72.4775612318257,73.55926071144845,91.68901298658581,68.57044442414806,97.09917148591678,0.0,87.93907547942064,0.0,70.20900096942957,71.10943075587718,0.0,0.0,0.0,0.0,0.0,0.0,0.0,0.0,0.0,0.0,0.0,0.0,0.0,0.0,0.0
21,21,73.54940915866652,74.04047788839812,92.89147761100816,67.03306499421254,95.70312848843894,0.0,86.88477960167702,0.0,72.8148080385479,70.19600269309485,0.0,0.0,0.0,0.0,0.0,0.0,0.0,0.0,0.0,0.0,0.0,0.0,0.0,0.0,0.0
22,22,76.09799989339156,72.42412423648244,94.20714180463862,65.7960752132167,98.52365904091367,0.0,86.89958595387903,0.0,71.83537784908059,69.7120137492882,0.0,0.0,0.0,0.0,0.0,0.0,0.0,0.0,0.0,0.0,0.0,0.0,0.0,0.0,0.0
23,23,74.47573663083033,72.11635368119263,93.49472907156074,67.15926719365328,94.33256729176269,0.0,87.10227269123142,0.0,72.89124519539077,71.69216286263008,0.0,0.0,0.0,0.0,0.0,0.0,0.0,0.0,0.0,0.0,0.0,0.0,0.0,0.0,0.0
24,24,74.10309802583751,71.60377063307513,95.03260579051731,68.54057128050236,93.87576462936595,0.0,86.4045589298834,0.0,72.78499640808401,73.9797269819127,0.0,0.0,0.0,0.0,0.0,0.0,0.0,0.0,0.0,0.0,0.0,0.0,0.0,0.0,0.0
25,25,75.14645116387132,69.1894371545651,93.80987725349677,65.17985527676568,96.2910653267179,0.0,86.76047910277404,0.0,74.99882230940321,71.0584318831322,0.0,0.0,0.0,0.0,0.0,0.0,0.0,0.0,0.0,0.0,0.0,0.0,0.0,0.0,0.0
26,26,75.82876907104382,68.43508862473965,94.23195343575233,66.07796159992209,95.00745165868265,0.0,87.11107256826327,0.0,73.10642422843617,70.43058187558992,0.0,0.0,0.0,0.0,0.0,0.0,0.0,0.0,0.0,0.0,0.0,0.0,0.0,0.0,0.0
27,27,75.12321936119594,69.45110347289433,94.64093694137965,0.0,95.5233228631331,0.0,84.60506301546111,0.0,74.4977930273987,70.62507845385241,0.0,0.0,0.0,0.0,0.0,0.0,0.0,0.0,0.0,0.0,0.0,0.0,0.0,0.0,0.0
28,28,75.4546777493893,69.97735439444305,94.42796230722497,0.0,96.41157047250995,0.0,84.43445303241764,0.0,77.43471485233236,72.14111028905184,64.26050358530932,0.0,0.0,0.0,0.0,0.0,0.0,0.0,0.0,0.0,0.0,0.0,0.0,0.0,0.0
29,29,76.14266401819907,67.77648571165193,94.13968979322222,0.0,96.83517291308779,0.0,84.17754446267757,0.0,75.742396736791,72.32058098089028,65.47513334764751,0.0,0.0,0.0,0.0,0.0,0.0,0.0,0.0,0.0,0.0,0.0,0.0,0.0,0.0
30,30,76.84560670262725,66.6513606214135,93.8004887851333,0.0,96.57628441976078,0.0,82.31146780575878,0.0,78.08083805381318,74.72164291511336,65.65758706290376,0.0,0.0,0.0,0.0,0.0,0.0,0.0,0.0,0.0,0.0,0.0,0.0,0.0,0.0
31,31,76.18685781155393,68.89067802092923,95.05686785580585,0.0,93.92155070979338,0.0,82.92357938266991,0.0,77.530664581442,73.11810155937249,66.33023174248022,0.0,0.0,0.0,0.0,0.0,0.0,0.0,0.0,0.0,0.0,0.0,0.0,0.0,0.0
32,32,75.21269238435704,68.10473945005799,95.88183329881512,0.0,94.64124411430906,0.0,83.49231908274685,0.0,76.14500745358684,73.65179102376405,68.2483208440097,0.0,0.0,0.0,0.0,0.0,0.0,0.0,0.0,0.0,0.0,0.0,0.0,0.0,0.0
33,33,78.07457754338925,67.36071896339574,94.58181696253715,0.0,94.1932445921764,0.0,83.40028075563448,0.0,77.71613524720993,75.45757184086212,67.67623387993522,0.0,0.0,0.0,0.0,0.0,0.0,0.0,0.0,0.0,0.0,0.0,0.0,0.0,0.0
34,34,78.39419860654547,67.62276814095166,95.44047611307177,0.0,93.81148373798918,0.0,83.1075946050816,0.0,76.9310123499867,72.91652333037867,67.30050291448987,0.0,0.0,0.0,0.0,0.0,0.0,0.0,0.0,0.0,0.0,0.0,0.0,0.0,0.0
35,35,77.08705534026917,67.03713904300182,94.3599125638933,0.0,93.06715980935216,0.0,83.62315616951615,0.0,78.09998461022896,75.11607683203987,69.25132815555338,0.0,0.0,0.0,0.0,0.0,0.0,0.0,0.0,0.0,0.0,0.0,0.0,0.0,0.0
36,36,76.95131033940172,67.90973225529805,94.8721013029554,0.0,93.56660962942426,0.0,81.08398280793429,0.0,80.90710553181732,76.23148612450275,69.28747793444074,0.0,0.0,0.0,0.0,0.0,0.0,0.0,0.0,0.0,0.0,0.0,0.0,0.0,0.0
37,37,79.40765845162316,64.91162539994906,95.14017260283417,0.0,92.60778233462452,0.0,80.7961439924655,0.0,79.64417946169551,74.71079957067879,70.03416455329132,0.0,0.0,0.0,0.0,0.0,0.0,0.0,0.0,0.0,0.0,0.0,0.0,0.0,0.0
38,38,77.66518324126847,65.20824282884091,94.64785481701686,0.0,91.56894815943217,0.0,82.21919143781996,0.0,80.4637533623181,73.95289345428627,68.00711564547578,0.0,0.0,0.0,0.0,0.0,0.0,0.0,0.0,0.0,0.0,0.0,0.0,0.0,0.0
39,39,78.67773540478274,66.18507013041943,95.30374338528547,0.0,93.64308161296749,0.0,79.95301707999633,0.0,81.09172422918675,76.19230005741949,71.77615559133847,0.0,0.0,0.0,0.0,0.0,0.0,0.0,0.0,0.0,0.0,0.0,0.0,0.0,0.0
40,40,79.75836879125472,0.0,93.77011486813888,0.0,92.48332577752204,0.0,80.15934127708475,0.0,80.30534174742733,75.21133964274675,72.11111932192826,0.0,0.0,0.0,0.0,0.0,0.0,0.0,0.0,0.0,0.0,0.0,0.0,0.0,0.0
41,41,79.25487665771703,0.0,95.92711928736685,0.0,91.14603490239558,0.0,81.03800904280385,0.0,81.57220127509142,77.42571145582134,70.99179377364587,0.0,0.0,0.0,0.0,0.0,0.0,0.0,0.0,0.0,0.0,0.0,0.0,0.0,0.0
42,42,79.40711876187478,0.0,96.77723388368973,0.0,93.63992042863453,0.0,78.85683004961658,0.0,81.16263206248267,76.33043963045247,72.42277063417603,0.0,0.0,0.0,0.0,0.0,0.0,0.0,0.0,0.0,0.0,0.0,0.0,0.0,0.0
43,43,78.89194570893247,0.0,96.10277429931298,0.0,91.09983484826728,0.0,79.59521610524025,0.0,81.89319341685344,77.54963085144459,72.05759884654091,0.0,0.0,0.0,0.0,0.0,0.0,0.0,0.0,0.0,0.0,0.0,0.0,0.0,0.0
44,44,79.77406121695653,0.0,95.84654475802196,0.0,88.68840044958559,0.0,79.17089588336057,0.0,81.8330680984604,76.80348539084058,72.53640335036351,0.0,0.0,0.0,0.0,0.0,0.0,0.0,0.0,0.0,0.0,0.0,0.0,0.0,0.0
45,45,78.68983242442961,0.0,95.89896897595496,0.0,90.72372224797488,0.0,78.23545311082738,0.0,83.09548533401852,75.28090681240462,73.60676606967694,0.0,0.0,0.0,0.0,0.0,0.0,0.0,0.0,0.0,0.0,0.0,0.0,0.0,0.0
46,46,79.52351930242169,0.0,96.20904111690987,0.0,90.74088718974944,0.0,77.16068149429051,0.0,83.65822932895048,76.25329629481816,73.10102047843546,0.0,0.0,0.0,0.0,0.0,0.0,0.0,0.0,0.0,0.0,0.0,0.0,0.0,0.0
47,47,78.74717742232704,0.0,94.44560539575271,0.0,88.60499192280368,0.0,77.29974854433338,0.0,82.58376622551694,76.20625017133925,71.87688379896964,0.0,0.0,0.0,0.0,0.0,0.0,0.0,0.0,0.0,0.0,0.0,0.0,0.0,0.0
48,48,79.2514002602352,0.0,94.0086694221931,0.0,88.26965662078945,0.0,75.98065581534858,0.0,84.63909610514034,76.47198269073122,73.72406772390907,0.0,0.0,0.0,0.0,0.0,0.0,0.0,0.0,0.0,0.0,0.0,0.0,0.0,0.0
49,49,80.14905776228747,0.0,94.09837835963938,0.0,89.58759527601056,0.0,74.86761616202337,0.0,83.71862945196224,77.95776803196586,74.98288791603869,0.0,0.0,0.0,0.0,0.0,0.0,0.0,0.0,0.0,0.0,0.0,0.0,0.0,0.0
50,50,78.34790847010851,0.0,94.24520448044981,0.0,87.75307481075677,0.0,76.15093581660902,0.0,85.34979205791828,77.83059194616567,77.33472926089809,0.0,0.0,0.0,0.0,0.0,0.0,0.0,0.0,0.0,0.0,0.0,0.0,0.0,0.0
51,51,79.975342249541,0.0,94.75798428646911,0.0,88.1410691426524,0.0,75.61771063436827,0.0,85.72607960110072,78.26557710349391,75.44506585181448,0.0,0.0,0.0,0.0,0.0,0.0,0.0,0.0,0.0,0.0,0.0,0.0,0.0,0.0
52,52,79.29146139162333,0.0,94.21158227534224,0.0,87.31140340636807,0.0,74.58224769459555,0.0,87.694235078534,77.58267603218512,76.8750797693596,0.0,0.0,0.0,0.0,0.0,0.0,0.0,0.0,0.0,0.0,0.0,0.0,0.0,0.0
53,53,79.64212824445625,0.0,95.00647480035653,0.0,86.32986455609343,0.0,73.86399289653201,0.0,85.9776563326412,77.5090031500843,76.3274989134405,0.0,0.0,0.0,0.0,0.0,0.0,0.0,0.0,0.0,0.0,0.0,0.0,0.0,0.0
54,54,80.80458787585388,0.0,93.4377562115829,0.0,85.94224908451336,0.0,72.60747325032652,0.0,89.08230268374285,78.39653169934967,77.64962876569311,66.5566691775498,0.0,0.0,0.0,0.0,0.0,0.0,0.0,0.0,0.0,0.0,0.0,0.0,0.0
55,55,79.72282170180533,0.0,90.71364734884416,0.0,86.17427866436871,0.0,70.4736430813324,0.0,85.13064227323581,77.95585506384285,77.01715616520606,66.74627926076613,0.0,0.0,0.0,0.0,0.0,0.0,0.0,0.0,0.0,0.0,0.0,0.0,0.0
56,56,80.26183852888288,0.0,93.61963349727174,0.0,85.73350680425187,0.0,73.17167158227011,0.0,87.31095029179544,81.10288109685627,79.9796312142835,66.52164818648592,0.0,0.0,0.0,0.0,0.0,0.0,0.0,0.0,0.0,0.0,0.0,0.0,0.0
57,57,81.35681759156445,0.0,92.4850093209383,0.0,85.573317129426,0.0,73.77503573749487,0.0,87.79935672598593,79.20667762093511,78.37079146938912,65.76038901642045,0.0,0.0,0.0,0.0,0.0,0.0,0.0,0.0,0.0,0.0,0.0,0.0,0.0
58,58,79.81705136456925,0.0,94.24131439439459,0.0,84.53856302013354,0.0,73.51104257971754,0.0,87.49692095946587,79.18300852959678,79.95808593121924,68.52457537670958,0.0,0.0,0.0,0.0,0.0,0.0,0.0,0.0,0.0,0.0,0.0,0.0,0.0
59,59,79.81457591284325,0.0,91.2342546395334,0.0,85.25606633054659,0.0,72.01918447334901,0.0,90.00953121124937,78.33296262303679,78.4323597353977,67.08464483798814,0.0,0.0,0.0,0.0,0.0,0.0,0.0,0.0,0.0,0.0,0.0,0.0,0.0
60,60,78.58838109100033,0.0,91.7056714139606,0.0,85.14498283426956,0.0,70.82416957413314,0.0,87.71913590006942,76.91813432497825,78.86242377603295,67.31527764211316,0.0,0.0,0.0,0.0,0.0,0.0,0.0,0.0,0.0,0.0,0.0,0.0,0.0
61,61,80.69892100080322,0.0,90.70952052679492,0.0,83.15537926073218,0.0,69.26375321216456,0.0,91.6333934939468,79.8577014924048,81.32420010522323,67.39473855678446,0.0,0.0,0.0,0.0,0.0,0.0,0.0,0.0,0.0,0.0,0.0,0.0,0.0
62,62,79.38922014658375,0.0,90.85721352804724,0.0,81.67265722784808,0.0,70.48046210389758,0.0,90.08738232063375,80.54885687403657,81.79814586101773,70.3390228618842,0.0,0.0,0.0,0.0,0.0,0.0,0.0,0.0,0.0,0.0,0.0,0.0,0.0
63,63,79.37895447195322,0.0,90.48940123450356,0.0,83.40875210377166,0.0,70.91965572280499,0.0,89.96400404237,79.69851783444,81.5770167994572,69.60716511494378,0.0,0.0,0.0,0.0,0.0,0.0,0.0,0.0,0.0,0.0,0.0,0.0,0.0
64,64,79.18261465819553,0.0,88.4434553689862,0.0,81.63715202394037,0.0,67.59165422977802,0.0,91.92836033772255,75.89952428190014,82.11646239766753,68.2349179878691,0.0,0.0,0.0,0.0,0.0,0.0,0.0,0.0,0.0,0.0,0.0,0.0,0.0
65,65,78.74333592584637,0.0,90.90029044960598,0.0,81.21087729061854,0.0,69.0322243677014,0.0,91.97854921186203,80.46324249770112,81.95863732522407,68.98432505743075,0.0,0.0,0.0,0.0,0.0,0.0,0.0,0.0,0.0,0.0,0.0,0.0,0.0
66,66,79.7057694030483,0.0,89.20390687521937,0.0,80.86767841605503,0.0,68.90698418722013,0.0,90.84516695246819,80.52718449457677,82.28396038185699,70.56904595401333,0.0,0.0,0.0,0.0,0.0,0.0,0.0,0.0,0.0,0.0,0.0,0.0,0.0
67,67,79.95383888884993,0.0,90.69294000402482,0.0,80.4470635893467,0.0,67.12229354591648,0.0,90.34784980777337,79.57947010504336,81.13471896900639,69.28497467986907,0.0,0.0,0.0,0.0,0.0,0.0,0.0,0.0,0.0,0.0,0.0,0.0,0.0
68,68,78.37952882613152,0.0,92.0136963367722,0.0,79.66721102455385,0.0,68.31121069480801,0.0,93.01156539138856,79.97596339919934,83.65991636334745,71.85860971159609,0.0,0.0,0.0,0.0,0.0,0.0,0.0,0.0,0.0,0.0,0.0,0.0,0.0
69,69,78.68154948069758,0.0,88.56596618740065,0.0,79.81307183899479,0.0,66.76100333388149,0.0,92.54071581052033,81.18321021772887,83.11936831064448,71.75711026172098,0.0,0.0,0.0,0.0,0.0,0.0,0.0,0.0,0.0,0.0,0.0,0.0,0.0
70,70,77.9429338452567,0.0,89.57891323186544,0.0,78.91554992688822,0.0,66.73620401130415,0.0,93.98857502996077,78.87847984024064,83.51106983334601,72.37728002725946,0.0,0.0,0.0,0.0,0.0,0.0,0.0,0.0,0.0,0.0,0.0,0.0,0.0
71,71,80.2523198891834,0.0,87.53008065537935,0.0,77.84153845386062,0.0,66.49449199397573,0.0,93.9322696041161,79.13703082470442,86.30282370794615,70.05102461491056,0.0,0.0,0.0,0.0,0.0,0.0,0.0,0.0,0.0,0.0,0.0,0.0,0.0
72,72,79.60371601277677,0.0,87.82419473804079,0.0,77.77550340323845,0.0,67.04008308534638,0.0,93.41022302024618,80.25402007246302,86.06477059834545,74.21107194159788,0.0,0.0,0.0,0.0,0.0,0.0,0.0,0.0,0.0,0.0,0.0,0.0,0.0
73,73,78.53578221183994,0.0,88.22421762780893,0.0,77.50662290849739,0.0,66.42076255553145,0.0,93.92240688470574,81.98360890524145,86.3153717877967,74.22447199601666,0.0,0.0,0.0,0.0,0.0,0.0,0.0,0.0,0.0,0.0,0.0,0.0,0.0
74,74,77.57184313177194,0.0,86.17789216960283,0.0,76.75213530363281,0.0,65.00139559795895,0.0,94.93747223971212,81.33555385944203,86.51058056361686,73.80250839579234,0.0,0.0,0.0,0.0,0.0,0.0,0.0,0.0,0.0,0.0,0.0,0.0,0.0
75,75,78.34235108689803,0.0,86.87540032570834,0.0,78.24571558627413,0.0,0.0,0.0,93.21189196624826,79.54369444044075,87.41733879350369,73.6095208422363,0.0,0.0,0.0,0.0,0.0,0.0,0.0,0.0,0.0,0.0,0.0,0.0,0.0
76,76,78.5759449567699,0.0,86.65318471523557,0.0,78.27010478406584,0.0,0.0,0.0,94.52995933800379,80.03145990516222,88.2400399438428,74.58879247543909,0.0,0.0,0.0,0.0,0.0,0.0,0.0,0.0,0.0,0.0,0.0,0.0,0.0
77,77,78.66461277905861,0.0,87.55800028294404,0.0,75.06003134989405,0.0,0.0,0.0,95.36254106502058,79.09415146042664,87.4201763225446,74.64752442853164,0.0,0.0,0.0,0.0,0.0,0.0,0.0,0.0,0.0,0.0,0.0,0.0,0.0
78,78,78.42223131041646,0.0,84.62074470189064,0.0,75.90709163181512,0.0,0.0,0.0,95.1504392579982,77.06592157549011,87.80921779226368,75.34686827908025,0.0,0.0,0.0,0.0,0.0,0.0,0.0,0.0,0.0,0.0,0.0,0.0,0.0
79,79,76.82300074402264,0.0,84.7530144222021,0.0,75.90785722460207,0.0,0.0,0.0,94.77194855610439,81.03951655122118,89.63252360822023,76.94594675716785,0.0,0.0,0.0,0.0,0.0,0.0,0.0,0.0,0.0,0.0,0.0,0.0,0.0
80,80,74.91607916703659,0.0,84.24661791026358,0.0,74.15699966143455,0.0,0.0,0.0,94.49548038952463,79.52589522632607,90.17919426613042,75.34697513942328,0.0,0.0,0.0,0.0,0.0,0.0,0.0,0.0,0.0,0.0,0.0,0.0,0.0
81,81,74.95318941529452,0.0,84.75808165410302,0.0,75.11291707596665,0.0,0.0,0.0,94.56942700909741,79.08580260674117,90.8038860385601,77.61717676578061,0.0,0.0,0.0,0.0,0.0,0.0,0.0,0.0,0.0,0.0,0.0,0.0,0.0
82,82,76.49119643927955,0.0,84.67085841389759,0.0,75.9473860937055,0.0,0.0,0.0,96.11205453177743,78.59665731862373,89.92775153204255,79.14030132641851,0.0,0.0,0.0,0.0,0.0,0.0,0.0,0.0,0.0,0.0,0.0,0.0,0.0
83,83,77.53727847856294,0.0,83.96204919877971,0.0,72.94035471161367,0.0,0.0,0.0,95.47060681303725,78.85268242898677,90.82453989298442,77.71197438038931,0.0,0.0,0.0,0.0,0.0,0.0,0.0,0.0,0.0,0.0,0.0,0.0,0.0
84,84,75.276104724291,0.0,83.08864311532442,0.0,74.0188230205514,0.0,0.0,0.0,95.90948224010815,79.13387999793468,90.01334613607138,77.04586201046932,0.0,0.0,0.0,0.0,0.0,0.0,0.0,0.0,0.0,0.0,0.0,0.0,0.0
85,85,75.73694382843095,0.0,82.64036727654373,0.0,72.89439803584399,0.0,0.0,0.0,96.50226372911673,77.17817156755814,90.21703890173865,79.16841621507217,0.0,0.0,0.0,0.0,0.0,0.0,0.0,0.0,0.0,0.0,0.0,0.0,0.0
86,86,76.71835395670563,0.0,83.35969249710296,0.0,72.78068982738554,0.0,0.0,0.0,95.97302423204876,76.76744885613344,91.20222343959956,79.86936399133164,0.0,0.0,0.0,0.0,0.0,0.0,0.0,0.0,0.0,0.0,0.0,0.0,0.0
87,87,75.40746261063859,0.0,81.16090457569351,0.0,70.10672107232762,0.0,0.0,0.0,96.02489693246328,77.72932738523576,91.78832572034612,78.35169658808282,0.0,0.0,0.0,0.0,0.0,0.0,0.0,0.0,0.0,0.0,0.0,0.0,0.0
88,88,74.523134859915,0.0,79.92282068710534,0.0,71.52064988110013,0.0,0.0,0.0,94.41106818411669,79.27081343004798,92.15171101659739,81.35223605427136,0.0,0.0,0.0,0.0,0.0,0.0,0.0,0.0,0.0,0.0,0.0,0.0,0.0
89,89,74.46650932657487,0.0,78.48827938456448,0.0,70.0862586449706,0.0,0.0,0.0,95.84542561273699,77.27011876979965,92.51934194331761,80.3755489549282,64.899491713746,0.0,0.0,0.0,0.0,0.0,0.0,0.0,0.0,0.0,0.0,0.0,0.0
90,90,73.12609751423606,0.0,81.0299492945003,0.0,70.60793754743858,0.0,0.0,0.0,95.80948403329236,78.7341230597655,91.87185336434963,79.94800446836895,66.0154170595165,0.0,0.0,0.0,0.0,0.0,0.0,0.0,0.0,0.0,0.0,0.0,0.0
91,91,75.31720847695883,0.0,77.56224740694321,0.0,69.22957310724547,0.0,0.0,0.0,95.11281417589127,76.61241611581639,93.59635461808016,82.78758473315634,64.84544560334402,0.0,0.0,0.0,0.0,0.0,0.0,0.0,0.0,0.0,0.0,0.0,0.0
92,92,73.62701475706346,0.0,79.9134677579832,0.0,67.72163704544452,0.0,0.0,0.0,97.92380281998683,77.09248926939995,92.75887640365073,81.8133800725519,65.80918028671414,0.0,0.0,0.0,0.0,0.0,0.0,0.0,0.0,0.0,0.0,0.0,0.0
93,93,74.3876677107804,0.0,78.42696187028282,0.0,68.5820841805619,0.0,0.0,0.0,95.72752983564972,76.00793553002148,92.27370375516182,82.87354472501404,67.3586206796621,0.0,0.0,0.0,0.0,0.0,0.0,0.0,0.0,0.0,0.0,0.0,0.0
94,94,75.30540116645251,0.0,77.0031938626522,0.0,67.38631805335137,0.0,0.0,0.0,96.3558506359884,79.62440803456172,93.84978906307812,83.0706376526634,67.72314062479364,0.0,0.0,0.0,0.0,0.0,0.0,0.0,0.0,0.0,0.0,0.0,0.0
95,95,74.00011261532923,0.0,76.75632663798162,0.0,68.99511552973227,0.0,0.0,0.0,96.60771055266483,78.93328031839572,93.22590717107187,82.81743238924003,67.04630846439788,0.0,0.0,0.0,0.0,0.0,0.0,0.0,0.0,0.0,0.0,0.0,0.0
96,96,74.94618677041412,0.0,76.91974666884981,0.0,67.30803672985166,0.0,0.0,0.0,94.1191487388609,74.55898877991494,92.72368944474069,84.11411100173717,67.47454979722554,0.0,0.0,0.0,0.0,0.0,0.0,0.0,0.0,0.0,0.0,0.0,0.0
97,97,74.02970068062046,0.0,77.73308520647201,0.0,65.54324656801415,0.0,0.0,0.0,95.10253728822414,78.21789337837772,95.23221911980055,82.99462502798858,68.59999135671274,0.0,0.0,0.0,0.0,0.0,0.0,0.0,0.0,0.0,0.0,0.0,0.0
98,98,72.88666543022445,0.0,76.17369212308758,0.0,66.09827571076251,0.0,0.0,0.0,95.61605682256327,75.4041118567502,94.2468721687433,82.23535369267994,69.6038758165054,0.0,0.0,0.0,0.0,0.0,0.0,0.0,0.0,0.0,0.0,0.0,0.0
99,99,73.78946149755276,0.0,77.59838201159269,0.0,66.82473505802555,0.0,0.0,0.0,93.21121329120952,77.77563434814347,94.5540278231483,83.39801793255374,69.26464947154476,0.0,0.0,0.0,0.0,0.0,0.0,0.0,0.0,0.0,0.0,0.0,0.0
100,100,71.84253532544192,0.0,75.48119881493645,0.0,65.88826231005348,0.0,0.0,0.0,93.94880121514684,76.23144721313207,95.4462181370145,86.25454468193664,69.60533673615285,0.0,0.0,0.0,0.0,0.0,0.0,0.0,0.0,0.0,0.0,0.0,0.0
101,101,73.1326432278195,0.0,74.66822750810175,0.0,62.50954025249204,0.0,0.0,0.0,96.19291752652985,76.98882364910148,95.49894746395088,84.22704662737289,68.17180727437375,0.0,0.0,0.0,0.0,0.0,0.0,0.0,0.0,0.0,0.0,0.0,0.0
102,102,71.18322321236813,0.0,74.27651425003656,0.0,0.0,0.0,0.0,0.0,94.81188942066593,75.96900419407288,96.22935666205412,83.04709641239155,71.26783889375105,65.0319507170753,0.0,0.0,0.0,0.0,0.0,0.0,0.0,0.0,0.0,0.0,0.0
103,103,71.15066899124388,0.0,73.9490089796341,0.0,0.0,0.0,0.0,0.0,93.07215960981908,75.74835334851001,95.92852113818036,85.69705649134113,70.96967489234706,65.87468579644326,0.0,0.0,0.0,0.0,0.0,0.0,0.0,0.0,0.0,0.0,0.0
104,104,70.41562840551065,0.0,75.3993634530507,0.0,0.0,0.0,0.0,0.0,93.46559186977848,73.96141876732791,96.66053249683037,87.46738418784088,70.6615667531876,65.04762660524999,0.0,0.0,0.0,0.0,0.0,0.0,0.0,0.0,0.0,0.0,0.0
105,105,71.01332992884721,0.0,74.54764097535717,0.0,0.0,0.0,0.0,0.0,92.6770979389802,74.81433121451585,96.04315727280316,86.54091882492362,71.60005679381425,66.85573135422939,0.0,0.0,0.0,0.0,0.0,0.0,0.0,0.0,0.0,0.0,0.0
106,106,70.91246420534945,0.0,72.25170936596756,0.0,0.0,0.0,0.0,0.0,92.53358859800575,72.05934213662702,95.20687598748096,87.43147248876092,72.84897928867503,66.52558925922933,0.0,0.0,0.0,0.0,0.0,0.0,0.0,0.0,0.0,0.0,0.0
107,107,71.0305961677799,0.0,72.92395565752275,0.0,0.0,0.0,0.0,0.0,92.65350196775549,74.32981877148036,95.32883205230439,86.59325456046874,71.27583581403321,67.4690108537039,0.0,0.0,0.0,0.0,0.0,0.0,0.0,0.0,0.0,0.0,0.0
108,108,69.30202575961655,0.0,71.78243939389013,0.0,0.0,0.0,0.0,0.0,92.88007636108934,73.1367703181582,97.4574127500468,86.55645986796179,73.69267946383987,69.11689369346612,0.0,0.0,0.0,0.0,0.0,0.0,0.0,0.0,0.0,0.0,0.0
109,109,69.11457778219628,0.0,73.09174294643412,0.0,0.0,0.0,0.0,0.0,91.87871605379185,73.26356622921524,96.50378649371203,88.56299272128402,72.77990471410925,69.9439636247423,0.0,0.0,0.0,0.0,0.0,0.0,0.0,0.0,0.0,0.0,0.0
110,110,68.47780511732346,0.0,70.97880912697521,0.0,0.0,0.0,0.0,0.0,91.3109823809545,72.97590592925133,96.22497666842091,87.84811866074818,74.78353244554856,68.97896052097803,65.21071337762582,0.0,0.0,0.0,0.0,0.0,0.0,0.0,0.0,0.0,0.0
111,111,69.49797367165623,0.0,69.52683259712012,0.0,0.0,0.0,0.0,0.0,93.94300891508198,75.02948596718211,95.92761974926258,86.82124196165039,73.81021233029247,67.76039892599675,64.66036844029321,0.0,0.0,0.0,0.0,0.0,0.0,0.0,0.0,0.0,0.0
112,112,68.87550284829288,0.0,69.1617644983435,0.0,0.0,0.0,0.0,0.0,93.07811836119119,71.21329489610847,95.66107171153274,88.55649923023142,73.99948885130314,68.43825595082077,66.91996777033262,0.0,0.0,0.0,0.0,0.0,0.0,0.0,0.0,0.0,0.0
113,113,68.8934141794982,0.0,70.43005313868439,0.0,0.0,0.0,0.0,0.0,90.18508544392101,72.06685168221217,96.3022582258198,89.19435151772555,75.27952457205267,70.76125601676878,66.11576510259427,0.0,0.0,0.0,0.0,0.0,0.0,0.0,0.0,0.0,0.0
114,114,67.07940078266455,0.0,70.56253752983845,0.0,0.0,0.0,0.0,0.0,90.47946736562972,72.5241076466452,98.52602628152547,88.68344928033304,75.4101820884601,69.7666117423091,66.53054284360391,0.0,0.0,0.0,0.0,0.0,0.0,0.0,0.0,0.0,0.0
115,115,67.84670588122006,0.0,68.13484004857278,0.0,0.0,0.0,0.0,0.0,88.64649087039706,71.98071002880089,96.30881211750864,88.41603986898474,75.34080564233577,69.978807065693,66.80585660011475,0.0,0.0,0.0,0.0,0.0,0.0,0.0,0.0,0.0,0.0
116,116,67.4631603653192,0.0,67.17792327243194,0.0,0.0,0.0,0.0,0.0,91.1467589631135,73.49563842174405,97.50743600871728,90.41307580448921,75.5931535980172,70.32611147497175,66.92197099388594,0.0,0.0,0.0,0.0,0.0,0.0,0.0,0.0,0.0,0.0
117,117,68.75448703025556,0.0,69.61309744703198,0.0,0.0,0.0,0.0,0.0,91.24015676160299,71.45634695379718,95.99145626383125,91.20938527265703,78.80569878957914,70.31895282687387,68.33318935153294,0.0,0.0,0.0,0.0,0.0,0.0,0.0,0.0,0.0,0.0
118,118,67.45379726337414,0.0,66.78096419194867,0.0,0.0,0.0,0.0,0.0,87.72331398360049,74.85497042091615,96.6183738671272,89.43313420896517,78.60393935313175,73.71792983313235,66.8679434527852,0.0,0.0,0.0,0.0,0.0,0.0,0.0,0.0,0.0,0.0
119,119,64.47052180562191,0.0,67.63136867237999,0.0,0.0,0.0,0.0,0.0,90.17265156373081,71.18831545731189,97.67903328074195,90.33884192831074,78.91047776557188,72.71923741668813,66.4496882158776,0.0,0.0,0.0,0.0,0.0,0.0,0.0,0.0,0.0,0.0
120,120,68.24183937746942,0.0,67.5837692003351,0.0,0.0,0.0,0.0,0.0,89.60512378486344,69.72351766036832,98.05586250065814,91.61449911730284,75.47679868004354,73.34271020631226,67.6416111270978,0.0,0.0,0.0,0.0,0.0,0.0,0.0,0.0,0.0,0.0
121,121,64.39550234622702,0.0,66.27641432694027,0.0,0.0,0.0,0.0,0.0,90.05149662447295,70.51935867078674,96.6724924567637,89.4091629053902,77.98178180480714,74.881856104328,67.61917825213624,0.0,0.0,0.0,0.0,0.0,0.0,0.0,0.0,0.0,0.0
122,122,66.0184124213779,0.0,64.86752780465264,0.0,0.0,0.0,0.0,0.0,88.86244743316406,69.15017439147745,96.4162608547663,92.6553072411071,77.51127142064063,76.64871100897034,66.78755166723573,0.0,0.0,0.0,0.0,0.0,0.0,0.0,0.0,0.0,0.0
123,123,64.06283496390543,0.0,65.06968476630985,0.0,0.0,0.0,0.0,0.0,88.15901170134262,69.564327628215,96.71516923231638,91.37294361300857,79.15052610498894,74.40000766974323,67.40778574011223,0.0,0.0,0.0,0.0,0.0,0.0,0.0,0.0,0.0,0.0
124,124,0.0,0.0,0.0,0.0,0.0,0.0,0.0,0.0,88.2566934928415,71.37862026212684,95.45572307425432,91.28326258091468,79.03765979651573,76.36305767653953,67.68242222749133,0.0,0.0,0.0,0.0,0.0,0.0,0.0,0.0,0.0,0.0
125,125,0.0,0.0,0.0,0.0,0.0,0.0,0.0,0.0,88.70290058659235,68.29771111978235,95.33991215300891,90.65798156087148,79.97470104739276,75.91423182693974,68.7967374151793,0.0,0.0,0.0,0.0,0.0,0.0,0.0,0.0,0.0,0.0
126,126,0.0,0.0,0.0,0.0,0.0,0.0,0.0,0.0,86.73130788025742,68.01630448836644,95.92466962191179,89.34454887136602,80.240757451883,76.69273210332827,69.60616186086746,65.87289934728682,0.0,0.0,0.0,0.0,0.0,0.0,0.0,0.0,0.0
127,127,0.0,0.0,0.0,0.0,0.0,0.0,0.0,0.0,86.28689213852363,67.37313479125162,94.38762655943641,91.90035602735615,79.3020767338813,75.94253601221358,68.14605363319488,65.19474441661616,0.0,0.0,0.0,0.0,0.0,0.0,0.0,0.0,0.0
128,128,0.0,0.0,0.0,0.0,0.0,0.0,0.0,0.0,87.05790370079934,69.12645560247631,94.68912363057774,92.79595379437131,80.03624815544566,76.6752194024926,69.70662342568336,65.84623135695531,0.0,0.0,0.0,0.0,0.0,0.0,0.0,0.0,0.0
129,129,0.0,0.0,0.0,0.0,0.0,0.0,0.0,0.0,84.82924115112948,68.79335717427394,94.43857022885192,89.92751724702003,80.56824644000292,78.04637117368672,67.55373058411459,68.2375262629162,0.0,0.0,0.0,0.0,0.0,0.0,0.0,0.0,0.0
130,130,0.0,0.0,0.0,0.0,0.0,0.0,0.0,0.0,82.64892823779238,68.16538855932964,94.64694658320555,92.79381489933427,82.92415063831203,77.36377854042898,69.19303589036973,65.92815118497415,0.0,0.0,0.0,0.0,0.0,0.0,0.0,0.0,0.0
131,131,0.0,0.0,0.0,0.0,0.0,0.0,0.0,0.0,85.46399746066635,67.17516721233234,94.26473018135732,93.44581432260875,80.99122519120995,78.70103418694075,68.8513745994789,68.76689721679244,0.0,0.0,0.0,0.0,0.0,0.0,0.0,0.0,0.0
132,132,0.0,0.0,0.0,0.0,0.0,0.0,0.0,0.0,84.28070179187833,65.7606401414805,94.95375878056925,92.94550671466206,80.93388213975021,79.16409849666206,67.15652833641327,69.93291310243154,0.0,0.0,0.0,0.0,0.0,0.0,0.0,0.0,0.0
133,133,0.0,0.0,0.0,0.0,0.0,0.0,0.0,0.0,84.81268266544645,66.4398059113427,94.30807985289074,91.59781712392676,80.9561001013993,78.60457220208662,69.16373304486812,67.9531793629875,0.0,0.0,0.0,0.0,0.0,0.0,0.0,0.0,0.0
134,134,0.0,0.0,0.0,0.0,0.0,0.0,0.0,0.0,84.3554800338617,66.28457629556472,92.79174073445479,92.39292127743497,82.44526176107044,79.3884533568565,67.84025848795764,69.33040660234573,0.0,0.0,0.0,0.0,0.0,0.0,0.0,0.0,0.0
135,135,0.0,0.0,0.0,0.0,0.0,0.0,0.0,0.0,84.48366812945464,65.91718213675568,92.57131879508995,90.32603538307826,81.09478412149939,82.78083423381264,68.2661691260917,68.33454177948154,0.0,0.0,0.0,0.0,0.0,0.0,0.0,0.0,0.0
136,136,0.0,0.0,0.0,0.0,0.0,0.0,0.0,0.0,81.32429713620682,67.04136291584874,91.544514970126,93.03448958828855,83.58988487887197,80.98822958195271,68.17782933089234,69.54222573516881,0.0,0.0,0.0,0.0,0.0,0.0,0.0,0.0,0.0
137,137,0.0,0.0,0.0,0.0,0.0,0.0,0.0,0.0,81.61236862837205,65.1626258599508,92.28735259063136,93.01705113138146,82.50493199018052,80.31597386832914,66.77518639617294,69.70637597829365,0.0,0.0,0.0,0.0,0.0,0.0,0.0,0.0,0.0
138,138,0.0,0.0,0.0,0.0,0.0,0.0,0.0,0.0,82.60412370535556,65.66292385223707,91.97365481263863,92.45014747217436,83.16751598416857,81.14222711083661,67.63181720783165,69.06935914231244,0.0,0.0,0.0,0.0,0.0,0.0,0.0,0.0,0.0
139,139,0.0,0.0,0.0,0.0,0.0,0.0,0.0,0.0,80.19150925207973,0.0,93.58321841248801,93.43769113018462,83.71584421490222,82.07854361355683,68.84035846153915,70.98205289099042,0.0,0.0,0.0,0.0,0.0,0.0,0.0,0.0,0.0
140,140,0.0,0.0,0.0,0.0,0.0,0.0,0.0,0.0,80.35079059908117,0.0,91.01715631546006,93.42303231953584,83.8103611275594,81.17041277759634,70.09062317494025,70.79816597087644,0.0,0.0,0.0,0.0,0.0,0.0,0.0,0.0,0.0
141,141,0.0,0.0,0.0,0.0,0.0,0.0,0.0,0.0,79.78452767977039,0.0,90.72305598187475,91.1155475052388,84.70842538491097,83.07357143233362,69.32217858877664,70.19909640484445,0.0,0.0,0.0,0.0,0.0,0.0,0.0,0.0,0.0
142,142,0.0,0.0,0.0,0.0,0.0,0.0,0.0,0.0,78.02260326453235,0.0,91.00160413250555,91.82543598769102,84.88670985160307,83.72696004948195,69.48418660993059,71.4490072708151,0.0,0.0,0.0,0.0,0.0,0.0,0.0,0.0,0.0
143,143,0.0,0.0,0.0,0.0,0.0,0.0,0.0,0.0,79.13834890076458,0.0,89.94135680973106,93.27712544275968,85.1379332959167,84.87077221918399,68.75617461196642,71.86079983807346,0.0,0.0,0.0,0.0,0.0,0.0,0.0,0.0,0.0
144,144,0.0,0.0,0.0,0.0,0.0,0.0,0.0,0.0,78.06051558193482,0.0,89.62951793768787,92.26889589537568,87.44471204686555,85.81248745203688,69.70567909026992,72.9036667510762,0.0,0.0,0.0,0.0,0.0,0.0,0.0,0.0,0.0
145,145,0.0,0.0,0.0,0.0,0.0,0.0,0.0,0.0,76.79869663318061,0.0,90.67810108521056,91.61792289987649,84.71615451521126,85.62293844983303,70.09266087563599,73.29175307410077,0.0,0.0,0.0,0.0,0.0,0.0,0.0,0.0,0.0
146,146,0.0,0.0,0.0,0.0,0.0,0.0,0.0,0.0,77.60513688101662,0.0,88.46786206548647,91.80454565575205,84.97111423794965,85.50569494759499,69.56526710547215,74.98062053676414,0.0,0.0,0.0,0.0,0.0,0.0,0.0,0.0,0.0
147,147,0.0,0.0,0.0,0.0,0.0,0.0,0.0,0.0,77.8972358007453,0.0,88.80691248291627,90.96318226317403,85.72480781634663,84.72410865570822,69.38194208178666,74.64237860158926,0.0,0.0,0.0,0.0,0.0,0.0,0.0,0.0,0.0
148,148,0.0,0.0,0.0,0.0,0.0,0.0,0.0,0.0,77.58909177223168,0.0,89.31466816763363,93.0365445747999,84.11306450717682,85.92882932963619,70.34228697720451,74.3847757878905,0.0,0.0,0.0,0.0,0.0,0.0,0.0,0.0,0.0
149,149,0.0,0.0,0.0,0.0,0.0,0.0,0.0,0.0,77.30126943407066,0.0,87.19223065353896,91.15886245914979,86.25973386607737,86.51013283949146,70.32018905017355,75.80798103440199,0.0,0.0,0.0,0.0,0.0,0.0,0.0,0.0,0.0
150,150,0.0,0.0,0.0,0.0,0.0,0.0,0.0,0.0,76.50957418332588,0.0,87.88735516968244,91.93734247421682,86.93310296787921,88.61322408319137,69.27718249609045,75.78164505856641,0.0,0.0,0.0,0.0,0.0,0.0,0.0,0.0,0.0
151,151,0.0,0.0,0.0,0.0,0.0,0.0,0.0,0.0,73.44700379398883,0.0,87.03000795152012,90.03443761289783,88.76257522270632,86.94929287503592,70.71840369907824,75.92333257445354,0.0,0.0,0.0,0.0,0.0,0.0,0.0,0.0,0.0
152,152,0.0,0.0,0.0,0.0,0.0,0.0,0.0,0.0,74.51609772815696,0.0,85.02831822627111,91.0289540851445,88.09410389984441,88.26864251177723,69.25689076641082,77.3402615529599,0.0,0.0,0.0,0.0,0.0,0.0,0.0,0.0,0.0
153,153,0.0,0.0,0.0,0.0,0.0,0.0,0.0,0.0,75.4074928962219,0.0,84.53882806524763,91.35540435914795,85.51503222063315,88.25923312441414,69.13663351038281,77.90349319502579,0.0,0.0,0.0,0.0,0.0,0.0,0.0,0.0,0.0
154,154,0.0,0.0,0.0,0.0,0.0,0.0,0.0,0.0,73.56396382884026,0.0,85.51450436422307,91.52054785705175,87.2703055491041,88.67389257583456,69.52932967456495,78.61398420745319,0.0,0.0,0.0,0.0,0.0,0.0,0.0,0.0,0.0
155,155,0.0,0.0,0.0,0.0,0.0,0.0,0.0,0.0,73.28193403934,0.0,86.21343537020749,90.21183030406485,86.59682266523535,90.52492455316656,68.62641057129582,77.70105303982069,0.0,0.0,0.0,0.0,0.0,0.0,0.0,0.0,0.0
156,156,0.0,0.0,0.0,0.0,0.0,0.0,0.0,0.0,74.65401686092832,0.0,82.67144230519601,90.20750915015778,87.54931968377065,90.57425265469219,69.12702552956274,78.81015803113698,64.51204863022181,0.0,0.0,0.0,0.0,0.0,0.0,0.0,0.0
157,157,0.0,0.0,0.0,0.0,0.0,0.0,0.0,0.0,72.1134113807084,0.0,85.18662870018142,88.78315585728686,86.42926489275807,90.62948060726619,71.216977785654,79.19653904156573,65.21494504495728,0.0,0.0,0.0,0.0,0.0,0.0,0.0,0.0
158,158,0.0,0.0,0.0,0.0,0.0,0.0,0.0,0.0,71.72201734892036,0.0,84.7434093335543,89.69653086472648,88.95118484092102,91.38116128354112,66.79552274532574,78.8854517008454,65.65915021954403,0.0,0.0,0.0,0.0,0.0,0.0,0.0,0.0
159,159,0.0,0.0,0.0,0.0,0.0,0.0,0.0,0.0,72.8951747022906,0.0,82.37565780489379,87.93504628648687,85.2793454276273,91.30124723573871,70.82753572013682,79.84531316453149,68.9643991523499,0.0,0.0,0.0,0.0,0.0,0.0,0.0,0.0
160,160,0.0,0.0,0.0,0.0,0.0,0.0,0.0,0.0,71.64190568164157,0.0,82.93310372445212,88.3069189462147,86.06909052546517,90.19831427549092,69.73826763183219,81.01167215956343,66.87647009730021,0.0,0.0,0.0,0.0,0.0,0.0,0.0,0.0
161,161,0.0,0.0,0.0,0.0,0.0,0.0,0.0,0.0,69.77272319927374,0.0,83.04911383162901,90.65821704693829,88.66568874195934,91.07078541501082,69.5797869370911,83.13307878427976,69.34743955358674,0.0,0.0,0.0,0.0,0.0,0.0,0.0,0.0
162,162,0.0,0.0,0.0,0.0,0.0,0.0,0.0,0.0,69.53953174246139,0.0,82.71025080358261,87.25737884984447,88.50067095311908,92.14680592355677,68.86502610303712,81.44451968936004,68.36164428539595,0.0,0.0,0.0,0.0,0.0,0.0,0.0,0.0
163,163,0.0,0.0,0.0,0.0,0.0,0.0,0.0,0.0,70.67961991441183,0.0,81.68416361411388,87.33418777895062,87.3992993415611,92.43116625344051,69.19101399822304,83.30222687522303,65.15007047619132,0.0,0.0,0.0,0.0,0.0,0.0,0.0,0.0
164,164,0.0,0.0,0.0,0.0,0.0,0.0,0.0,0.0,72.04118669148828,0.0,82.30520960626465,88.10154532251782,86.43920036752792,91.1959121050748,68.01939112863765,82.50707419713926,68.52597213066969,0.0,0.0,0.0,0.0,0.0,0.0,0.0,0.0
165,165,0.0,0.0,0.0,0.0,0.0,0.0,0.0,0.0,69.49824976311142,0.0,80.13698721634628,85.89928925595267,88.02259150993339,94.08635698521567,68.31814733461516,81.53568945911678,68.39486243774734,0.0,0.0,0.0,0.0,0.0,0.0,0.0,0.0
166,166,0.0,0.0,0.0,0.0,0.0,0.0,0.0,0.0,68.18559053693664,0.0,81.4687607401193,86.71515695473731,87.1681209986162,93.33527519091447,67.41381547818023,81.51380443316688,68.3069323595821,0.0,0.0,0.0,0.0,0.0,0.0,0.0,0.0
167,167,0.0,0.0,0.0,0.0,0.0,0.0,0.0,0.0,69.0668825056236,0.0,80.33858436303117,86.05642734795933,87.90081546172848,91.8806960404206,68.65508527519407,84.14461128529949,68.1565452594132,0.0,0.0,0.0,0.0,0.0,0.0,0.0,0.0
168,168,0.0,0.0,0.0,0.0,0.0,0.0,0.0,0.0,66.30110758234069,0.0,78.85520490684547,84.41956257721513,86.32291527102657,93.4380899343666,68.85098756481837,84.56731850918794,70.0310490667852,0.0,0.0,0.0,0.0,0.0,0.0,0.0,0.0
169,169,0.0,0.0,0.0,0.0,0.0,0.0,0.0,0.0,69.17314098895892,0.0,80.02348794433277,86.22293630370278,87.71333808747059,92.77799194905609,68.5425835969192,84.91096178177635,68.5599054688811,0.0,0.0,0.0,0.0,0.0,0.0,0.0,0.0
170,170,0.0,0.0,0.0,0.0,0.0,0.0,0.0,0.0,67.21477730469562,0.0,78.13241826382261,86.52669062484608,89.98185824048761,93.91605966421423,69.19964289214464,86.32858313503677,71.36664470856671,0.0,0.0,0.0,0.0,0.0,0.0,0.0,0.0
171,171,0.0,0.0,0.0,0.0,0.0,0.0,0.0,0.0,66.95513954075716,0.0,77.59247397152852,84.4213027906306,88.3522823262638,96.27453693152223,69.432306973859,84.30171262636155,69.9194488782427,0.0,0.0,0.0,0.0,0.0,0.0,0.0,0.0
172,172,0.0,0.0,0.0,0.0,0.0,0.0,0.0,0.0,66.47826323197863,0.0,78.76807645682743,84.80174225200655,89.05381441162027,94.1274831827189,67.81199506241248,84.91974898489788,71.02130844828682,0.0,0.0,0.0,0.0,0.0,0.0,0.0,0.0
173,173,0.0,0.0,0.0,0.0,0.0,0.0,0.0,0.0,66.27324500785173,0.0,78.72649151573113,82.49185400189319,86.50214778966424,96.0398190265223,65.46025629678101,86.60142270684194,72.45310815989,0.0,0.0,0.0,0.0,0.0,0.0,0.0,0.0
174,174,0.0,0.0,0.0,0.0,0.0,0.0,0.0,0.0,66.01828872845542,0.0,76.9088947775533,84.8123150886543,89.7141488196319,92.6276621621696,68.21569546500916,87.66999504448363,71.5432260875864,0.0,0.0,0.0,0.0,0.0,0.0,0.0,0.0
175,175,0.0,0.0,0.0,0.0,0.0,0.0,0.0,0.0,65.40536371449981,0.0,75.69806742825261,82.68777885555892,87.16483069670733,96.1073124691512,67.03566225131414,86.97797544317577,72.74536131153174,0.0,0.0,0.0,0.0,0.0,0.0,0.0,0.0
176,176,0.0,0.0,0.0,0.0,0.0,0.0,0.0,0.0,0.0,0.0,74.76869291736234,83.78752907966955,91.55360541377951,93.57122695527461,68.18960582923468,87.64936459637049,72.50634399095271,0.0,0.0,0.0,0.0,0.0,0.0,0.0,0.0
177,177,0.0,0.0,0.0,0.0,0.0,0.0,0.0,0.0,0.0,0.0,75.9023688540565,83.19682047282286,86.99685025605359,96.66939703078263,67.0360773752502,89.77799506184874,72.51281821259344,0.0,0.0,0.0,0.0,0.0,0.0,0.0,0.0
178,178,0.0,0.0,0.0,0.0,0.0,0.0,0.0,0.0,0.0,0.0,75.66718164719767,83.0938950146691,87.71745563260366,96.19407937572034,66.42141805029591,87.8919305505102,73.18207321717938,0.0,0.0,0.0,0.0,0.0,0.0,0.0,0.0
179,179,0.0,0.0,0.0,0.0,0.0,0.0,0.0,0.0,0.0,0.0,73.07060394720527,80.65163495102051,85.58313582347442,95.53285876379773,68.13790995216708,89.00372111875618,73.76392463723936,0.0,0.0,0.0,0.0,0.0,0.0,0.0,0.0
180,180,0.0,0.0,0.0,0.0,0.0,0.0,0.0,0.0,0.0,0.0,73.72497205249987,80.50959606220586,86.49966553482201,95.53026007158647,68.07553790931391,90.40132551001113,74.2623552621241,0.0,0.0,0.0,0.0,0.0,0.0,0.0,0.0
181,181,0.0,0.0,0.0,0.0,0.0,0.0,0.0,0.0,0.0,0.0,72.67944065401237,81.25362486251638,84.57966914906538,96.44511005476632,67.54487964938735,89.63575230235963,73.05818984801024,62.771675314800305,0.0,0.0,0.0,0.0,0.0,0.0,0.0
182,182,0.0,0.0,0.0,0.0,0.0,0.0,0.0,0.0,0.0,0.0,72.70496674725557,79.96484217235715,87.26215505056938,95.89381221049419,66.3417623250478,92.1015070945695,73.47322478080372,66.47278254123164,0.0,0.0,0.0,0.0,0.0,0.0,0.0
183,183,0.0,0.0,0.0,0.0,0.0,0.0,0.0,0.0,0.0,0.0,72.91438182281168,80.52157447293894,85.51524701366608,96.97874552465382,66.04639209430937,90.3758172414003,73.73276425370389,66.46391264573188,0.0,0.0,0.0,0.0,0.0,0.0,0.0
184,184,0.0,0.0,0.0,0.0,0.0,0.0,0.0,0.0,0.0,0.0,72.4168564999558,79.20356489243963,85.6428739942214,96.8648716904097,66.29093067360341,89.6693934138325,73.27953998103726,66.84358883092249,0.0,0.0,0.0,0.0,0.0,0.0,0.0
185,185,0.0,0.0,0.0,0.0,0.0,0.0,0.0,0.0,0.0,0.0,72.74765947789734,79.32923311905967,88.79861240254667,97.02059605641983,67.22548115966592,90.47342447097341,78.88569289274838,67.00890989162141,0.0,0.0,0.0,0.0,0.0,0.0,0.0
186,186,0.0,0.0,0.0,0.0,0.0,0.0,0.0,0.0,0.0,0.0,70.37370408031227,80.08763778624609,85.54415497015022,96.15488270960847,65.00241435445578,90.13552146373141,77.23250313439911,66.92131867614498,0.0,0.0,0.0,0.0,0.0,0.0,0.0
187,187,0.0,0.0,0.0,0.0,0.0,0.0,0.0,0.0,0.0,0.0,71.55352620365775,77.59353002130152,86.3432225475955,95.6226583758315,67.52672191530158,91.52383792901323,76.78278543510444,66.8412925502404,0.0,0.0,0.0,0.0,0.0,0.0,0.0
188,188,0.0,0.0,0.0,0.0,0.0,0.0,0.0,0.0,0.0,0.0,68.57696081062574,77.68150080513364,85.47495889381756,95.91278979865741,65.5948901761899,93.0705549958105,77.6139155011944,67.80808367863703,0.0,0.0,0.0,0.0,0.0,0.0,0.0
189,189,0.0,0.0,0.0,0.0,0.0,0.0,0.0,0.0,0.0,0.0,70.52488387208876,79.77204590108455,85.74567071239825,96.43815820474363,65.24222912785089,90.93892845048032,78.14824550374983,70.41223860981644,0.0,0.0,0.0,0.0,0.0,0.0,0.0
190,190,0.0,0.0,0.0,0.0,0.0,0.0,0.0,0.0,0.0,0.0,68.01207862527933,78.03872769762908,84.88097878737436,97.32085148257808,63.94185915200595,92.54303342766907,77.99407257330205,68.95222140149333,0.0,0.0,0.0,0.0,0.0,0.0,0.0
191,191,0.0,0.0,0.0,0.0,0.0,0.0,0.0,0.0,0.0,0.0,68.36083407227754,77.65502299523203,83.0470463487151,95.21992421552316,0.0,92.29946322561423,77.14735721050035,69.00875675492797,0.0,0.0,0.0,0.0,0.0,0.0,0.0
192,192,0.0,0.0,0.0,0.0,0.0,0.0,0.0,0.0,0.0,0.0,67.07842887030431,76.06175025063993,83.42955115172919,96.13187480360669,0.0,92.49516219694051,78.8245270224198,69.57007419838577,0.0,0.0,0.0,0.0,0.0,0.0,0.0
193,193,0.0,0.0,0.0,0.0,0.0,0.0,0.0,0.0,0.0,0.0,66.9067642466604,74.920396550746,84.2920343948896,96.51649367616285,0.0,91.76174836274035,78.93071616952557,69.76813540813247,0.0,0.0,0.0,0.0,0.0,0.0,0.0
194,194,0.0,0.0,0.0,0.0,0.0,0.0,0.0,0.0,0.0,0.0,67.05651097635439,74.79849518788266,84.82827175334891,96.57765249946164,0.0,92.97737148809172,78.39722386155458,70.31825783642876,0.0,0.0,0.0,0.0,0.0,0.0,0.0
195,195,0.0,0.0,0.0,0.0,0.0,0.0,0.0,0.0,0.0,0.0,68.03119412572354,74.48625756685978,83.11212439793469,97.90880180219759,0.0,93.97613064355261,78.17975849849586,72.34420203801882,0.0,0.0,0.0,0.0,0.0,0.0,0.0
196,196,0.0,0.0,0.0,0.0,0.0,0.0,0.0,0.0,0.0,0.0,66.10414399911902,72.57802403155554,83.31831150941822,95.24483676538583,0.0,95.10272921705132,81.19728917862464,71.96221946773282,0.0,0.0,0.0,0.0,0.0,0.0,0.0
197,197,0.0,0.0,0.0,0.0,0.0,0.0,0.0,0.0,0.0,0.0,64.53076720090125,75.00863971067321,84.71704127668797,96.28340439787392,0.0,93.35359373980401,79.34386850922611,73.30233120302935,0.0,0.0,0.0,0.0,0.0,0.0,0.0
198,198,0.0,0.0,0.0,0.0,0.0,0.0,0.0,0.0,0.0,0.0,65.52131912467779,75.5433265849396,82.38320706585954,94.84181221167916,0.0,93.89317182270223,79.72870167823581,73.09653945523178,0.0,0.0,0.0,0.0,0.0,0.0,0.0
199,199,0.0,0.0,0.0,0.0,0.0,0.0,0.0,0.0,0.0,0.0,66.24819440991591,72.40104509738761,82.14077329755091,96.08090496964127,0.0,95.5173205877494,79.49114801920483,73.44323537660574,0.0,0.0,0.0,0.0,0.0,0.0,0.0
200,200,0.0,0.0,0.0,0.0,0.0,0.0,0.0,0.0,0.0,0.0,0.0,72.70650549601469,81.71828182160013,94.43150336606378,0.0,95.31498330292114,81.15216879683798,74.94016685587542,64.48438580630777,63.0664866198008,0.0,0.0,0.0,0.0,0.0
201,201,0.0,0.0,0.0,0.0,0.0,0.0,0.0,0.0,0.0,0.0,0.0,71.61745068310712,82.6992325034216,98.34393780978428,0.0,94.92565119719043,81.3078865683208,74.61786669613794,64.6250591825051,65.67803503278894,0.0,0.0,0.0,0.0,0.0
202,202,0.0,0.0,0.0,0.0,0.0,0.0,0.0,0.0,0.0,0.0,0.0,72.34181326668093,82.55057256027457,94.36275852857821,0.0,96.64027406231065,81.02335536432251,73.61413449916442,66.11535533055466,65.71388717323138,0.0,0.0,0.0,0.0,0.0
203,203,0.0,0.0,0.0,0.0,0.0,0.0,0.0,0.0,0.0,0.0,0.0,72.66139886187861,80.25710060698607,95.01611310167569,0.0,96.61420568435398,81.05784015062464,72.86494095756265,66.35626273956485,66.24310345197334,0.0,0.0,0.0,0.0,0.0
204,204,0.0,0.0,0.0,0.0,0.0,0.0,0.0,0.0,0.0,0.0,0.0,71.18749696039964,81.30742633587094,95.46995624858829,0.0,95.07740267586695,82.87486102820144,75.32695309180669,66.48768885644706,66.68602401881772,0.0,0.0,0.0,0.0,0.0
205,205,0.0,0.0,0.0,0.0,0.0,0.0,0.0,0.0,0.0,0.0,0.0,71.87701660843406,81.89948543421974,94.68839558663858,0.0,94.1187202325034,82.40568522356936,75.89870446677065,66.34950774481797,66.50836133862661,0.0,0.0,0.0,0.0,0.0
206,206,0.0,0.0,0.0,0.0,0.0,0.0,0.0,0.0,0.0,0.0,0.0,69.9316180802496,79.53583976412928,93.35996382814564,0.0,97.90343950009402,82.03967059353046,75.37815595231326,67.11156948951604,65.83560921539582,0.0,0.0,0.0,0.0,0.0
207,207,0.0,0.0,0.0,0.0,0.0,0.0,0.0,0.0,0.0,0.0,0.0,69.65939092470283,79.22326074510534,93.75541320436555,0.0,95.36363501532742,83.03840499712003,75.93408371713505,69.92097548983496,67.35282426301305,0.0,0.0,0.0,0.0,0.0
208,208,0.0,0.0,0.0,0.0,0.0,0.0,0.0,0.0,0.0,0.0,0.0,68.89105108326984,80.04713862337285,93.20844893549267,0.0,97.25187735658254,83.57774133947808,77.6626123344114,69.82988897886808,68.06500391691588,0.0,0.0,0.0,0.0,0.0
209,209,0.0,0.0,0.0,0.0,0.0,0.0,0.0,0.0,0.0,0.0,0.0,69.76413844254314,78.52849760578617,93.23736598259977,0.0,97.1977982450233,84.81741087973576,77.62625606396412,69.03177734324531,68.32086192472731,0.0,0.0,0.0,0.0,0.0
210,210,0.0,0.0,0.0,0.0,0.0,0.0,0.0,0.0,0.0,0.0,0.0,68.41057963753791,78.80036655309812,93.10393692620767,0.0,96.01785132337258,83.95440758066434,76.02114176825928,69.29318829905894,67.58192624721504,0.0,0.0,0.0,0.0,0.0
211,211,0.0,0.0,0.0,0.0,0.0,0.0,0.0,0.0,0.0,0.0,0.0,68.23841443748233,79.22792578485473,91.93533347220125,0.0,95.10223673321791,84.70731038302614,80.40400070476666,69.0115258483421,67.19950914655817,0.0,0.0,0.0,0.0,0.0
212,212,0.0,0.0,0.0,0.0,0.0,0.0,0.0,0.0,0.0,0.0,0.0,67.84821770825094,77.3568761002719,94.8733948291415,0.0,96.54945442646859,83.6687973351493,78.45358147142909,70.25492850107786,67.01773016368594,0.0,0.0,0.0,0.0,0.0
213,213,0.0,0.0,0.0,0.0,0.0,0.0,0.0,0.0,0.0,0.0,0.0,68.18937093086066,79.0158849336742,90.62208080002108,0.0,97.02022792006352,83.78970115471421,77.50941274937787,72.5836502532356,68.97001353631255,0.0,0.0,0.0,0.0,0.0
214,214,0.0,0.0,0.0,0.0,0.0,0.0,0.0,0.0,0.0,0.0,0.0,66.37310830998204,77.46234025839445,91.38437752906808,0.0,96.3387907711033,84.01556667203806,80.18800129649975,71.20764819805639,66.91542436564575,0.0,0.0,0.0,0.0,0.0
215,215,0.0,0.0,0.0,0.0,0.0,0.0,0.0,0.0,0.0,0.0,0.0,65.31741428629334,77.84159933530383,90.95499378176886,0.0,95.21594822029985,83.4807307714332,80.71551920167549,71.24871095713186,68.88721066853992,0.0,0.0,0.0,0.0,0.0
216,216,0.0,0.0,0.0,0.0,0.0,0.0,0.0,0.0,0.0,0.0,0.0,66.23501485897138,77.72736066819654,89.45026060073755,0.0,96.60565808175903,85.14205694517108,80.30862429135328,71.13005902051886,67.92645942651471,0.0,0.0,0.0,0.0,0.0
217,217,0.0,0.0,0.0,0.0,0.0,0.0,0.0,0.0,0.0,0.0,0.0,65.31921983509763,74.19117445454698,88.34506997321864,0.0,96.56931182240145,85.86474385191582,81.10009606559399,72.01908097428841,67.21475234288025,0.0,0.0,0.0,0.0,0.0
218,218,0.0,0.0,0.0,0.0,0.0,0.0,0.0,0.0,0.0,0.0,0.0,65.33910999589159,75.018272630503,89.09588100824436,0.0,94.57976528294843,84.92474121283362,80.65407120835876,72.46679616971984,70.19805700420888,0.0,0.0,0.0,0.0,0.0
219,219,0.0,0.0,0.0,0.0,0.0,0.0,0.0,0.0,0.0,0.0,0.0,0.0,76.71815024327162,90.53404006514488,0.0,97.03728810827658,85.0241695830068,81.74559653923428,72.64933201578906,71.06586317319906,0.0,0.0,0.0,0.0,0.0
220,220,0.0,0.0,0.0,0.0,0.0,0.0,0.0,0.0,0.0,0.0,0.0,0.0,73.4353114607678,90.07729450128227,0.0,95.85104831296123,83.57829564604364,81.16863410129011,72.75538044163342,71.28883064044082,0.0,0.0,0.0,0.0,0.0
221,221,0.0,0.0,0.0,0.0,0.0,0.0,0.0,0.0,0.0,0.0,0.0,0.0,75.91007017829389,89.21479064372767,0.0,95.93047594845787,87.48735728927352,82.97560703686386,75.78484446067397,69.59946242821384,0.0,0.0,0.0,0.0,0.0
222,222,0.0,0.0,0.0,0.0,0.0,0.0,0.0,0.0,0.0,0.0,0.0,0.0,74.55032480557968,88.02319542366871,0.0,96.9347134180686,86.49055908600005,83.07348712550476,75.62922621821826,68.71635484084513,0.0,0.0,0.0,0.0,0.0
223,223,0.0,0.0,0.0,0.0,0.0,0.0,0.0,0.0,0.0,0.0,0.0,0.0,73.22309491075043,87.44877262269442,0.0,96.87755725303782,86.10033957076472,84.70939551391086,74.03948000063907,70.50486718839304,0.0,0.0,0.0,0.0,0.0
224,224,0.0,0.0,0.0,0.0,0.0,0.0,0.0,0.0,0.0,0.0,0.0,0.0,73.07625267030043,86.62395470511785,0.0,98.3725935707894,85.78285164822877,82.36351287102966,75.86987721572316,70.18128221511232,0.0,0.0,0.0,0.0,0.0
225,225,0.0,0.0,0.0,0.0,0.0,0.0,0.0,0.0,0.0,0.0,0.0,0.0,71.66983248533948,88.05434461335497,0.0,94.26286364624356,86.71578690723304,85.75818951319344,75.03197853792486,69.69424889813585,0.0,0.0,0.0,0.0,0.0
226,226,0.0,0.0,0.0,0.0,0.0,0.0,0.0,0.0,0.0,0.0,0.0,0.0,69.42148079513366,87.09880486361924,0.0,96.98776319757215,87.35029887515874,84.80591214358432,77.46788639170377,69.39706782975092,64.28683790874997,0.0,0.0,0.0,0.0
227,227,0.0,0.0,0.0,0.0,0.0,0.0,0.0,0.0,0.0,0.0,0.0,0.0,71.89874232415677,85.75509275240178,0.0,93.86718643260166,86.06227201140231,84.77312193078673,76.22136676543664,70.5323740570182,65.9865593159687,0.0,0.0,0.0,0.0
228,228,0.0,0.0,0.0,0.0,0.0,0.0,0.0,0.0,0.0,0.0,0.0,0.0,71.86451711264642,85.61112717169213,0.0,95.42886485058378,86.16271884369336,86.30240411883824,78.08226789334125,72.56197413410142,65.26298867539579,0.0,0.0,0.0,0.0
229,229,0.0,0.0,0.0,0.0,0.0,0.0,0.0,0.0,0.0,0.0,0.0,0.0,70.23773152654786,86.38597649457236,0.0,94.46016845771868,85.9050121414738,85.22980129093933,77.68633829679455,70.29704145787653,65.29055608865417,0.0,0.0,0.0,0.0
230,230,0.0,0.0,0.0,0.0,0.0,0.0,0.0,0.0,0.0,0.0,0.0,0.0,70.95094634557573,86.29684952499801,0.0,95.12266484911437,86.58735483418674,85.60527454121541,79.69703776288307,70.03175322698688,68.69820823950674,0.0,0.0,0.0,0.0
231,231,0.0,0.0,0.0,0.0,0.0,0.0,0.0,0.0,0.0,0.0,0.0,0.0,70.98634515659943,85.16778630922646,0.0,94.12719567303085,86.86277537089315,86.82598708386993,79.34661456478847,70.62437647792949,68.25541677238597,0.0,0.0,0.0,0.0
232,232,0.0,0.0,0.0,0.0,0.0,0.0,0.0,0.0,0.0,0.0,0.0,0.0,68.72814461211398,82.08981984412738,0.0,92.39619936143643,86.06988380901674,86.16261384596974,81.11492116792546,70.58012027100892,68.30004586490568,0.0,0.0,0.0,0.0
233,233,0.0,0.0,0.0,0.0,0.0,0.0,0.0,0.0,0.0,0.0,0.0,0.0,68.34361104097059,86.02453840021425,0.0,95.04712869391014,84.78950558508039,86.11141474963595,80.69914473798961,71.26211120082607,67.5238183073559,0.0,0.0,0.0,0.0
234,234,0.0,0.0,0.0,0.0,0.0,0.0,0.0,0.0,0.0,0.0,0.0,0.0,69.99684544655183,83.54537687904926,0.0,93.51618514915234,86.06801193648622,86.25186258083268,81.29869671470453,70.48680396146246,69.06914778722536,0.0,0.0,0.0,0.0
235,235,0.0,0.0,0.0,0.0,0.0,0.0,0.0,0.0,0.0,0.0,0.0,0.0,69.76971494430752,84.10715741252156,0.0,92.73573081835944,85.0434150487292,87.3597696215389,80.50209887964357,70.41694624145096,67.9892028067708,0.0,0.0,0.0,0.0
236,236,0.0,0.0,0.0,0.0,0.0,0.0,0.0,0.0,0.0,0.0,0.0,0.0,68.03057420768883,83.14793727660403,0.0,93.73871066037431,85.93902644383644,89.533264553001,80.66613863004446,71.37089800342223,68.36759635015673,0.0,0.0,0.0,0.0
237,237,0.0,0.0,0.0,0.0,0.0,0.0,0.0,0.0,0.0,0.0,0.0,0.0,67.78557613600132,81.08525821005865,0.0,93.98876757492232,85.93247645647747,88.91532057782086,82.65855323735835,71.76283389139458,69.69558411617513,0.0,0.0,0.0,0.0
238,238,0.0,0.0,0.0,0.0,0.0,0.0,0.0,0.0,0.0,0.0,0.0,0.0,68.36959873846473,80.24541754700817,0.0,90.83039028571616,84.79270285504745,88.31851295842095,81.31122347646945,72.36451933632597,71.1235625296705,0.0,0.0,0.0,0.0
239,239,0.0,0.0,0.0,0.0,0.0,0.0,0.0,0.0,0.0,0.0,0.0,0.0,67.51466006893773,81.35908109432458,0.0,92.63442597518656,85.47701210933002,87.89104678896894,82.27436370304642,73.7515045911919,71.52882963200659,0.0,0.0,0.0,0.0
240,240,0.0,0.0,0.0,0.0,0.0,0.0,0.0,0.0,0.0,0.0,0.0,0.0,65.53099485261208,80.43728175472272,0.0,91.75237658761856,84.80864522577905,90.07484025614502,83.10182313397046,72.65101157485965,71.32506520608722,0.0,0.0,0.0,0.0
241,241,0.0,0.0,0.0,0.0,0.0,0.0,0.0,0.0,0.0,0.0,0.0,0.0,66.0274881517085,78.71488628702761,0.0,93.25901186841135,86.07800128387429,88.50758717733848,84.33877807689727,71.87095338288655,72.56199877122528,0.0,0.0,0.0,0.0
242,242,0.0,0.0,0.0,0.0,0.0,0.0,0.0,0.0,0.0,0.0,0.0,0.0,65.61407794936962,81.87274207965739,0.0,90.07169634423657,85.42747769047895,90.44323222853545,84.74162491084903,71.96610116571581,72.55806892141415,0.0,0.0,0.0,0.0
243,243,0.0,0.0,0.0,0.0,0.0,0.0,0.0,0.0,0.0,0.0,0.0,0.0,65.16831690758039,80.37621872120035,0.0,88.45014527662424,86.79623596537637,89.523109973474,84.00565375338168,71.58467071672015,73.14275401154879,0.0,0.0,0.0,0.0
244,244,0.0,0.0,0.0,0.0,0.0,0.0,0.0,0.0,0.0,0.0,0.0,0.0,65.96921177551818,77.79074551291754,0.0,89.40515681415799,85.21287489637932,89.0968782457854,83.27914724880296,71.32047919233509,72.14806277260345,0.0,0.0,0.0,0.0
245,245,0.0,0.0,0.0,0.0,0.0,0.0,0.0,0.0,0.0,0.0,0.0,0.0,64.46859617801985,78.91432301122752,0.0,87.39918873419549,85.3881113610876,92.36415510161335,83.35270662133166,72.79876658502536,71.62971732410345,0.0,0.0,0.0,0.0
246,246,0.0,0.0,0.0,0.0,0.0,0.0,0.0,0.0,0.0,0.0,0.0,0.0,0.0,75.81183855013246,0.0,88.73220059006675,85.27928928336982,91.0795554624631,86.80627355653199,72.05026054313845,73.61229258615587,0.0,0.0,0.0,0.0
247,247,0.0,0.0,0.0,0.0,0.0,0.0,0.0,0.0,0.0,0.0,0.0,0.0,0.0,77.97527884882061,0.0,88.98277906757143,86.08969232673,91.43569748091342,87.49535884668445,71.0886292497028,71.94840011073885,0.0,0.0,0.0,0.0
248,248,0.0,0.0,0.0,0.0,0.0,0.0,0.0,0.0,0.0,0.0,0.0,0.0,0.0,77.01747670840173,0.0,88.27611044503064,84.05862970845358,91.92209076360844,88.98662809578839,70.49293724146025,76.78786130640475,0.0,0.0,0.0,0.0
249,249,0.0,0.0,0.0,0.0,0.0,0.0,0.0,0.0,0.0,0.0,0.0,0.0,0.0,75.39588408957748,0.0,88.19027737614765,85.04526254415822,93.71896411689832,87.89733261006577,70.38036660628593,74.81433419190066,0.0,0.0,0.0,0.0
250,250,0.0,0.0,0.0,0.0,0.0,0.0,0.0,0.0,0.0,0.0,0.0,0.0,0.0,75.57612736346958,0.0,87.01933402637891,84.59996100409634,92.34164602934501,86.74970396623691,73.54764935459067,77.37068290706071,0.0,0.0,0.0,0.0
251,251,0.0,0.0,0.0,0.0,0.0,0.0,0.0,0.0,0.0,0.0,0.0,0.0,0.0,75.85781295371572,0.0,85.3442650691886,84.68435627246905,90.9339747656499,86.70753363547281,70.00603917710704,76.22379033223014,0.0,0.0,0.0,0.0
252,252,0.0,0.0,0.0,0.0,0.0,0.0,0.0,0.0,0.0,0.0,0.0,0.0,0.0,74.63312599660559,0.0,85.392805185989,85.61924430171014,91.21068332034959,88.15634594862796,72.43555603009762,77.15194872761761,0.0,0.0,0.0,0.0
253,253,0.0,0.0,0.0,0.0,0.0,0.0,0.0,0.0,0.0,0.0,0.0,0.0,0.0,76.24537014162335,0.0,86.76925002775725,84.41093662707549,91.58873814110596,89.77706271406063,72.1541116839141,78.15017373288174,0.0,0.0,0.0,0.0
254,254,0.0,0.0,0.0,0.0,0.0,0.0,0.0,0.0,0.0,0.0,0.0,0.0,0.0,74.77521223307326,0.0,82.8067437776704,84.53596334880326,91.0882421632669,90.68749636830036,71.7595795489949,79.95811968671187,0.0,0.0,0.0,0.0
255,255,0.0,0.0,0.0,0.0,0.0,0.0,0.0,0.0,0.0,0.0,0.0,0.0,0.0,73.5638384767463,0.0,85.47352158184486,84.0139061217153,89.93712497732672,90.1533174918503,69.61972525444403,76.9169635608391,0.0,0.0,0.0,0.0
256,256,0.0,0.0,0.0,0.0,0.0,0.0,0.0,0.0,0.0,0.0,0.0,0.0,0.0,73.56025154979291,0.0,85.12943090618766,84.33187022062982,93.0140918392165,90.0598706735759,72.3015274006917,78.03157581135133,0.0,0.0,0.0,0.0
257,257,0.0,0.0,0.0,0.0,0.0,0.0,0.0,0.0,0.0,0.0,0.0,0.0,0.0,73.56145082292313,0.0,84.23599688835378,83.24735445200928,93.45248859809323,91.82591813472654,72.35621873697507,78.9097050753143,0.0,0.0,0.0,0.0
258,258,0.0,0.0,0.0,0.0,0.0,0.0,0.0,0.0,0.0,0.0,0.0,0.0,0.0,72.76239133426425,0.0,83.77938145072022,82.04960713013222,94.00037269657157,91.80482313080677,70.49070908168873,81.01069611265248,0.0,0.0,0.0,0.0
259,259,0.0,0.0,0.0,0.0,0.0,0.0,0.0,0.0,0.0,0.0,0.0,0.0,0.0,70.96122209579964,0.0,83.05870671252032,82.87602294730885,93.64266976420626,91.87652228529949,71.05485403204439,79.72527075942688,0.0,0.0,0.0,0.0
260,260,0.0,0.0,0.0,0.0,0.0,0.0,0.0,0.0,0.0,0.0,0.0,0.0,0.0,71.35985154649991,0.0,82.99783599139495,83.11340206783899,94.04898139872316,93.01193741273016,71.32120126452304,80.04612051276186,0.0,0.0,0.0,0.0
261,261,0.0,0.0,0.0,0.0,0.0,0.0,0.0,0.0,0.0,0.0,0.0,0.0,0.0,70.44862050574892,0.0,80.91399355207176,81.84663773007085,91.5981628270263,91.04213666092551,71.7851905355226,81.57704983413403,0.0,0.0,0.0,0.0
262,262,0.0,0.0,0.0,0.0,0.0,0.0,0.0,0.0,0.0,0.0,0.0,0.0,0.0,69.63252451534463,0.0,83.33863958958496,81.53989779578421,93.12493065898833,92.38499062953963,69.82948738912616,81.97956161239173,0.0,0.0,0.0,0.0
263,263,0.0,0.0,0.0,0.0,0.0,0.0,0.0,0.0,0.0,0.0,0.0,0.0,0.0,70.25574846163296,0.0,78.57610906789213,81.29081413178547,94.73440577304629,91.30745478430468,71.83167940045743,80.69154627985837,0.0,0.0,0.0,0.0
264,264,0.0,0.0,0.0,0.0,0.0,0.0,0.0,0.0,0.0,0.0,0.0,0.0,0.0,69.34519674226522,0.0,79.99718230403208,81.07447315409422,92.29706245867317,91.58294711824097,69.69971159440975,81.70282041189104,0.0,0.0,0.0,0.0
265,265,0.0,0.0,0.0,0.0,0.0,0.0,0.0,0.0,0.0,0.0,0.0,0.0,0.0,69.591799616529,0.0,79.0497017122342,78.54935411525797,93.42996510392382,94.18749781572743,72.36160448769897,83.84513819922425,65.30118891338337,0.0,0.0,0.0
266,266,0.0,0.0,0.0,0.0,0.0,0.0,0.0,0.0,0.0,0.0,0.0,0.0,0.0,69.54862304295858,0.0,79.98303695124895,80.46486934766145,93.91061769437955,94.78421191026754,71.42074022121548,83.03194242793147,65.0414555377252,0.0,0.0,0.0
267,267,0.0,0.0,0.0,0.0,0.0,0.0,0.0,0.0,0.0,0.0,0.0,0.0,0.0,69.03885350524975,0.0,79.66329803666032,79.14646401386294,90.35713304860872,95.64237573325185,69.73407693363335,82.91543773339802,65.486952963037,0.0,0.0,0.0
268,268,0.0,0.0,0.0,0.0,0.0,0.0,0.0,0.0,0.0,0.0,0.0,0.0,0.0,70.24959754984421,0.0,77.39508699439041,78.67298284906138,93.98668057784354,94.5390430606424,69.3452358964876,83.81955749423265,65.7630586245752,0.0,0.0,0.0
269,269,0.0,0.0,0.0,0.0,0.0,0.0,0.0,0.0,0.0,0.0,0.0,0.0,0.0,66.39322461963157,0.0,77.77497954285386,79.28736605919812,91.67905827937402,93.17526137883844,72.24320995563934,84.6466472920041,65.29184418286475,0.0,0.0,0.0
270,270,0.0,0.0,0.0,0.0,0.0,0.0,0.0,0.0,0.0,0.0,0.0,0.0,0.0,63.916634387069436,0.0,78.14314420597051,79.91035702084964,93.79857722107279,94.9469360102125,69.42294605896139,85.72851598452377,67.00824690865483,0.0,0.0,0.0
271,271,0.0,0.0,0.0,0.0,0.0,0.0,0.0,0.0,0.0,0.0,0.0,0.0,0.0,66.46449737139517,0.0,77.36122272312824,78.39417454195373,92.08437616926089,95.16244117759535,68.52208543681358,84.34383929847489,66.29309066847544,0.0,0.0,0.0
272,272,0.0,0.0,0.0,0.0,0.0,0.0,0.0,0.0,0.0,0.0,0.0,0.0,0.0,65.99833686536732,0.0,77.406209354303,79.09091555003889,90.99556500365983,94.90174704821754,70.85739653475281,87.47946308348276,66.39413990293168,0.0,0.0,0.0
273,273,0.0,0.0,0.0,0.0,0.0,0.0,0.0,0.0,0.0,0.0,0.0,0.0,0.0,66.5551676431232,0.0,75.63680325391384,77.16740306495022,91.67460192355219,95.70559823614173,70.98755708942502,88.43716922500508,66.27156340972454,64.0269779923307,0.0,0.0
274,274,0.0,0.0,0.0,0.0,0.0,0.0,0.0,0.0,0.0,0.0,0.0,0.0,0.0,64.11118686429091,0.0,75.1791966198521,79.75373313116953,91.07410587187739,94.96773882259667,70.18920126926406,87.4806376304187,68.02694447641522,65.0111510133236,0.0,0.0
275,275,0.0,0.0,0.0,0.0,0.0,0.0,0.0,0.0,0.0,0.0,0.0,0.0,0.0,0.0,0.0,75.71836776711876,77.27445658886876,92.10123567947066,95.53651849457832,70.03064832244432,86.21224739072284,68.84916831465536,65.71764926996785,0.0,0.0
276,276,0.0,0.0,0.0,0.0,0.0,0.0,0.0,0.0,0.0,0.0,0.0,0.0,0.0,0.0,0.0,73.81237112319035,76.15918162479383,93.70042751190987,96.2406273280224,70.5718301776882,86.58254337329272,68.34655955740281,65.76966139626496,63.445730350610106,0.0
277,277,0.0,0.0,0.0,0.0,0.0,0.0,0.0,0.0,0.0,0.0,0.0,0.0,0.0,0.0,0.0,72.94501859384573,78.15214464705727,90.67836802086751,96.81079250929882,68.94792624969703,87.50507665228925,68.36656708967574,67.78796846304033,66.5587188889362,0.0
278,278,0.0,0.0,0.0,0.0,0.0,0.0,0.0,0.0,0.0,0.0,0.0,0.0,0.0,0.0,0.0,74.1160508398862,75.41406491222607,93.7531253652729,95.92221447450524,68.81950433583465,89.49362145878034,69.59872225971087,67.84512317309607,65.70610803377329,0.0
279,279,0.0,0.0,0.0,0.0,0.0,0.0,0.0,0.0,0.0,0.0,0.0,0.0,0.0,0.0,0.0,74.73599958543159,75.38335350914657,91.69044021812049,95.4756060753907,67.49765791860274,89.42578850813045,68.334805071996,66.85553295655112,66.52997635571674,0.0
280,280,0.0,0.0,0.0,0.0,0.0,0.0,0.0,0.0,0.0,0.0,0.0,0.0,0.0,0.0,0.0,73.54011905774288,75.11418625581226,89.89182605284563,97.04290175475226,68.32502173859967,87.9917846332759,68.90464210703854,68.98867637326744,69.7832391194537,0.0
281,281,0.0,0.0,0.0,0.0,0.0,0.0,0.0,0.0,0.0,0.0,0.0,0.0,0.0,0.0,0.0,71.37515659490461,75.2929426754079,92.67728388943833,96.62741480033617,67.62419423257367,92.32901198541406,72.33487505608707,67.68704271735258,66.58299222704872,0.0
282,282,0.0,0.0,0.0,0.0,0.0,0.0,0.0,0.0,0.0,0.0,0.0,0.0,0.0,0.0,0.0,72.6142788283428,74.56702142365118,90.59328620318772,96.54525263523202,69.09238184546211,88.5948634354392,71.0570757519669,70.03472372733367,68.56177921420029,0.0
283,283,0.0,0.0,0.0,0.0,0.0,0.0,0.0,0.0,0.0,0.0,0.0,0.0,0.0,0.0,0.0,70.81311087044749,73.20146804676335,88.8439151225797,97.53231875748217,68.06460596246683,91.15457218214107,70.17710389764328,69.46612811703419,67.10922365467826,0.0
284,284,0.0,0.0,0.0,0.0,0.0,0.0,0.0,0.0,0.0,0.0,0.0,0.0,0.0,0.0,0.0,69.82962539781904,74.18604922019877,91.64235693516038,95.29567765012267,66.74318798581619,91.79598194476964,71.0523412052902,70.06340135268935,67.4006744814115,0.0
285,285,0.0,0.0,0.0,0.0,0.0,0.0,0.0,0.0,0.0,0.0,0.0,0.0,0.0,0.0,0.0,70.85462824475302,72.16493464266931,90.24781657821627,96.44941564906767,66.22643552820182,91.05465843377439,71.16651664344849,68.45435460842798,70.3985165533724,0.0
286,286,0.0,0.0,0.0,0.0,0.0,0.0,0.0,0.0,0.0,0.0,0.0,0.0,0.0,0.0,0.0,71.48906740305584,74.76645710023625,90.5199712886054,96.37523161521345,67.74459256986843,89.96050957140267,71.76327186793849,69.29996131310746,68.8727871456091,0.0
287,287,0.0,0.0,0.0,0.0,0.0,0.0,0.0,0.0,0.0,0.0,0.0,0.0,0.0,0.0,0.0,70.31493846298555,72.96179327543324,90.03985279997931,97.31329064948461,69.7532732168241,91.78096669504124,71.42000721985568,70.95940631905923,69.64566833077883,0.0
288,288,0.0,0.0,0.0,0.0,0.0,0.0,0.0,0.0,0.0,0.0,0.0,0.0,0.0,0.0,0.0,70.17968362138805,71.07850319789765,89.3024417676976,95.90852147984327,68.7674301565797,92.3006508246081,71.40314928836285,70.93071442986336,69.65188035885288,0.0
289,289,0.0,0.0,0.0,0.0,0.0,0.0,0.0,0.0,0.0,0.0,0.0,0.0,0.0,0.0,0.0,69.97228870098922,72.07551432927762,86.92462145590748,98.07664209363591,68.45171230732718,92.52040565626122,71.40093166401904,70.37029723579079,71.15030857393947,0.0
290,290,0.0,0.0,0.0,0.0,0.0,0.0,0.0,0.0,0.0,0.0,0.0,0.0,0.0,0.0,0.0,68.83798183353906,72.98665939063869,88.40557878290129,98.13896735861687,66.02928183553243,90.51139957104407,72.86873772694288,69.87573772925994,68.52613993711707,0.0
291,291,0.0,0.0,0.0,0.0,0.0,0.0,0.0,0.0,0.0,0.0,0.0,0.0,0.0,0.0,0.0,67.68570741797203,70.93755874727276,88.11789901047081,95.46489151079409,65.71619810813621,91.3211079191367,72.57558730889599,70.73487361428298,70.88901040325672,0.0
292,292,0.0,0.0,0.0,0.0,0.0,0.0,0.0,0.0,0.0,0.0,0.0,0.0,0.0,0.0,0.0,66.01934423503478,70.690546585798,88.45572825907192,95.75391515011137,66.8687345279684,93.76982246856774,73.91170669616045,71.71467877936016,74.41688516195207,0.0
293,293,0.0,0.0,0.0,0.0,0.0,0.0,0.0,0.0,0.0,0.0,0.0,0.0,0.0,0.0,0.0,66.28187964533441,71.92996668712175,88.17053282692873,96.60840635997761,66.73283771172704,94.90169197422206,73.547847118307,71.75784497493207,70.98298109405414,0.0
294,294,0.0,0.0,0.0,0.0,0.0,0.0,0.0,0.0,0.0,0.0,0.0,0.0,0.0,0.0,0.0,67.53511477077402,70.18390506104816,86.55863610861745,95.47825016119108,65.59958449319448,93.92729664277533,73.09413945257178,71.59762810680999,74.04278563145377,0.0
295,295,0.0,0.0,0.0,0.0,0.0,0.0,0.0,0.0,0.0,0.0,0.0,0.0,0.0,0.0,0.0,65.81830606003139,70.53180202267477,86.24318521539942,96.58744129559082,64.8941037978399,91.70194307235657,73.934600175672,73.47181135664812,73.39294851639872,0.0
296,296,0.0,0.0,0.0,0.0,0.0,0.0,0.0,0.0,0.0,0.0,0.0,0.0,0.0,0.0,0.0,66.27253000196954,69.72732526970663,85.60138575052369,96.33104666996111,65.20382207877334,94.47042014451593,73.7937071161394,73.29398234804619,74.98321550086811,0.0
297,297,0.0,0.0,0.0,0.0,0.0,0.0,0.0,0.0,0.0,0.0,0.0,0.0,0.0,0.0,0.0,65.5349158727941,69.09327296882165,86.67634451220646,97.57622574442823,64.5773652701039,93.4270647814575,74.26811573933554,71.50827717242731,74.98243655879466,0.0
298,298,0.0,0.0,0.0,0.0,0.0,0.0,0.0,0.0,0.0,0.0,0.0,0.0,0.0,0.0,0.0,66.10113429994024,70.02025722660899,84.87373858850604,95.96905812736294,0.0,94.57777139831,72.99465488495814,73.3343475019418,73.15560321520815,0.0
299,299,0.0,0.0,0.0,0.0,0.0,0.0,0.0,0.0,0.0,0.0,0.0,0.0,0.0,0.0,0.0,0.0,69.62342596292257,83.19847446438374,94.53997444237181,0.0,93.767318802474,74.40818833359948,73.67107788791395,75.26492316169357,64.02074834925631
