,time,38,83,105,150,217,262,284,329,351,1546,16,195,307,128,352,61,240,1569,330,285,173,106,39,218,308,1547,151,263,84,17
0,0,94.65688851658689,65.6070399124205,74.0529941943257,67.93153469170718,75.42099651988381,71.40048270548428,84.0031588311499,86.37936760416507,66.42770462920082,73.09969272828756,0.0,0.0,0.0,0.0,0.0,0.0,0.0,0.0,0.0,0.0,0.0,0.0,0.0,0.0,0.0,0.0,0.0,0.0,0.0,0.0
1,1,95.58618988513965,67.34385189183517,74.31237639614207,67.14339106225377,74.26332409623798,71.31473172069057,81.92914086302552,86.55579462010068,65.66392649446156,70.68756955427301,0.0,0.0,0.0,0.0,0.0,0.0,0.0,0.0,0.0,0.0,0.0,0.0,0.0,0.0,0.0,0.0,0.0,0.0,0.0,0.0
2,2,94.9234865105174,68.02034619184175,74.27909762356293,67.99933835285978,75.21629166989312,71.77886819023998,81.64691698041538,88.14150303841566,65.41339305711003,72.32724423013256,0.0,0.0,0.0,0.0,0.0,0.0,0.0,0.0,0.0,0.0,0.0,0.0,0.0,0.0,0.0,0.0,0.0,0.0,0.0,0.0
3,3,97.28739520273456,66.95693700999068,73.87985771213332,69.55190200665051,76.17510086741254,72.44343000675529,81.1434971919075,86.79762502277735,65.81888198197466,70.5567602607138,0.0,0.0,0.0,0.0,0.0,0.0,0.0,0.0,0.0,0.0,0.0,0.0,0.0,0.0,0.0,0.0,0.0,0.0,0.0,0.0
4,4,95.90519938732183,70.70860373423655,74.11428328389974,69.23014982761106,75.13768295683673,73.54619136984124,82.50339897376833,89.1342290397409,66.21284968781585,70.32581614039907,0.0,0.0,0.0,0.0,0.0,0.0,0.0,0.0,0.0,0.0,0.0,0.0,0.0,0.0,0.0,0.0,0.0,0.0,0.0,0.0
5,5,96.4447649108841,68.9110334814666,73.08093073935692,69.72990593936193,75.93258558621639,73.5289186450994,80.73472739316483,88.87531466767572,0.0,71.79398946048723,0.0,0.0,0.0,0.0,0.0,0.0,0.0,0.0,0.0,0.0,0.0,0.0,0.0,0.0,0.0,0.0,0.0,0.0,0.0,0.0
6,6,94.99647772538839,70.29464933755429,74.5988623326416,70.69286086236421,75.8161555309179,76.10734314238252,82.32772038149561,88.7898088527956,0.0,71.79997693645332,0.0,0.0,0.0,0.0,0.0,0.0,0.0,0.0,0.0,0.0,0.0,0.0,0.0,0.0,0.0,0.0,0.0,0.0,0.0,0.0
7,7,95.49748681458448,69.54446917521656,72.15197438920573,71.17174565992597,74.83723840450033,75.66434537420332,78.3025278736301,87.5694506944855,0.0,70.77154788540145,0.0,0.0,0.0,0.0,0.0,0.0,0.0,0.0,0.0,0.0,0.0,0.0,0.0,0.0,0.0,0.0,0.0,0.0,0.0,0.0
8,8,95.30749956622124,70.06458151688142,71.47689740515636,68.52145103634004,75.97678988133306,75.32807313911192,80.51136183993538,89.08279399235795,0.0,71.59419535487982,0.0,0.0,0.0,0.0,0.0,0.0,0.0,0.0,0.0,0.0,0.0,0.0,0.0,0.0,0.0,0.0,0.0,0.0,0.0,0.0
9,9,96.61086267023788,71.24958071468396,72.62670399523391,70.30630458886144,74.43210108333403,75.74516650467254,79.31208169038365,90.49066215210586,0.0,71.69200468163652,0.0,0.0,0.0,0.0,0.0,0.0,0.0,0.0,0.0,0.0,0.0,0.0,0.0,0.0,0.0,0.0,0.0,0.0,0.0,0.0
10,10,95.1046503826596,71.4589629107197,70.27942963427579,69.589702094448,74.53432049639953,76.22754354412196,76.59766971827334,89.81375864148559,0.0,72.8599413767618,0.0,0.0,0.0,0.0,0.0,0.0,0.0,0.0,0.0,0.0,0.0,0.0,0.0,0.0,0.0,0.0,0.0,0.0,0.0,0.0
11,11,97.04977846438359,71.29934056993801,71.78782845530094,72.08157898979852,73.33382948398446,75.77315536819877,79.09795143034376,92.59111361731685,0.0,71.86050437516276,0.0,0.0,0.0,0.0,0.0,0.0,0.0,0.0,0.0,0.0,0.0,0.0,0.0,0.0,0.0,0.0,0.0,0.0,0.0,0.0
12,12,96.0380482149835,72.14773814197164,70.83337361256545,71.181624922341,74.17915659180306,77.55218491631615,77.33549319534788,90.74228435029147,0.0,70.72415208397211,0.0,0.0,0.0,0.0,0.0,0.0,0.0,0.0,0.0,0.0,0.0,0.0,0.0,0.0,0.0,0.0,0.0,0.0,0.0,0.0
13,13,95.11195382920417,70.02951672080333,71.08208464837156,70.5592327897314,73.70860539378155,75.02932486825682,79.31143362079695,89.64843482724733,0.0,72.91121260616227,66.66328815295681,0.0,0.0,0.0,0.0,0.0,0.0,0.0,0.0,0.0,0.0,0.0,0.0,0.0,0.0,0.0,0.0,0.0,0.0,0.0
14,14,94.61268774849103,72.1294501829977,72.71963614198889,72.32360510053974,74.33097510034136,78.9521511495465,76.79112347375661,90.74357775116012,0.0,73.34905273418569,65.82260118143242,0.0,0.0,0.0,0.0,0.0,0.0,0.0,0.0,0.0,0.0,0.0,0.0,0.0,0.0,0.0,0.0,0.0,0.0,0.0
15,15,94.37396370309973,71.82550269930434,72.58553582966795,72.44040466310966,73.14784830112332,77.95115742064802,76.22873560762449,91.78615667580901,0.0,72.61636768824212,66.90027001179945,0.0,0.0,0.0,0.0,0.0,0.0,0.0,0.0,0.0,0.0,0.0,0.0,0.0,0.0,0.0,0.0,0.0,0.0,0.0
16,16,94.04487222954911,73.45514480121062,70.50618530819807,73.18447748317308,72.42565400079575,78.83111198308636,78.01202043386046,89.48807530815618,0.0,69.08127272489119,65.39869144076579,0.0,0.0,0.0,0.0,0.0,0.0,0.0,0.0,0.0,0.0,0.0,0.0,0.0,0.0,0.0,0.0,0.0,0.0,0.0
17,17,93.71705289652758,75.62581861584492,68.21992642616532,70.53785462512681,73.32356450054705,77.72297595193659,75.68697120013393,93.50712053069277,0.0,72.83575695848295,67.48190616245502,0.0,0.0,0.0,0.0,0.0,0.0,0.0,0.0,0.0,0.0,0.0,0.0,0.0,0.0,0.0,0.0,0.0,0.0,0.0
18,18,94.14033285513919,73.66275445535413,71.39477707780112,69.97503963495836,73.79626943320191,76.5726112755548,74.48097316698046,93.24473803609314,0.0,71.84934723856483,67.23533010267369,0.0,0.0,0.0,0.0,0.0,0.0,0.0,0.0,0.0,0.0,0.0,0.0,0.0,0.0,0.0,0.0,0.0,0.0,0.0
19,19,92.58015612108439,74.33177675268021,71.11643119324874,70.63814417205344,71.20268194468701,77.40098678586816,74.01281949896492,91.99229366424805,0.0,72.67874438174225,67.58495560930257,0.0,0.0,0.0,0.0,0.0,0.0,0.0,0.0,0.0,0.0,0.0,0.0,0.0,0.0,0.0,0.0,0.0,0.0,0.0
20,20,93.749941793237,72.23004920889174,69.51613648561491,72.02226673861618,71.55402947484905,79.90228223367562,74.58721102378655,94.3041049592619,0.0,72.52919558195424,68.36165634843492,0.0,0.0,0.0,0.0,0.0,0.0,0.0,0.0,0.0,0.0,0.0,0.0,0.0,0.0,0.0,0.0,0.0,0.0,0.0
21,21,91.67161607967321,73.26093552816205,68.8158101910421,69.72191487708707,71.78673397475333,79.89602620664624,72.82921098512804,90.76420907385176,0.0,72.44054840697169,68.48504690880091,0.0,0.0,0.0,0.0,0.0,0.0,0.0,0.0,0.0,0.0,0.0,0.0,0.0,0.0,0.0,0.0,0.0,0.0,0.0
22,22,91.41140468269211,76.02185505537514,68.27161697649896,73.3434409791642,71.49715808799412,80.80771102362884,71.89622584472592,91.24280445405468,0.0,71.74401523935302,68.33170225601815,0.0,0.0,0.0,0.0,0.0,0.0,0.0,0.0,0.0,0.0,0.0,0.0,0.0,0.0,0.0,0.0,0.0,0.0,0.0
23,23,94.2833954222695,75.02647910874728,69.35498291391427,73.07529076413745,72.96156949646382,80.49760074379317,71.95750664161412,92.40382360936954,0.0,72.6057587250195,71.56289235521078,0.0,0.0,0.0,0.0,0.0,0.0,0.0,0.0,0.0,0.0,0.0,0.0,0.0,0.0,0.0,0.0,0.0,0.0,0.0
24,24,91.28933031011309,73.74563117699459,66.29767159104331,74.1867817689474,71.98231741262676,80.6859059987606,71.11833007270408,90.44646806957161,0.0,72.02736045160519,70.88799009370624,0.0,0.0,0.0,0.0,0.0,0.0,0.0,0.0,0.0,0.0,0.0,0.0,0.0,0.0,0.0,0.0,0.0,0.0,0.0
25,25,91.74624485675125,77.01046203107056,65.50056927513911,71.74137899347815,72.18978447505081,80.08079102029805,71.27311935355819,94.20572460299996,0.0,72.14852082275749,70.25311737843964,0.0,0.0,0.0,0.0,0.0,0.0,0.0,0.0,0.0,0.0,0.0,0.0,0.0,0.0,0.0,0.0,0.0,0.0,0.0
26,26,89.89554663068482,76.7323862743389,67.27666871167848,72.81700309785423,71.9016247555371,82.86630555693901,71.80362300239476,92.42124624661517,0.0,72.09809643424315,71.52696375055753,0.0,0.0,0.0,0.0,0.0,0.0,0.0,0.0,0.0,0.0,0.0,0.0,0.0,0.0,0.0,0.0,0.0,0.0,0.0
27,27,91.74598890645025,76.9126333531536,68.35702713563022,72.56123627057016,70.59328081663809,83.42639182778933,72.22904168805353,92.95069262809899,0.0,73.37864061755245,68.75523926410851,0.0,0.0,0.0,0.0,0.0,0.0,0.0,0.0,0.0,0.0,0.0,0.0,0.0,0.0,0.0,0.0,0.0,0.0,0.0
28,28,88.44092172437405,78.11079749341592,66.22162820400999,71.9921902664085,71.1804714800082,81.98586290187394,71.99190102936247,92.6240668799464,0.0,72.11365143467853,71.33060033834334,0.0,0.0,0.0,0.0,0.0,0.0,0.0,0.0,0.0,0.0,0.0,0.0,0.0,0.0,0.0,0.0,0.0,0.0,0.0
29,29,92.05672737963994,76.1645429783781,65.50582452446223,73.79309180670973,73.31258693888334,83.56037407236956,70.29322975064791,92.11867000175211,0.0,71.94300559734845,72.6833394022992,0.0,0.0,0.0,0.0,0.0,0.0,0.0,0.0,0.0,0.0,0.0,0.0,0.0,0.0,0.0,0.0,0.0,0.0,0.0
30,30,91.7952822786548,79.70059935581946,65.82999990005545,72.08478854302838,73.56529362270769,83.68329983714686,69.95630180274675,91.50231088037334,0.0,72.71588016087695,72.2591501305487,0.0,0.0,0.0,0.0,0.0,0.0,0.0,0.0,0.0,0.0,0.0,0.0,0.0,0.0,0.0,0.0,0.0,0.0,0.0
31,31,91.14929801029383,76.76388436583215,65.29705241528752,72.71318022453362,68.73430172116268,82.47380264642754,69.17963873997692,92.76257794122812,0.0,73.98389123527245,73.5682890933357,0.0,0.0,0.0,0.0,0.0,0.0,0.0,0.0,0.0,0.0,0.0,0.0,0.0,0.0,0.0,0.0,0.0,0.0,0.0
32,32,90.57221593397897,78.3265558245606,63.49789412979291,72.35443672282231,70.96658936301195,83.12615623517667,67.54034387818363,93.58610910766002,0.0,72.35435332733424,75.00796344739202,0.0,0.0,0.0,0.0,0.0,0.0,0.0,0.0,0.0,0.0,0.0,0.0,0.0,0.0,0.0,0.0,0.0,0.0,0.0
33,33,89.88152983565618,78.32769696353006,0.0,74.17097760739836,69.23739500105269,83.55837332482155,67.48665736968513,94.70209658601883,0.0,73.13855706280907,74.50176911059877,0.0,0.0,0.0,0.0,0.0,0.0,0.0,0.0,0.0,0.0,0.0,0.0,0.0,0.0,0.0,0.0,0.0,0.0,0.0
34,34,90.05707538260614,79.68925989388075,0.0,73.57261867113857,71.29229338800955,83.21683192685961,68.43664598336122,92.65081216978285,0.0,71.5803975948955,73.27385192223967,0.0,0.0,0.0,0.0,0.0,0.0,0.0,0.0,0.0,0.0,0.0,0.0,0.0,0.0,0.0,0.0,0.0,0.0,0.0
35,35,87.28784907722675,79.62046648109305,0.0,72.95685368979045,70.0980063810894,83.53452587692696,67.65580012218703,94.13320154129855,0.0,70.80613060558362,73.69031509970999,0.0,0.0,0.0,0.0,0.0,0.0,0.0,0.0,0.0,0.0,0.0,0.0,0.0,0.0,0.0,0.0,0.0,0.0,0.0
36,36,87.15472061151083,78.70188559764456,0.0,72.88833376044552,68.96461067222273,84.66966933531646,67.49646686840867,93.21675255289763,0.0,71.34621944591584,74.84006435436036,0.0,0.0,0.0,0.0,0.0,0.0,0.0,0.0,0.0,0.0,0.0,0.0,0.0,0.0,0.0,0.0,0.0,0.0,0.0
37,37,86.67597556859927,79.96623487148095,0.0,72.10320109788803,70.35565676831364,85.34761647758627,66.05676286589461,94.53993337678696,0.0,71.56029387448594,77.12912536790466,0.0,0.0,0.0,0.0,0.0,0.0,0.0,0.0,0.0,0.0,0.0,0.0,0.0,0.0,0.0,0.0,0.0,0.0,0.0
38,38,88.48657836232962,78.42987253852493,0.0,73.68307280167558,68.06520002638197,83.64675117599204,64.91461285570888,93.82953709739637,0.0,70.86636246445983,76.00166149280199,0.0,0.0,0.0,0.0,0.0,0.0,0.0,0.0,0.0,0.0,0.0,0.0,0.0,0.0,0.0,0.0,0.0,0.0,0.0
39,39,85.12805893888735,79.14735705652461,0.0,71.92072034925019,66.87168676884279,85.57436435258552,65.42999241733646,92.42524488654257,0.0,71.05879972580784,75.90794889995288,0.0,0.0,0.0,0.0,0.0,0.0,0.0,0.0,0.0,0.0,0.0,0.0,0.0,0.0,0.0,0.0,0.0,0.0,0.0
40,40,85.10292240249358,80.99589206488365,0.0,71.25140937671547,69.64062064609212,83.8624422467222,66.04296627423619,92.96380852165247,0.0,70.08878288390072,76.86701465099763,0.0,0.0,0.0,0.0,0.0,0.0,0.0,0.0,0.0,0.0,0.0,0.0,0.0,0.0,0.0,0.0,0.0,0.0,0.0
41,41,85.45143654194422,80.46083100254155,0.0,72.92710945057817,68.59600954455209,84.58077257692683,66.48329831058138,93.37878723051405,0.0,70.00940376219589,77.80697338994759,0.0,0.0,0.0,0.0,0.0,0.0,0.0,0.0,0.0,0.0,0.0,0.0,0.0,0.0,0.0,0.0,0.0,0.0,0.0
42,42,86.06091317193844,80.6639511551426,0.0,71.82931339994155,68.41507013324428,85.34915127410966,0.0,94.99622086202392,0.0,69.98722744679785,78.55966818498815,0.0,0.0,0.0,0.0,0.0,0.0,0.0,0.0,0.0,0.0,0.0,0.0,0.0,0.0,0.0,0.0,0.0,0.0,0.0
43,43,82.69833033393374,79.67921892224972,0.0,73.09818685646445,66.59538446100409,85.39274666681978,0.0,91.04168791155364,0.0,71.87500910377592,77.7469494313827,64.40101730756882,0.0,0.0,0.0,0.0,0.0,0.0,0.0,0.0,0.0,0.0,0.0,0.0,0.0,0.0,0.0,0.0,0.0,0.0
44,44,84.10026540703672,81.69504044251809,0.0,73.4381854492831,67.78571493023776,87.1574957925814,0.0,92.1045476564357,0.0,72.09750343141647,80.11043023003664,66.13444600166416,66.48018476600797,0.0,0.0,0.0,0.0,0.0,0.0,0.0,0.0,0.0,0.0,0.0,0.0,0.0,0.0,0.0,0.0,0.0
45,45,83.38409121257044,82.60822915652585,0.0,71.31345884757656,67.65211914211974,86.4361636060083,0.0,91.69968095371428,0.0,69.68637391051988,79.27913883289278,66.69736724215139,65.30780213326653,0.0,0.0,0.0,0.0,0.0,0.0,0.0,0.0,0.0,0.0,0.0,0.0,0.0,0.0,0.0,0.0,0.0
46,46,82.79057484242814,83.78421314287422,0.0,72.87703381884762,66.38027102351535,86.08793877263065,0.0,90.7960764496762,0.0,70.68144883122682,79.48405660408469,65.97232933922369,66.7057131221903,0.0,0.0,0.0,0.0,0.0,0.0,0.0,0.0,0.0,0.0,0.0,0.0,0.0,0.0,0.0,0.0,0.0
47,47,82.77504551639827,82.41642191516237,0.0,69.69771814671128,67.90253769596691,85.98702340905643,0.0,91.97425505742518,0.0,70.42713959091111,81.55941991862626,67.41704714545779,68.00067559805066,0.0,0.0,0.0,0.0,0.0,0.0,0.0,0.0,0.0,0.0,0.0,0.0,0.0,0.0,0.0,0.0,0.0
48,48,81.51778799195444,83.08421243746187,0.0,72.2513186031506,66.06031331526948,87.03804920274524,0.0,91.21773444797813,0.0,68.99698842343008,81.03152293239258,66.75835652840085,66.78260964786192,0.0,0.0,0.0,0.0,0.0,0.0,0.0,0.0,0.0,0.0,0.0,0.0,0.0,0.0,0.0,0.0,0.0
49,49,79.55460470813966,82.56309878382842,0.0,71.58229032184542,68.69910613421114,86.26617835046935,0.0,90.18452015651593,0.0,68.06315904781738,81.21436758397014,65.99279105470362,68.46331764861148,0.0,0.0,0.0,0.0,0.0,0.0,0.0,0.0,0.0,0.0,0.0,0.0,0.0,0.0,0.0,0.0,0.0
50,50,82.11192124876248,83.52046151323498,0.0,72.25540515364762,65.24535822724835,87.80144610259161,0.0,91.68292145298729,0.0,68.09578343609498,82.47910630687596,65.44066718492141,68.00961137904405,0.0,0.0,0.0,0.0,0.0,0.0,0.0,0.0,0.0,0.0,0.0,0.0,0.0,0.0,0.0,0.0,0.0
51,51,78.8885567861393,85.37118073625425,0.0,69.07569300371719,64.87945757176892,85.48651395977672,0.0,91.2201343816851,0.0,68.38877266316555,82.21848548432963,67.12964268402929,68.15421259520598,0.0,0.0,0.0,0.0,0.0,0.0,0.0,0.0,0.0,0.0,0.0,0.0,0.0,0.0,0.0,0.0,0.0
52,52,80.32553384701131,83.78584049769073,0.0,70.10259633964337,0.0,84.70385099294016,0.0,89.64488176286187,0.0,67.47405594199053,83.51641019909701,67.09544279440483,69.55460646182931,0.0,0.0,0.0,0.0,0.0,0.0,0.0,0.0,0.0,0.0,0.0,0.0,0.0,0.0,0.0,0.0,0.0
53,53,80.78336219891696,86.1527755294627,0.0,71.30491765372109,0.0,88.14699443833133,0.0,89.79922563151801,0.0,69.23825053566289,82.72897543668545,66.02191264795628,69.27723342405612,0.0,0.0,0.0,0.0,0.0,0.0,0.0,0.0,0.0,0.0,0.0,0.0,0.0,0.0,0.0,0.0,0.0
54,54,77.34077345418022,83.4494896290109,0.0,70.06618656226973,0.0,86.44321671604068,0.0,88.96316708169437,0.0,68.35593798498937,82.82647565404858,68.29533497550788,69.91805225542068,0.0,0.0,0.0,0.0,0.0,0.0,0.0,0.0,0.0,0.0,0.0,0.0,0.0,0.0,0.0,0.0,0.0
55,55,77.51000619765117,85.12296986128027,0.0,70.74919911006249,0.0,87.69481668902192,0.0,89.09279805215002,0.0,67.18822028879147,83.80175979095962,68.47675719551044,68.85780634229259,0.0,0.0,0.0,0.0,0.0,0.0,0.0,0.0,0.0,0.0,0.0,0.0,0.0,0.0,0.0,0.0,0.0
56,56,77.1932065372017,84.6659844126163,0.0,68.9954425712945,0.0,87.24491506135008,0.0,89.18269764412028,0.0,67.31743459361162,85.40730874218703,68.5941110031763,70.9091037927787,0.0,0.0,0.0,0.0,0.0,0.0,0.0,0.0,0.0,0.0,0.0,0.0,0.0,0.0,0.0,0.0,0.0
57,57,75.79297395828972,84.35677839694546,0.0,69.93366959178513,0.0,86.80754331109124,0.0,89.0839800916794,0.0,67.08823912096489,83.36118684108762,68.32068928706173,70.9011397435036,0.0,0.0,0.0,0.0,0.0,0.0,0.0,0.0,0.0,0.0,0.0,0.0,0.0,0.0,0.0,0.0,0.0
58,58,77.52102107929565,81.87513115167054,0.0,69.6768920163383,0.0,86.16459298820803,0.0,88.91084764903731,0.0,67.95609666950017,86.41050698056995,67.82472260758573,70.03704874742273,0.0,0.0,0.0,0.0,0.0,0.0,0.0,0.0,0.0,0.0,0.0,0.0,0.0,0.0,0.0,0.0,0.0
59,59,75.52444282614303,84.3367562472697,0.0,69.41147731363525,0.0,87.30417667003483,0.0,87.0075732317631,0.0,66.50449623317077,86.59406666461281,69.65544108488487,74.12428183602219,0.0,0.0,0.0,0.0,0.0,0.0,0.0,0.0,0.0,0.0,0.0,0.0,0.0,0.0,0.0,0.0,0.0
60,60,76.10060833075171,84.61510871113285,0.0,69.63982323086168,0.0,85.9827678536863,0.0,87.58655908649524,0.0,66.49359513443747,84.4252147762469,67.93281378210371,74.54428800234732,0.0,0.0,0.0,0.0,0.0,0.0,0.0,0.0,0.0,0.0,0.0,0.0,0.0,0.0,0.0,0.0,0.0
61,61,77.11589114016918,83.87320915356929,0.0,70.26775052524373,0.0,86.8957860273831,0.0,86.95478199285049,0.0,66.81567074244812,86.77439418783497,68.37499679247927,72.01262184547123,0.0,0.0,0.0,0.0,0.0,0.0,0.0,0.0,0.0,0.0,0.0,0.0,0.0,0.0,0.0,0.0,0.0
62,62,76.03132569480391,84.4651199840617,0.0,69.65600414696979,0.0,86.19997108137973,0.0,85.8880266458291,0.0,66.71064151618138,85.89091343329599,67.27408382610298,73.9307178388816,0.0,0.0,0.0,0.0,0.0,0.0,0.0,0.0,0.0,0.0,0.0,0.0,0.0,0.0,0.0,0.0,0.0
63,63,76.37867118418033,85.31980174924135,0.0,70.6073958600848,0.0,86.74557306344259,0.0,86.2438575513878,0.0,65.88520296642922,86.88816965258665,70.6776822635414,74.10902889373004,0.0,0.0,0.0,0.0,0.0,0.0,0.0,0.0,0.0,0.0,0.0,0.0,0.0,0.0,0.0,0.0,0.0
64,64,73.7308850495681,85.32409524039821,0.0,69.38700073098464,0.0,86.56445186176224,0.0,87.08738094343337,0.0,65.52715433549943,89.37685806204497,69.71165051338863,75.17223363651762,0.0,0.0,0.0,0.0,0.0,0.0,0.0,0.0,0.0,0.0,0.0,0.0,0.0,0.0,0.0,0.0,0.0
65,65,74.34321897755382,85.74249449009457,0.0,67.7268769370691,0.0,87.30775553297784,0.0,85.53763867058065,0.0,65.55532477970453,88.13814766021203,69.38571366167454,74.11354641691756,0.0,0.0,0.0,0.0,0.0,0.0,0.0,0.0,0.0,0.0,0.0,0.0,0.0,0.0,0.0,0.0,0.0
66,66,73.96460285841361,85.42596086399593,0.0,68.20916991602651,0.0,85.34870491494192,0.0,86.09238798739362,0.0,65.41698666706333,88.48732781053653,70.69886532060022,74.77799281142154,0.0,0.0,0.0,0.0,0.0,0.0,0.0,0.0,0.0,0.0,0.0,0.0,0.0,0.0,0.0,0.0,0.0
67,67,73.5170134023562,83.44062718898569,0.0,69.26714723526271,0.0,86.75559509777158,0.0,85.65847022724473,0.0,0.0,88.16349330676583,70.04704753073597,75.85015121165159,0.0,0.0,0.0,0.0,0.0,0.0,0.0,0.0,0.0,0.0,0.0,0.0,0.0,0.0,0.0,0.0,0.0
68,68,72.45963356572554,84.33597222192203,0.0,67.0800675151891,0.0,85.82602427356404,0.0,85.39232451268013,0.0,0.0,90.5604227787346,70.62961133744221,77.61387354855982,0.0,0.0,0.0,0.0,0.0,0.0,0.0,0.0,0.0,0.0,0.0,0.0,0.0,0.0,0.0,0.0,0.0
69,69,70.84156192843899,85.65369088578501,0.0,66.58281163765234,0.0,88.05559719498191,0.0,85.65287560459407,0.0,0.0,89.28298132790503,69.68680110069724,78.29450243793306,0.0,0.0,0.0,0.0,0.0,0.0,0.0,0.0,0.0,0.0,0.0,0.0,0.0,0.0,0.0,0.0,0.0
70,70,69.97751823652335,84.53818912916036,0.0,69.75025327250866,0.0,86.50838639022037,0.0,84.33941879037285,0.0,0.0,90.45392577115595,72.05991282173483,79.23835152934143,0.0,0.0,0.0,0.0,0.0,0.0,0.0,0.0,0.0,0.0,0.0,0.0,0.0,0.0,0.0,0.0,0.0
71,71,71.15393205318202,83.62575065601978,0.0,67.05810141628358,0.0,85.30735931883959,0.0,84.76241663230037,0.0,0.0,88.93076956357272,71.3542080646616,76.80522050678798,0.0,0.0,0.0,0.0,0.0,0.0,0.0,0.0,0.0,0.0,0.0,0.0,0.0,0.0,0.0,0.0,0.0
72,72,71.40472552225091,85.90226038827868,0.0,66.96827702516832,0.0,84.36010398339582,0.0,83.34737530234558,0.0,0.0,88.47353670764696,71.87732992101874,79.69158087231557,0.0,0.0,0.0,0.0,0.0,0.0,0.0,0.0,0.0,0.0,0.0,0.0,0.0,0.0,0.0,0.0,0.0
73,73,70.38922513962508,83.10764145131523,0.0,67.67415514827125,0.0,85.40566214633726,0.0,83.86903635558342,0.0,0.0,91.86901056866854,69.53651539440267,77.72980127325174,0.0,0.0,0.0,0.0,0.0,0.0,0.0,0.0,0.0,0.0,0.0,0.0,0.0,0.0,0.0,0.0,0.0
74,74,71.81672038912315,84.40435176910499,0.0,65.82313108220852,0.0,85.94637713767005,0.0,82.72779878223736,0.0,0.0,90.0895961268786,71.38502098982914,81.80167619759096,0.0,0.0,0.0,0.0,0.0,0.0,0.0,0.0,0.0,0.0,0.0,0.0,0.0,0.0,0.0,0.0,0.0
75,75,68.20642494959837,84.06872122181386,0.0,65.25700905244403,0.0,86.3250754797697,0.0,82.17008064594268,0.0,0.0,89.57136416120808,71.77427415545529,78.34737503989813,0.0,0.0,0.0,0.0,0.0,0.0,0.0,0.0,0.0,0.0,0.0,0.0,0.0,0.0,0.0,0.0,0.0
76,76,68.08658394521858,83.52960356779087,0.0,66.66779366994149,0.0,84.8959812904713,0.0,83.18333352411449,0.0,0.0,91.44692218699,72.99645702574114,80.06908363769098,0.0,0.0,0.0,0.0,0.0,0.0,0.0,0.0,0.0,0.0,0.0,0.0,0.0,0.0,0.0,0.0,0.0
77,77,67.51124944650678,83.09937353410106,0.0,64.25442051968905,0.0,84.5099672944449,0.0,82.22168334307266,0.0,0.0,92.3404688525282,72.54456370674613,81.46158226231904,0.0,0.0,0.0,0.0,0.0,0.0,0.0,0.0,0.0,0.0,0.0,0.0,0.0,0.0,0.0,0.0,0.0
78,78,68.05494045791193,84.49995132019626,0.0,66.76793901736416,0.0,84.1581097956356,0.0,79.3492624020981,0.0,0.0,92.98027141705366,70.91440970042399,81.79593172868992,66.80733508413269,0.0,0.0,0.0,0.0,0.0,0.0,0.0,0.0,0.0,0.0,0.0,0.0,0.0,0.0,0.0,0.0
79,79,68.376069725239,84.10664914073053,0.0,66.99436123506496,0.0,84.63681557125854,0.0,80.95758691587405,0.0,0.0,93.39025666047932,71.6450217885459,80.50277642574288,66.49631890774904,66.85526854347445,0.0,0.0,0.0,0.0,0.0,0.0,0.0,0.0,0.0,0.0,0.0,0.0,0.0,0.0,0.0
80,80,65.75021690616676,84.09494508267046,0.0,67.01440010957502,0.0,84.60704532018508,0.0,80.95970916532161,0.0,0.0,91.35167594892125,73.050101236372,82.84379750764289,67.04684785954416,64.85173618381886,0.0,0.0,0.0,0.0,0.0,0.0,0.0,0.0,0.0,0.0,0.0,0.0,0.0,0.0,0.0
81,81,67.71854348977875,85.06674002215023,0.0,64.42813005657084,0.0,84.48256453169996,0.0,79.16475455045449,0.0,0.0,93.05487846917312,70.2063285833523,81.24002107123539,65.85407482212332,67.33443958263605,0.0,0.0,0.0,0.0,0.0,0.0,0.0,0.0,0.0,0.0,0.0,0.0,0.0,0.0,0.0
82,82,66.95466217877842,84.81138090808354,0.0,65.47010913395461,0.0,83.8039485914233,0.0,79.4036369910661,0.0,0.0,94.53084306029969,71.99766099409345,82.89273202006582,67.0335535588993,66.06188248046875,0.0,0.0,0.0,0.0,0.0,0.0,0.0,0.0,0.0,0.0,0.0,0.0,0.0,0.0,0.0
83,83,67.07941452941932,85.58482258107604,0.0,0.0,0.0,84.84190112620361,0.0,78.11659653372425,0.0,0.0,94.66292295813237,73.24969500101591,82.88824070421313,67.73958012726511,67.00538602896057,0.0,0.0,0.0,0.0,0.0,0.0,0.0,0.0,0.0,0.0,0.0,0.0,0.0,0.0,0.0
84,84,64.20437274688078,82.6687936319097,0.0,0.0,0.0,84.75785892869727,0.0,78.58238664743216,0.0,0.0,93.96162587970656,71.74758942590778,82.99384544241906,68.3751874366674,66.57020831650266,0.0,0.0,0.0,0.0,0.0,0.0,0.0,0.0,0.0,0.0,0.0,0.0,0.0,0.0,0.0
85,85,0.0,84.44650193779077,0.0,0.0,0.0,84.11533006179754,0.0,77.69172538342599,0.0,0.0,95.13582773972918,72.07057214003403,84.26621744442397,66.948918836068,67.27343479320182,0.0,0.0,0.0,0.0,0.0,0.0,0.0,0.0,0.0,0.0,0.0,0.0,0.0,0.0,0.0
86,86,0.0,83.41924132354542,0.0,0.0,0.0,83.20540172007489,0.0,77.42947317148534,0.0,0.0,95.63860931196336,72.62257692196023,82.39743050491818,68.26503802612378,68.7585638500163,0.0,0.0,0.0,0.0,0.0,0.0,0.0,0.0,0.0,0.0,0.0,0.0,0.0,0.0,0.0
87,87,0.0,83.96430071209376,0.0,0.0,0.0,83.55168152142087,0.0,76.20963257718138,0.0,0.0,91.77806825419924,73.82603388164748,84.99222116663836,68.98060955771061,67.68461532939415,0.0,0.0,0.0,0.0,0.0,0.0,0.0,0.0,0.0,0.0,0.0,0.0,0.0,0.0,0.0
88,88,0.0,82.52820320541467,0.0,0.0,0.0,82.01304907031304,0.0,78.61438854782774,0.0,0.0,93.93079874749054,72.63187420958143,83.92453644660104,67.17346826999925,67.33179771695009,0.0,0.0,0.0,0.0,0.0,0.0,0.0,0.0,0.0,0.0,0.0,0.0,0.0,0.0,0.0
89,89,0.0,81.36990020558402,0.0,0.0,0.0,80.01242231005793,0.0,76.82678661083048,0.0,0.0,93.29452216355395,74.86151480210079,86.04542280017539,68.375995065642,66.16766737030689,65.00001642282704,0.0,0.0,0.0,0.0,0.0,0.0,0.0,0.0,0.0,0.0,0.0,0.0,0.0,0.0
90,90,0.0,83.41059126755981,0.0,0.0,0.0,81.19961619186955,0.0,74.8539984456327,0.0,0.0,96.37674549902938,70.762825702288,87.60399648710258,67.59147604887974,67.7359198229732,65.17085665290595,0.0,0.0,0.0,0.0,0.0,0.0,0.0,0.0,0.0,0.0,0.0,0.0,0.0,0.0
91,91,0.0,83.09542246388455,0.0,0.0,0.0,81.86324043190284,0.0,75.23282823488069,0.0,0.0,94.42586026691541,72.92884618613489,90.06228757381275,68.75874836971207,66.39630250022172,65.35277859080108,0.0,0.0,0.0,0.0,0.0,0.0,0.0,0.0,0.0,0.0,0.0,0.0,0.0,0.0
92,92,0.0,83.51201527200706,0.0,0.0,0.0,80.74072348080787,0.0,74.92231717449819,0.0,0.0,92.73874625852689,72.10630213949335,87.69806642120008,69.1925859000538,68.2564927358553,67.71054374431574,0.0,0.0,0.0,0.0,0.0,0.0,0.0,0.0,0.0,0.0,0.0,0.0,0.0,0.0
93,93,0.0,80.54150816509306,0.0,0.0,0.0,80.62618474020798,0.0,73.97133158251187,0.0,0.0,94.7101122975159,71.87269147379979,89.16281097854197,68.33439602006989,66.04747837594832,66.37749630105634,65.23311904164831,0.0,0.0,0.0,0.0,0.0,0.0,0.0,0.0,0.0,0.0,0.0,0.0,0.0
94,94,0.0,80.97998020516087,0.0,0.0,0.0,81.89346742234554,0.0,74.20347893222528,0.0,0.0,93.53358435104685,73.24356674372655,88.18174311164663,68.60091258546485,67.81660010105195,65.6956194595433,65.96704233431329,0.0,0.0,0.0,0.0,0.0,0.0,0.0,0.0,0.0,0.0,0.0,0.0,0.0
95,95,0.0,81.40898664128324,0.0,0.0,0.0,80.6482139801592,0.0,73.20731226652474,0.0,0.0,94.73946978512333,73.85684554895505,89.58289466754593,69.89886931488446,66.88696953842953,67.7329496528274,67.60543182614431,0.0,0.0,0.0,0.0,0.0,0.0,0.0,0.0,0.0,0.0,0.0,0.0,0.0
96,96,0.0,81.92432498458766,0.0,0.0,0.0,80.26568892994494,0.0,72.91322066080139,0.0,0.0,95.36283242158129,72.90079446100619,90.53017363791632,68.53043691682561,67.60422633247839,68.11309658907372,66.69516997684948,0.0,0.0,0.0,0.0,0.0,0.0,0.0,0.0,0.0,0.0,0.0,0.0,0.0
97,97,0.0,80.94280620520425,0.0,0.0,0.0,79.1954427197913,0.0,71.86312263812722,0.0,0.0,93.97580818059579,74.22020578301188,91.47353237045917,68.99205596748328,67.05587594299678,68.14632578216991,64.05200701254203,0.0,0.0,0.0,0.0,0.0,0.0,0.0,0.0,0.0,0.0,0.0,0.0,0.0
98,98,0.0,80.88320264918144,0.0,0.0,0.0,79.25384879698278,0.0,71.2467636097062,0.0,0.0,92.89026688889354,72.09090085800226,91.55182482140603,73.52954657656387,67.8199535800374,72.07499940584187,67.68543176105817,0.0,0.0,0.0,0.0,0.0,0.0,0.0,0.0,0.0,0.0,0.0,0.0,0.0
99,99,0.0,80.70604237321713,0.0,0.0,0.0,78.33234071061835,0.0,72.43379509737997,0.0,0.0,96.04535396571582,73.32288034721839,90.31820461599565,72.02231297561454,69.21234384420431,69.97341017622172,67.3011283453084,0.0,0.0,0.0,0.0,0.0,0.0,0.0,0.0,0.0,0.0,0.0,0.0,0.0
100,100,0.0,79.1153837162544,0.0,0.0,0.0,77.70371346049492,0.0,69.72975634381869,0.0,0.0,94.24173539267227,72.91372780031051,90.15518464533112,72.21760700279764,68.46495859309407,71.36059325756452,66.18125126786258,0.0,0.0,0.0,0.0,0.0,0.0,0.0,0.0,0.0,0.0,0.0,0.0,0.0
101,101,0.0,78.75308597703587,0.0,0.0,0.0,77.73303102323547,0.0,71.01597064909028,0.0,0.0,94.01856913791313,72.10385206648373,89.82396269796723,70.07163850755934,70.41651582288875,71.11048131051744,69.01293055198566,0.0,0.0,0.0,0.0,0.0,0.0,0.0,0.0,0.0,0.0,0.0,0.0,0.0
102,102,0.0,79.93750846141904,0.0,0.0,0.0,78.9176403581866,0.0,70.50466002738362,0.0,0.0,95.10133150022091,72.22011825786252,90.25685971453072,72.56926862256857,67.18464753735242,71.52046914501504,68.0106115309568,0.0,0.0,0.0,0.0,0.0,0.0,0.0,0.0,0.0,0.0,0.0,0.0,0.0
103,103,0.0,77.9046577131324,0.0,0.0,0.0,76.47762343380005,0.0,71.3425348554969,0.0,0.0,96.2665688324987,70.33655457270702,92.82309828904644,71.6147855092445,68.08694408517329,71.14778618052668,68.41362776732034,0.0,0.0,0.0,0.0,0.0,0.0,0.0,0.0,0.0,0.0,0.0,0.0,0.0
104,104,0.0,79.06178086026067,0.0,0.0,0.0,76.05723739575346,0.0,70.46735966881546,0.0,0.0,94.19082639264612,72.38969456211633,92.20411338826963,70.96830416763356,68.71747425384797,72.88169473107091,67.68115662708588,0.0,0.0,0.0,0.0,0.0,0.0,0.0,0.0,0.0,0.0,0.0,0.0,0.0
105,105,0.0,79.12022163785286,0.0,0.0,0.0,74.89568833618804,0.0,69.00648359371817,0.0,0.0,95.31044543013186,71.77939192146718,92.46161204153812,70.38373712729948,68.09287725983606,70.89402257345853,69.73673667792531,0.0,0.0,0.0,0.0,0.0,0.0,0.0,0.0,0.0,0.0,0.0,0.0,0.0
106,106,0.0,77.33513070390217,0.0,0.0,0.0,75.70217951030229,0.0,69.83842895709972,0.0,0.0,94.66243095031663,72.1774596352507,93.58384968482312,72.43543152419657,67.36434190073543,69.84552276580665,68.58903867109537,0.0,0.0,0.0,0.0,0.0,0.0,0.0,0.0,0.0,0.0,0.0,0.0,0.0
107,107,0.0,79.52508381376177,0.0,0.0,0.0,75.68601757723678,0.0,69.65833363574762,0.0,0.0,93.99113540042829,73.30209331101544,91.18000615647583,72.58375249157092,67.95202831503059,72.0642176972933,71.95165101705298,0.0,0.0,0.0,0.0,0.0,0.0,0.0,0.0,0.0,0.0,0.0,0.0,0.0
108,108,0.0,78.96724731662417,0.0,0.0,0.0,74.77232407742255,0.0,66.85934535542142,0.0,0.0,92.90511907156646,73.7945927735755,94.26273282186253,71.17120608805641,66.97773937309252,72.1114262336401,69.07826479114074,0.0,0.0,0.0,0.0,0.0,0.0,0.0,0.0,0.0,0.0,0.0,0.0,0.0
109,109,0.0,76.8025191954855,0.0,0.0,0.0,74.29429879126492,0.0,68.39543204508088,0.0,0.0,94.74079460177092,71.86887041450139,93.01945140363252,69.42335552650711,68.52781385863346,73.84249861727338,69.8556025808306,0.0,0.0,0.0,0.0,0.0,0.0,0.0,0.0,0.0,0.0,0.0,0.0,0.0
110,110,0.0,77.97862288817494,0.0,0.0,0.0,75.5325874833772,0.0,67.26168666459908,0.0,0.0,93.74578896057983,73.35891305040577,94.2991825131447,73.77747307726344,68.09058867465447,73.20332038199737,69.65512452711897,0.0,0.0,0.0,0.0,0.0,0.0,0.0,0.0,0.0,0.0,0.0,0.0,0.0
111,111,0.0,78.03384327459216,0.0,0.0,0.0,73.79939346646572,0.0,67.24560766088818,0.0,0.0,94.27337762250585,72.35645488735081,96.20019425905838,71.40931516009778,68.65637127873364,75.09209399603039,70.08237691522086,0.0,0.0,0.0,0.0,0.0,0.0,0.0,0.0,0.0,0.0,0.0,0.0,0.0
112,112,0.0,76.19618393895517,0.0,0.0,0.0,72.71224119507318,0.0,65.58234573902028,0.0,0.0,93.40058139205347,71.16519670116806,94.97158205239202,73.16789749822269,67.51581789427445,75.71065342612391,69.9429116779454,0.0,0.0,0.0,0.0,0.0,0.0,0.0,0.0,0.0,0.0,0.0,0.0,0.0
113,113,0.0,76.1184528073258,0.0,0.0,0.0,72.25950954943409,0.0,65.73861911732713,0.0,0.0,93.97302516979866,72.13803274318906,94.52064945349184,75.57273235791723,67.96319253250813,74.20825107905296,72.39749581712226,0.0,0.0,0.0,0.0,0.0,0.0,0.0,0.0,0.0,0.0,0.0,0.0,0.0
114,114,0.0,76.66670512758081,0.0,0.0,0.0,72.45647338951461,0.0,66.54355519649275,0.0,0.0,91.81721303504064,70.19761378914514,94.1905911572497,73.77921474582568,69.2097086649433,76.44744632299071,70.91652963728785,0.0,0.0,0.0,0.0,0.0,0.0,0.0,0.0,0.0,0.0,0.0,0.0,0.0
115,115,0.0,77.14253780112941,0.0,0.0,0.0,74.4436926413529,0.0,0.0,0.0,0.0,90.65829708533573,71.47119150647194,96.4408520227432,73.9775343723521,68.51560183539091,76.4360807203402,72.59919129738081,0.0,0.0,0.0,0.0,0.0,0.0,0.0,0.0,0.0,0.0,0.0,0.0,0.0
116,116,0.0,74.39618823873825,0.0,0.0,0.0,73.0728392842221,0.0,0.0,0.0,0.0,93.99502981581857,72.12975185979428,95.1900284755439,73.59160718104668,67.1704790486415,76.75035370542109,71.71573779521701,0.0,0.0,0.0,0.0,0.0,0.0,0.0,0.0,0.0,0.0,0.0,0.0,0.0
117,117,0.0,75.76522239435661,0.0,0.0,0.0,71.72203490106693,0.0,0.0,0.0,0.0,90.58025198586758,70.98959042371192,96.62085704219515,73.0702649079003,68.18621331094067,76.93610977053115,73.01652577637152,0.0,0.0,0.0,0.0,0.0,0.0,0.0,0.0,0.0,0.0,0.0,0.0,0.0
118,118,0.0,72.92473431709067,0.0,0.0,0.0,70.75332009284092,0.0,0.0,0.0,0.0,91.80096095615761,69.36636593861294,95.87689303373782,74.07669403929411,67.21241268557333,76.3388342858648,71.6776851786597,0.0,0.0,0.0,0.0,0.0,0.0,0.0,0.0,0.0,0.0,0.0,0.0,0.0
119,119,0.0,74.32396823311255,0.0,0.0,0.0,71.63048622086941,0.0,0.0,0.0,0.0,90.6834834103149,71.15616621538446,96.45866182347035,73.99549316354373,68.25435089154445,79.71743193437669,73.36347451978828,0.0,0.0,0.0,0.0,0.0,0.0,0.0,0.0,0.0,0.0,0.0,0.0,0.0
120,120,0.0,71.99674710828678,0.0,0.0,0.0,69.41777374379119,0.0,0.0,0.0,0.0,90.59995027008944,71.33101761102996,96.61673004521509,74.42305069798266,69.97798439076585,78.50600112430304,74.28489202880331,64.99129411529404,0.0,0.0,0.0,0.0,0.0,0.0,0.0,0.0,0.0,0.0,0.0,0.0
121,121,0.0,74.5759707003454,0.0,0.0,0.0,70.4291790804547,0.0,0.0,0.0,0.0,91.50869853152363,69.32920066023004,97.11353192274552,73.60262172689055,68.10143125845596,79.32145764204859,73.16096746060875,66.49713331944315,0.0,0.0,0.0,0.0,0.0,0.0,0.0,0.0,0.0,0.0,0.0,0.0
122,122,0.0,71.51083427207344,0.0,0.0,0.0,71.26743475510183,0.0,0.0,0.0,0.0,91.16635070265094,70.08413680552113,97.9413617037849,74.87474269282447,68.51597019215454,80.35966367613052,75.19427008853661,63.85215330476326,0.0,0.0,0.0,0.0,0.0,0.0,0.0,0.0,0.0,0.0,0.0,0.0
123,123,0.0,71.75898786788972,0.0,0.0,0.0,69.6637425714223,0.0,0.0,0.0,0.0,89.97278763060926,70.050166205148,97.1267039109459,76.29326317693769,67.22827259926599,80.97732577763391,75.13033398250717,65.54617650841779,0.0,0.0,0.0,0.0,0.0,0.0,0.0,0.0,0.0,0.0,0.0,0.0
124,124,0.0,70.59281284545112,0.0,0.0,0.0,70.0054140956917,0.0,0.0,0.0,0.0,88.0308730548537,69.70912281797577,98.03832364795994,73.36672254753925,68.2792344853886,77.62808797862652,76.02327535696737,67.13353711627236,0.0,0.0,0.0,0.0,0.0,0.0,0.0,0.0,0.0,0.0,0.0,0.0
125,125,0.0,73.68589413610394,0.0,0.0,0.0,67.8259719013729,0.0,0.0,0.0,0.0,90.54617658953985,71.16722927805705,96.072975918091,76.28635268445811,68.1121292187019,81.42054503819328,75.34637763622871,66.04034144899506,0.0,0.0,0.0,0.0,0.0,0.0,0.0,0.0,0.0,0.0,0.0,0.0
126,126,0.0,70.26806484624635,0.0,0.0,0.0,68.26669534585079,0.0,0.0,0.0,0.0,87.13419955242048,69.34637435211482,97.68510362559512,75.50328762552132,67.25784444345285,80.62686488254468,75.38261524815516,66.67891333971463,0.0,0.0,0.0,0.0,0.0,0.0,0.0,0.0,0.0,0.0,0.0,0.0
127,127,0.0,72.23272029086571,0.0,0.0,0.0,67.56171713824918,0.0,0.0,0.0,0.0,88.33820474186456,69.37472631012835,95.90379365522581,74.61459697354083,68.39770659482193,83.4669341487772,74.9457691839393,65.86505234498028,0.0,0.0,0.0,0.0,0.0,0.0,0.0,0.0,0.0,0.0,0.0,0.0
128,128,0.0,71.07992206257573,0.0,0.0,0.0,66.79090654170471,0.0,0.0,0.0,0.0,89.04777825807311,70.86663388793707,94.70875105999134,75.98124152100822,66.85683537871556,81.99960460807446,75.6831069091805,65.99171874437562,0.0,0.0,0.0,0.0,0.0,0.0,0.0,0.0,0.0,0.0,0.0,0.0
129,129,0.0,70.9488647945842,0.0,0.0,0.0,65.71200148135195,0.0,0.0,0.0,0.0,88.37622947792025,68.64305278480964,97.7959197602549,74.01936045490518,66.59002855775782,83.94397760669966,76.08759018417601,68.37189075930846,0.0,0.0,0.0,0.0,0.0,0.0,0.0,0.0,0.0,0.0,0.0,0.0
130,130,0.0,69.44194076061991,0.0,0.0,0.0,67.12009336847457,0.0,0.0,0.0,0.0,87.66846249977782,67.9080012450344,98.5395789152453,73.78979864818957,67.15683737805459,81.43170566388557,76.44853945621321,68.50392361191483,0.0,0.0,0.0,0.0,0.0,0.0,0.0,0.0,0.0,0.0,0.0,0.0
131,131,0.0,67.26270854994236,0.0,0.0,0.0,66.4068527652963,0.0,0.0,0.0,0.0,87.1233896363061,69.79177440729246,98.81398880634583,74.06364067795477,67.95297266240667,81.87206867008531,75.56667195120865,68.72926110221346,0.0,0.0,0.0,0.0,0.0,0.0,0.0,0.0,0.0,0.0,0.0,0.0
132,132,0.0,70.60462818432251,0.0,0.0,0.0,66.10476260281104,0.0,0.0,0.0,0.0,87.03041981942101,68.22664744953991,96.46966933973096,74.50973327234101,68.13806331355626,85.03137563847022,76.2222484388861,68.80345375355616,0.0,0.0,0.0,0.0,0.0,0.0,0.0,0.0,0.0,0.0,0.0,0.0
133,133,0.0,67.88990286671626,0.0,0.0,0.0,65.56309469653438,0.0,0.0,0.0,0.0,85.25153744052488,66.06771020760912,99.48006008718244,73.72440538006242,67.42443877673752,83.45601242798936,75.87354043315949,69.74459477254037,0.0,0.0,0.0,0.0,0.0,0.0,0.0,0.0,0.0,0.0,0.0,0.0
134,134,0.0,67.80534786355305,0.0,0.0,0.0,66.96256253691904,0.0,0.0,0.0,0.0,86.23174647112843,68.58997142981701,98.8299630612869,75.45378769087847,68.46781370092967,85.83674136287986,77.08242624009135,69.86880447154634,0.0,0.0,0.0,0.0,0.0,0.0,0.0,0.0,0.0,0.0,0.0,0.0
135,135,0.0,68.79679778979208,0.0,0.0,0.0,64.24510770074343,0.0,0.0,0.0,0.0,84.62370620954384,66.69936212387884,97.09750891476448,76.66087839093646,65.81642281549811,84.4459513528738,76.92266279224867,70.60774794475182,65.71735186297053,0.0,0.0,0.0,0.0,0.0,0.0,0.0,0.0,0.0,0.0,0.0
136,136,0.0,69.25347048324822,0.0,0.0,0.0,0.0,0.0,0.0,0.0,0.0,85.69807172824777,67.47695503594085,96.93784433218826,77.14404481657932,67.89399341402135,84.61219965164123,77.33532683023758,70.79181566294535,65.80436917846163,0.0,0.0,0.0,0.0,0.0,0.0,0.0,0.0,0.0,0.0,0.0
137,137,0.0,67.13318227824774,0.0,0.0,0.0,0.0,0.0,0.0,0.0,0.0,84.57767906163467,68.08740688042965,97.97442691342277,74.23168637914506,66.79874157720607,85.85464749508861,77.51911586676023,71.95623689595853,67.61304171182809,0.0,0.0,0.0,0.0,0.0,0.0,0.0,0.0,0.0,0.0,0.0
138,138,0.0,68.66543045719587,0.0,0.0,0.0,0.0,0.0,0.0,0.0,0.0,83.97472185746358,66.65304382446767,96.04089499475201,75.31046594757059,66.48032399774704,85.26446591756712,79.4152224700415,70.188658539963,64.23418220847378,0.0,0.0,0.0,0.0,0.0,0.0,0.0,0.0,0.0,0.0,0.0
139,139,0.0,67.28378978265458,0.0,0.0,0.0,0.0,0.0,0.0,0.0,0.0,84.93236809971648,67.94196459813953,97.93504243118274,75.9187028984719,66.7716006158029,88.13602358430924,77.02300240068087,71.62542884465303,68.11092313513926,0.0,0.0,0.0,0.0,0.0,0.0,0.0,0.0,0.0,0.0,0.0
140,140,0.0,66.58539566787617,0.0,0.0,0.0,0.0,0.0,0.0,0.0,0.0,83.77269581658524,65.7886711704683,96.44361665272878,73.44866031724742,66.42938516406113,85.9739408322975,79.80847192740762,72.59852590025213,66.36944747034372,0.0,0.0,0.0,0.0,0.0,0.0,0.0,0.0,0.0,0.0,0.0
141,141,0.0,66.57823532693388,0.0,0.0,0.0,0.0,0.0,0.0,0.0,0.0,83.36360331364808,66.1986003057631,95.23496250497462,74.49659261406872,65.23048936454582,85.2253074232916,77.9897589205631,72.1290641255865,67.65409434497148,0.0,0.0,0.0,0.0,0.0,0.0,0.0,0.0,0.0,0.0,0.0
142,142,0.0,67.9527423964035,0.0,0.0,0.0,0.0,0.0,0.0,0.0,0.0,82.76105993075421,64.57976365699056,96.26568121866343,76.25712379143933,64.75424619460925,86.34036448318486,78.96061137932487,72.81256847435381,67.21620974016056,0.0,0.0,0.0,0.0,0.0,0.0,0.0,0.0,0.0,0.0,0.0
143,143,0.0,65.19586324025997,0.0,0.0,0.0,0.0,0.0,0.0,0.0,0.0,82.07775349005146,64.9092600800184,94.83178774680536,73.42161864512211,65.7663576486,86.31203843401939,78.82099129534892,71.8569837347791,68.60109626878189,0.0,0.0,0.0,0.0,0.0,0.0,0.0,0.0,0.0,0.0,0.0
144,144,0.0,65.73519343032017,0.0,0.0,0.0,0.0,0.0,0.0,0.0,0.0,80.23834042467237,67.12040534933772,95.23076693416886,76.37696592000128,66.06297316078437,88.53805089347189,78.71955025262253,73.65401737105604,69.78562798073999,0.0,0.0,0.0,0.0,0.0,0.0,0.0,0.0,0.0,0.0,0.0
145,145,0.0,0.0,0.0,0.0,0.0,0.0,0.0,0.0,0.0,0.0,82.33701601929647,65.323068893915,93.6116997317398,74.76665591670016,66.01405177042,89.22197160259421,78.88703158936698,73.08314104419354,68.01613873364873,0.0,0.0,0.0,0.0,0.0,0.0,0.0,0.0,0.0,0.0,0.0
146,146,0.0,0.0,0.0,0.0,0.0,0.0,0.0,0.0,0.0,0.0,82.04530220641762,66.76312417266021,95.52705249112384,74.19478622311756,66.14836379733347,88.5621142744079,79.48110422828502,75.71410863331211,69.18774911760259,0.0,0.0,0.0,0.0,0.0,0.0,0.0,0.0,0.0,0.0,0.0
147,147,0.0,0.0,0.0,0.0,0.0,0.0,0.0,0.0,0.0,0.0,82.98272656299625,64.25408076762788,93.37296232511777,73.17743380275958,64.4890612150415,88.12782646363486,77.86052107750628,74.71370089629562,68.40775858679477,64.83797452273518,0.0,0.0,0.0,0.0,0.0,0.0,0.0,0.0,0.0,0.0
148,148,0.0,0.0,0.0,0.0,0.0,0.0,0.0,0.0,0.0,0.0,81.41345970399776,0.0,92.61428182236054,74.1815130192544,66.0161071617884,86.58561041945876,80.38086336232011,73.90495636906924,68.73172262099145,64.99257885156491,0.0,0.0,0.0,0.0,0.0,0.0,0.0,0.0,0.0,0.0
149,149,0.0,0.0,0.0,0.0,0.0,0.0,0.0,0.0,0.0,0.0,80.15272953155805,0.0,93.9439767913496,72.8691052236978,0.0,88.1243903620373,79.16952903650856,75.33290263359287,71.43648842007752,66.89305656642327,0.0,0.0,0.0,0.0,0.0,0.0,0.0,0.0,0.0,0.0
150,150,0.0,0.0,0.0,0.0,0.0,0.0,0.0,0.0,0.0,0.0,77.21834150473282,0.0,95.82464257681649,72.58131959398334,0.0,89.83263321456256,78.43975851807127,76.2467404024442,71.14955114586806,66.09223686003769,0.0,0.0,0.0,0.0,0.0,0.0,0.0,0.0,0.0,0.0
151,151,0.0,0.0,0.0,0.0,0.0,0.0,0.0,0.0,0.0,0.0,78.55107515744504,0.0,94.04380111963954,74.12072344840006,0.0,89.04968483254697,79.56206410548624,76.37051353746227,71.45422916013291,65.56860274659807,64.6386631694014,0.0,0.0,0.0,0.0,0.0,0.0,0.0,0.0,0.0
152,152,0.0,0.0,0.0,0.0,0.0,0.0,0.0,0.0,0.0,0.0,77.36306750557749,0.0,92.3668282502083,73.98408635090674,0.0,91.38293817990221,80.48843845618566,76.72703635131579,70.87642857566144,65.52266234873848,65.79153148270849,0.0,0.0,0.0,0.0,0.0,0.0,0.0,0.0,0.0
153,153,0.0,0.0,0.0,0.0,0.0,0.0,0.0,0.0,0.0,0.0,79.46018633133886,0.0,91.55084276832326,72.4794167008473,0.0,88.83303962381845,79.10009805348714,75.0794812126021,72.19010305759593,67.55053525852266,65.0918376161607,0.0,0.0,0.0,0.0,0.0,0.0,0.0,0.0,0.0
154,154,0.0,0.0,0.0,0.0,0.0,0.0,0.0,0.0,0.0,0.0,76.80271794674627,0.0,94.11964993301069,72.5813967148859,0.0,89.58076148229709,80.39878199420393,76.83725399937232,74.0520137224681,69.47695031951606,66.27479582497074,0.0,0.0,0.0,0.0,0.0,0.0,0.0,0.0,0.0
155,155,0.0,0.0,0.0,0.0,0.0,0.0,0.0,0.0,0.0,0.0,78.56177142458947,0.0,90.41041156746589,72.46146944104761,0.0,89.59251330792824,79.646195030297,77.78326675428504,71.44216984359518,69.7801040410525,66.27260531049193,0.0,0.0,0.0,0.0,0.0,0.0,0.0,0.0,0.0
156,156,0.0,0.0,0.0,0.0,0.0,0.0,0.0,0.0,0.0,0.0,76.95152981258994,0.0,91.2792557263651,72.62174801498503,0.0,90.18944405375136,79.1562813106688,77.13673839704771,72.44639370933285,71.13443289693694,65.35011825137234,0.0,0.0,0.0,0.0,0.0,0.0,0.0,0.0,0.0
157,157,0.0,0.0,0.0,0.0,0.0,0.0,0.0,0.0,0.0,0.0,75.80371051216375,0.0,90.9823725371719,73.12949880036423,0.0,90.36774850549047,80.03664749812714,79.17636232803856,73.3665065718699,71.48269799778117,67.28405837837745,0.0,0.0,0.0,0.0,0.0,0.0,0.0,0.0,0.0
158,158,0.0,0.0,0.0,0.0,0.0,0.0,0.0,0.0,0.0,0.0,75.03718805692668,0.0,89.44201837492591,73.66099909935694,0.0,92.30258552563544,79.26900219949131,81.01811269496447,72.4675156896047,69.53507042672601,66.98121578088502,0.0,0.0,0.0,0.0,0.0,0.0,0.0,0.0,0.0
159,159,0.0,0.0,0.0,0.0,0.0,0.0,0.0,0.0,0.0,0.0,73.60321323590055,0.0,91.2460623079993,74.37340488774983,0.0,91.18999946489684,81.47920098854436,77.11169678831355,74.45707092408269,69.70453344298863,66.45501428080408,0.0,0.0,0.0,0.0,0.0,0.0,0.0,0.0,0.0
160,160,0.0,0.0,0.0,0.0,0.0,0.0,0.0,0.0,0.0,0.0,74.03450720765562,0.0,90.86939112946129,72.98606564179302,0.0,89.53555370080078,79.79217961134985,78.677714805692,73.60467457152431,72.02513116981888,66.47205035584633,0.0,0.0,0.0,0.0,0.0,0.0,0.0,0.0,0.0
161,161,0.0,0.0,0.0,0.0,0.0,0.0,0.0,0.0,0.0,0.0,74.06380938430273,0.0,90.5098775314246,72.2582863394797,0.0,89.8866089353906,77.69370183198006,78.66109986886893,73.03752868532517,69.67592115827067,66.4817264358278,0.0,0.0,0.0,0.0,0.0,0.0,0.0,0.0,0.0
162,162,0.0,0.0,0.0,0.0,0.0,0.0,0.0,0.0,0.0,0.0,73.48473777298743,0.0,88.98786752561209,72.04229853821347,0.0,92.98532139237928,79.5772128566085,77.35826851000976,74.86016338321448,72.15905884739936,65.30859975515446,0.0,0.0,0.0,0.0,0.0,0.0,0.0,0.0,0.0
163,163,0.0,0.0,0.0,0.0,0.0,0.0,0.0,0.0,0.0,0.0,72.11465566995989,0.0,90.41838028913233,74.38199459155527,0.0,93.45442188199308,81.72199091585897,79.00015318362934,76.29155547090687,72.01350448686172,67.62083612996392,0.0,0.0,0.0,0.0,0.0,0.0,0.0,0.0,0.0
164,164,0.0,0.0,0.0,0.0,0.0,0.0,0.0,0.0,0.0,0.0,74.10921727675144,0.0,89.27664724326226,71.87660897357225,0.0,93.45447278519357,79.57910553170304,81.07218445250284,78.38676741767162,73.12899435690183,69.8893443537122,0.0,0.0,0.0,0.0,0.0,0.0,0.0,0.0,0.0
165,165,0.0,0.0,0.0,0.0,0.0,0.0,0.0,0.0,0.0,0.0,72.13899381392659,0.0,90.36411310650668,71.16980945552245,0.0,91.06203887143594,79.71970383244833,80.69543452973143,76.10795942860909,72.71849280781426,67.61064386561377,0.0,0.0,0.0,0.0,0.0,0.0,0.0,0.0,0.0
166,166,0.0,0.0,0.0,0.0,0.0,0.0,0.0,0.0,0.0,0.0,71.96221406764704,0.0,87.60054710336448,71.39504980625647,0.0,89.91132100476814,80.09865705417167,80.3250108551949,74.50848798077652,73.91808499107505,67.88118252224847,0.0,0.0,0.0,0.0,0.0,0.0,0.0,0.0,0.0
167,167,0.0,0.0,0.0,0.0,0.0,0.0,0.0,0.0,0.0,0.0,70.63658044146864,0.0,87.37462836771307,71.0429700198475,0.0,93.0116440141948,77.44122620428139,80.14084936618279,75.49768855806403,72.16273204538159,69.0313477418692,0.0,0.0,0.0,0.0,0.0,0.0,0.0,0.0,0.0
168,168,0.0,0.0,0.0,0.0,0.0,0.0,0.0,0.0,0.0,0.0,70.34909474253648,0.0,86.70677476256861,71.94124505251747,0.0,92.8446640046207,80.41289198174164,81.50248194712168,78.96322750461874,74.97171882826153,67.15965799382309,0.0,0.0,0.0,0.0,0.0,0.0,0.0,0.0,0.0
169,169,0.0,0.0,0.0,0.0,0.0,0.0,0.0,0.0,0.0,0.0,70.20550596336729,0.0,87.33714617093611,72.52792716973488,0.0,92.56171451251149,79.78156167306902,82.34147282038572,76.69759297274287,76.21788347815277,70.07019710780988,0.0,0.0,0.0,0.0,0.0,0.0,0.0,0.0,0.0
170,170,0.0,0.0,0.0,0.0,0.0,0.0,0.0,0.0,0.0,0.0,70.59727920055872,0.0,87.04249960175517,69.75245449253275,0.0,93.05098606176863,79.80690467988998,80.02667977216636,76.6080576810671,75.42649277367552,67.7848219255815,0.0,0.0,0.0,0.0,0.0,0.0,0.0,0.0,0.0
171,171,0.0,0.0,0.0,0.0,0.0,0.0,0.0,0.0,0.0,0.0,68.50374862122803,0.0,85.16217837663308,71.43848883646483,0.0,92.09699274136277,78.29004694753822,82.38502802725725,77.03993974679013,74.63027156261394,67.88274993638285,0.0,0.0,0.0,0.0,0.0,0.0,0.0,0.0,0.0
172,172,0.0,0.0,0.0,0.0,0.0,0.0,0.0,0.0,0.0,0.0,68.81374966998007,0.0,84.77792918347262,70.14650637851487,0.0,93.36231478379351,78.9459909157977,84.05134268195711,76.96249093887509,74.99700586864672,68.69680635760716,66.12282037491975,0.0,0.0,0.0,0.0,0.0,0.0,0.0,0.0
173,173,0.0,0.0,0.0,0.0,0.0,0.0,0.0,0.0,0.0,0.0,68.85718924325366,0.0,85.7842630931352,70.82159496590508,0.0,93.33224845869502,79.63654195817352,81.28713240646051,79.31445363864721,77.0893338804759,69.78718348015504,66.85981836412391,0.0,0.0,0.0,0.0,0.0,0.0,0.0,0.0
174,174,0.0,0.0,0.0,0.0,0.0,0.0,0.0,0.0,0.0,0.0,67.0249260247351,0.0,84.68576575339321,70.24188963015038,0.0,92.95801097373936,79.98939008603882,81.62847282248848,79.7459759132398,77.41780414101902,70.85037390955497,65.46061793290403,0.0,0.0,0.0,0.0,0.0,0.0,0.0,0.0
175,175,0.0,0.0,0.0,0.0,0.0,0.0,0.0,0.0,0.0,0.0,67.29094285428465,0.0,83.07758324956976,70.56911226172132,0.0,91.69667163744238,77.65215616278056,83.20577645644585,78.96597338090567,76.90306999882566,69.95379944761257,65.60382854280454,0.0,0.0,0.0,0.0,0.0,0.0,0.0,0.0
176,176,0.0,0.0,0.0,0.0,0.0,0.0,0.0,0.0,0.0,0.0,67.84087356570124,0.0,83.05901628794908,68.7244392032281,0.0,92.76444316045779,78.54724958982061,81.18745565930439,78.3379819220579,77.7696131923759,69.24353477746098,67.40079509778055,0.0,0.0,0.0,0.0,0.0,0.0,0.0,0.0
177,177,0.0,0.0,0.0,0.0,0.0,0.0,0.0,0.0,0.0,0.0,68.6053938001195,0.0,82.34450800786306,69.06936343103189,0.0,93.165141725082,79.37103799065167,84.27144959919423,77.93712712484411,78.7574735814957,71.15648896576856,66.88719204822877,0.0,0.0,0.0,0.0,0.0,0.0,0.0,0.0
178,178,0.0,0.0,0.0,0.0,0.0,0.0,0.0,0.0,0.0,0.0,67.52660811091867,0.0,84.45399549809967,68.589669167245,0.0,92.37848425813439,77.38424200683335,82.64936699461627,79.36082913152428,78.18713601233878,71.31620690260358,66.93716702466921,0.0,0.0,0.0,0.0,0.0,0.0,0.0,0.0
179,179,0.0,0.0,0.0,0.0,0.0,0.0,0.0,0.0,0.0,0.0,66.69466300482603,0.0,83.11611133428633,69.14845601795659,0.0,90.9076143933224,78.49771285291392,84.04312433476989,79.06830691792304,78.35481241670742,71.2563102490644,66.79897915678798,0.0,0.0,0.0,0.0,0.0,0.0,0.0,0.0
180,180,0.0,0.0,0.0,0.0,0.0,0.0,0.0,0.0,0.0,0.0,65.52878512756661,0.0,82.1912870700622,68.06231222734819,0.0,92.46481987091481,78.22493606402968,83.12928186789816,82.50351561738631,77.57434706282042,70.23872689904971,66.2586863984227,0.0,0.0,0.0,0.0,0.0,0.0,0.0,0.0
181,181,0.0,0.0,0.0,0.0,0.0,0.0,0.0,0.0,0.0,0.0,65.54953668904193,0.0,81.50762558278677,69.6960812432852,0.0,88.97767634418146,77.9740885322815,84.63568709028554,82.75230039758492,79.89547032996599,69.33447804447039,67.5673111184092,0.0,0.0,0.0,0.0,0.0,0.0,0.0,0.0
182,182,0.0,0.0,0.0,0.0,0.0,0.0,0.0,0.0,0.0,0.0,0.0,0.0,83.47120656285024,69.86361436629552,0.0,91.06564363216937,77.32747836334043,81.4691531257628,80.27073798046919,80.95491096865692,71.17987244367518,66.6088823221087,0.0,0.0,0.0,0.0,0.0,0.0,0.0,0.0
183,183,0.0,0.0,0.0,0.0,0.0,0.0,0.0,0.0,0.0,0.0,0.0,0.0,80.56002170082225,67.4873909376851,0.0,93.4182113183829,77.83344749439672,84.38506353711487,80.94144363703484,82.40602430075823,68.20293893088197,69.18291534336389,0.0,0.0,0.0,0.0,0.0,0.0,0.0,0.0
184,184,0.0,0.0,0.0,0.0,0.0,0.0,0.0,0.0,0.0,0.0,0.0,0.0,81.18242418741058,67.72898074781288,0.0,91.17534031315606,77.88498713599128,84.08203001932496,81.06546899571153,81.04031320502192,70.32555022408178,68.59920952471838,0.0,0.0,0.0,0.0,0.0,0.0,0.0,0.0
185,185,0.0,0.0,0.0,0.0,0.0,0.0,0.0,0.0,0.0,0.0,0.0,0.0,78.33399873569562,67.70364593030281,0.0,91.25805572322209,76.13438472362284,83.46859600687866,79.2368788485022,80.50830193431904,69.48588624745068,70.45062203902432,65.20200156895412,0.0,0.0,0.0,0.0,0.0,0.0,0.0
186,186,0.0,0.0,0.0,0.0,0.0,0.0,0.0,0.0,0.0,0.0,0.0,0.0,76.16931889433371,68.90364381385352,0.0,89.32033472809469,76.88107946458739,83.52933745398893,82.28561149074204,81.31061561497914,71.87042040664343,69.86309095663292,64.32999489379114,0.0,0.0,0.0,0.0,0.0,0.0,0.0
187,187,0.0,0.0,0.0,0.0,0.0,0.0,0.0,0.0,0.0,0.0,0.0,0.0,78.80559324967037,64.9118121369641,0.0,89.40867151700614,77.4678403053097,82.33464490016209,81.14027503170638,82.0402968526666,72.59842994399395,70.519481907735,66.87458948885805,0.0,0.0,0.0,0.0,0.0,0.0,0.0
188,188,0.0,0.0,0.0,0.0,0.0,0.0,0.0,0.0,0.0,0.0,0.0,0.0,78.02496305922037,66.25741720039449,0.0,90.9942845269962,77.7651925442161,84.55097748566206,82.17788373555722,81.56568384893569,69.94892942242818,67.59930614195528,67.65629421366515,0.0,0.0,0.0,0.0,0.0,0.0,0.0
189,189,0.0,0.0,0.0,0.0,0.0,0.0,0.0,0.0,0.0,0.0,0.0,0.0,76.79519435789715,66.82461861037605,0.0,90.28318510253084,76.61354051132426,84.30225592229081,79.75145992276519,82.68711688568425,71.59413653315465,70.84335858942391,67.1237395999472,0.0,0.0,0.0,0.0,0.0,0.0,0.0
190,190,0.0,0.0,0.0,0.0,0.0,0.0,0.0,0.0,0.0,0.0,0.0,0.0,77.90726235644132,66.3429494579052,0.0,88.889248632457,76.87703066623551,83.66574167086769,82.87302864392424,83.5789766923017,70.99677117920135,71.55949079945943,67.29459861677428,0.0,0.0,0.0,0.0,0.0,0.0,0.0
191,191,0.0,0.0,0.0,0.0,0.0,0.0,0.0,0.0,0.0,0.0,0.0,0.0,76.40600962328206,65.69044681401613,0.0,89.91111231263248,76.14232664210925,84.90793146088453,82.76719019263113,85.56981138283597,70.1653452414113,71.39266996449301,67.88747594024412,0.0,0.0,0.0,0.0,0.0,0.0,0.0
192,192,0.0,0.0,0.0,0.0,0.0,0.0,0.0,0.0,0.0,0.0,0.0,0.0,76.01039308975649,66.08788212330347,0.0,88.6859679808719,74.95048771241102,82.18808536292907,82.63931658172727,83.63434204388079,69.59176196493753,71.88048647061237,67.36509472250363,0.0,0.0,0.0,0.0,0.0,0.0,0.0
193,193,0.0,0.0,0.0,0.0,0.0,0.0,0.0,0.0,0.0,0.0,0.0,0.0,76.69501324524099,65.16007105698358,0.0,89.75521291825828,74.97312501917632,84.03977387605443,82.81160593413179,84.62712540620308,73.16194110846502,72.16976052561706,69.3350011661958,0.0,0.0,0.0,0.0,0.0,0.0,0.0
194,194,0.0,0.0,0.0,0.0,0.0,0.0,0.0,0.0,0.0,0.0,0.0,0.0,74.01747399067874,66.24893460676036,0.0,88.16740622131994,76.24425653454732,84.96518107802142,83.72481329019568,86.28583932643207,70.08632735959714,72.14207746422956,70.3624572039781,0.0,0.0,0.0,0.0,0.0,0.0,0.0
195,195,0.0,0.0,0.0,0.0,0.0,0.0,0.0,0.0,0.0,0.0,0.0,0.0,73.74680549977938,0.0,0.0,88.14479690467999,75.56581082087234,84.87801042732094,84.33728221212822,84.50033338546869,72.7141133215834,72.694683971334,71.25393111917604,0.0,0.0,0.0,0.0,0.0,0.0,0.0
196,196,0.0,0.0,0.0,0.0,0.0,0.0,0.0,0.0,0.0,0.0,0.0,0.0,74.81264749179572,0.0,0.0,89.41672968720378,75.098517643932,83.5187893243786,83.25813652627008,87.17611442792261,71.87996745393862,74.4333263276333,70.83725945627405,0.0,0.0,0.0,0.0,0.0,0.0,0.0
197,197,0.0,0.0,0.0,0.0,0.0,0.0,0.0,0.0,0.0,0.0,0.0,0.0,71.76804788140441,0.0,0.0,86.7334854786814,73.81931555824661,84.8147990528222,84.22636718043408,86.43709417938267,71.78625403910728,72.74078224526772,71.14393802860917,0.0,0.0,0.0,0.0,0.0,0.0,0.0
198,198,0.0,0.0,0.0,0.0,0.0,0.0,0.0,0.0,0.0,0.0,0.0,0.0,71.47869679254768,0.0,0.0,88.24927818994037,72.50818653945223,85.06758285563835,83.34714957712347,86.51385872341734,72.30125979052413,72.03156701040247,69.00322512209324,0.0,0.0,0.0,0.0,0.0,0.0,0.0
199,199,0.0,0.0,0.0,0.0,0.0,0.0,0.0,0.0,0.0,0.0,0.0,0.0,72.56291503937975,0.0,0.0,87.7394670142576,73.53834985542078,82.6413570574962,82.70420357727856,86.10027633461306,72.6509663873954,73.35396490644368,70.59520020726961,0.0,0.0,0.0,0.0,0.0,0.0,0.0
200,200,0.0,0.0,0.0,0.0,0.0,0.0,0.0,0.0,0.0,0.0,0.0,0.0,73.03053138566229,0.0,0.0,86.38155102282197,73.64160512639727,84.99945911090863,80.72658308646982,87.41516553032548,71.252460494256,73.0598564155849,73.61961079726505,0.0,0.0,0.0,0.0,0.0,0.0,0.0
201,201,0.0,0.0,0.0,0.0,0.0,0.0,0.0,0.0,0.0,0.0,0.0,0.0,71.85757444935713,0.0,0.0,86.7376761962154,74.90612109571828,85.99142723274466,83.0575662705399,89.72512322900234,70.48467374984085,73.60515677702166,72.87818707428416,0.0,0.0,0.0,0.0,0.0,0.0,0.0
202,202,0.0,0.0,0.0,0.0,0.0,0.0,0.0,0.0,0.0,0.0,0.0,0.0,69.46560298745379,0.0,0.0,86.04388662378143,74.37981703143011,81.98347050864007,84.70210534348794,88.10716727301102,72.42367892457132,71.83674161317008,72.85479558803155,0.0,0.0,0.0,0.0,0.0,0.0,0.0
203,203,0.0,0.0,0.0,0.0,0.0,0.0,0.0,0.0,0.0,0.0,0.0,0.0,72.02159270191648,0.0,0.0,84.39725452923466,73.75303609591668,84.43098943045489,83.0783930612787,87.25401027688008,71.68195224850116,73.58834778716646,72.14744020569363,0.0,0.0,0.0,0.0,0.0,0.0,0.0
204,204,0.0,0.0,0.0,0.0,0.0,0.0,0.0,0.0,0.0,0.0,0.0,0.0,71.34128578675559,0.0,0.0,84.19858356950179,71.35167148741884,85.41735034220558,83.03306278698435,89.05891033947142,71.71425409056317,74.57781626307046,73.12204041290946,0.0,0.0,0.0,0.0,0.0,0.0,0.0
205,205,0.0,0.0,0.0,0.0,0.0,0.0,0.0,0.0,0.0,0.0,0.0,0.0,69.44987430638088,0.0,0.0,84.87929359503634,72.39723896833843,84.09734663049032,83.34721438977338,90.30636106181596,70.65754539183736,73.59872046005515,74.58189824655453,0.0,0.0,0.0,0.0,0.0,0.0,0.0
206,206,0.0,0.0,0.0,0.0,0.0,0.0,0.0,0.0,0.0,0.0,0.0,0.0,69.83374100773919,0.0,0.0,84.29448222316122,72.37459520222575,83.90399609697246,83.36112735794589,89.19796747543786,71.02067611157604,75.26441634740894,73.39635266202778,67.04961991695453,0.0,0.0,0.0,0.0,0.0,0.0
207,207,0.0,0.0,0.0,0.0,0.0,0.0,0.0,0.0,0.0,0.0,0.0,0.0,69.29504607687691,0.0,0.0,84.73189448427476,72.76209582902489,81.87791556582242,83.88149253575094,92.1273239722605,71.17662354676489,75.19428881496802,73.1766971644079,65.01538358657209,0.0,0.0,0.0,0.0,0.0,0.0
208,208,0.0,0.0,0.0,0.0,0.0,0.0,0.0,0.0,0.0,0.0,0.0,0.0,66.17158676868519,0.0,0.0,85.1588329439793,70.67391474982553,84.03241687253116,82.80084553382068,87.09241506155756,71.95079539255721,76.92029696816107,76.14205171647284,64.91018935917896,0.0,0.0,0.0,0.0,0.0,0.0
209,209,0.0,0.0,0.0,0.0,0.0,0.0,0.0,0.0,0.0,0.0,0.0,0.0,67.45457667730355,0.0,0.0,83.40541919304937,72.25575306198047,83.00677109827292,83.11908055855504,92.95034611968987,72.21953713810034,75.34536816308669,77.66890974628927,65.43008404437914,0.0,0.0,0.0,0.0,0.0,0.0
210,210,0.0,0.0,0.0,0.0,0.0,0.0,0.0,0.0,0.0,0.0,0.0,0.0,66.91267671655307,0.0,0.0,82.80247793013947,71.10261193578387,83.26549917066028,83.23478396528328,90.6258042322201,71.37846447997497,76.36354486404541,75.92858981279004,66.18933820693282,0.0,0.0,0.0,0.0,0.0,0.0
211,211,0.0,0.0,0.0,0.0,0.0,0.0,0.0,0.0,0.0,0.0,0.0,0.0,65.43106668591406,0.0,0.0,81.91003825964391,70.03069202117324,83.89849691947902,85.58667627505615,90.29693145724868,70.232902716853,75.54502189290187,78.86812701747867,66.20971571442486,0.0,0.0,0.0,0.0,0.0,0.0
212,212,0.0,0.0,0.0,0.0,0.0,0.0,0.0,0.0,0.0,0.0,0.0,0.0,67.82859940315583,0.0,0.0,81.84758218504427,72.82581689916096,83.23086543866087,83.33275069741842,91.1033883939019,70.16121574645463,76.14509702504968,77.03637809790199,65.20358417948763,0.0,0.0,0.0,0.0,0.0,0.0
213,213,0.0,0.0,0.0,0.0,0.0,0.0,0.0,0.0,0.0,0.0,0.0,0.0,66.53805525190144,0.0,0.0,82.04522125478053,70.36008671703786,82.15252653702672,81.55599632580794,91.41579485352787,70.65190581237198,77.39456645979229,77.84151507395006,68.61139194354136,0.0,0.0,0.0,0.0,0.0,0.0
214,214,0.0,0.0,0.0,0.0,0.0,0.0,0.0,0.0,0.0,0.0,0.0,0.0,64.1997770906039,0.0,0.0,82.10796360521235,68.5399378861791,81.2322158824817,81.73662831773174,91.02605902817805,71.6592226076558,75.80395689431599,78.15927439869736,66.90736644048437,0.0,0.0,0.0,0.0,0.0,0.0
215,215,0.0,0.0,0.0,0.0,0.0,0.0,0.0,0.0,0.0,0.0,0.0,0.0,66.32571454372892,0.0,0.0,80.89509745022718,68.72288470750858,80.65931111848741,84.50825729647481,91.76783901430558,71.36392985993483,79.32776119476974,79.36866850079936,66.57264277382619,0.0,0.0,0.0,0.0,0.0,0.0
216,216,0.0,0.0,0.0,0.0,0.0,0.0,0.0,0.0,0.0,0.0,0.0,0.0,0.0,0.0,0.0,80.6623118538321,69.84624338727318,81.5833959781311,82.72004511937828,93.14173484278771,71.29171335584547,76.83187099641046,78.50237997894556,66.78280196864755,0.0,0.0,0.0,0.0,0.0,0.0
217,217,0.0,0.0,0.0,0.0,0.0,0.0,0.0,0.0,0.0,0.0,0.0,0.0,0.0,0.0,0.0,82.56264449780299,68.43316318225963,80.72938587490079,83.11403680458596,91.43005511087124,68.72692684707852,77.0920354765904,79.28654773637751,67.01064735999465,0.0,0.0,0.0,0.0,0.0,0.0
218,218,0.0,0.0,0.0,0.0,0.0,0.0,0.0,0.0,0.0,0.0,0.0,0.0,0.0,0.0,0.0,79.40659286440493,69.07948273878647,81.76380432373612,84.33823341558738,90.17381063102638,70.0901539373824,78.12207165627696,79.46997396361057,67.70872077416692,0.0,0.0,0.0,0.0,0.0,0.0
219,219,0.0,0.0,0.0,0.0,0.0,0.0,0.0,0.0,0.0,0.0,0.0,0.0,0.0,0.0,0.0,81.65324668323373,66.8154150484451,82.04825128414618,82.69065922041997,94.12481458093647,70.13423248571256,76.16529360257645,81.48702949352264,68.3539130070483,65.74269283618013,0.0,0.0,0.0,0.0,0.0
220,220,0.0,0.0,0.0,0.0,0.0,0.0,0.0,0.0,0.0,0.0,0.0,0.0,0.0,0.0,0.0,79.95148462198293,67.03728083482906,79.8114971931919,81.74168045286419,91.34959353317679,70.4347963928532,78.82632791362641,80.77442740442581,69.06831421509972,66.43017050602315,0.0,0.0,0.0,0.0,0.0
221,221,0.0,0.0,0.0,0.0,0.0,0.0,0.0,0.0,0.0,0.0,0.0,0.0,0.0,0.0,0.0,80.7574981846671,67.21538770938729,80.31564839908019,83.77545078919796,91.94594833470947,70.47411303980871,79.24116627604607,81.87468762175739,70.28126864977978,66.44504377061182,0.0,0.0,0.0,0.0,0.0
222,222,0.0,0.0,0.0,0.0,0.0,0.0,0.0,0.0,0.0,0.0,0.0,0.0,0.0,0.0,0.0,79.16714859016523,66.37157045175897,80.72660383378782,82.43543895668613,92.09320631206216,71.45013835857574,80.22135796072159,83.10199723349477,68.54533195498719,66.62889687774693,0.0,0.0,0.0,0.0,0.0
223,223,0.0,0.0,0.0,0.0,0.0,0.0,0.0,0.0,0.0,0.0,0.0,0.0,0.0,0.0,0.0,79.35587921195659,67.35781321648005,79.36462909876836,82.63708730988643,92.60337597632912,70.26462561806959,77.80208347621186,82.13615792810764,70.89470416117656,66.71918023940701,0.0,0.0,0.0,0.0,0.0
224,224,0.0,0.0,0.0,0.0,0.0,0.0,0.0,0.0,0.0,0.0,0.0,0.0,0.0,0.0,0.0,76.57824546254805,64.23923465085407,80.79085591971082,84.8735703576715,90.81403384506565,69.94830824530398,78.34053431559585,82.31131726376714,70.68167894112261,64.81472595010544,0.0,0.0,0.0,0.0,0.0
225,225,0.0,0.0,0.0,0.0,0.0,0.0,0.0,0.0,0.0,0.0,0.0,0.0,0.0,0.0,0.0,77.06643429994784,66.17462023261297,81.08053207074063,80.08870299382313,93.06458478441463,69.3621889264961,77.59435930274005,83.88483899088436,70.70878321413608,67.42947414577009,0.0,0.0,0.0,0.0,0.0
226,226,0.0,0.0,0.0,0.0,0.0,0.0,0.0,0.0,0.0,0.0,0.0,0.0,0.0,0.0,0.0,77.40023399339282,67.96197020887209,78.35531074563707,81.10372192781844,93.9456721864903,70.66035255619336,79.55201548575036,84.71048552535909,69.68128124154438,67.73577270369557,0.0,0.0,0.0,0.0,0.0
227,227,0.0,0.0,0.0,0.0,0.0,0.0,0.0,0.0,0.0,0.0,0.0,0.0,0.0,0.0,0.0,77.80136766302732,66.03968048699203,80.64922157604686,82.14929239862978,93.07474181541691,68.70711646893568,80.8848221331939,83.83585379177642,71.69198573821805,69.1630217380992,0.0,0.0,0.0,0.0,0.0
228,228,0.0,0.0,0.0,0.0,0.0,0.0,0.0,0.0,0.0,0.0,0.0,0.0,0.0,0.0,0.0,76.58541601058545,64.77549540864264,78.60652402903816,83.4393292591999,92.28894822745082,67.4734407620267,80.575539421413,85.04845725626348,71.61238919571416,68.66202923888827,0.0,0.0,0.0,0.0,0.0
229,229,0.0,0.0,0.0,0.0,0.0,0.0,0.0,0.0,0.0,0.0,0.0,0.0,0.0,0.0,0.0,76.52675974795208,0.0,79.16909375370216,79.75325925689746,92.72413445924892,70.54274835476892,78.42288313867205,84.26789617099686,70.24185718215243,69.22140702860835,0.0,0.0,0.0,0.0,0.0
230,230,0.0,0.0,0.0,0.0,0.0,0.0,0.0,0.0,0.0,0.0,0.0,0.0,0.0,0.0,0.0,76.26932974249988,0.0,78.14311707377962,80.98126515502057,92.8302661264157,70.34410992427493,79.16477570301693,85.09729756580425,70.67814158169695,70.13076294093955,0.0,0.0,0.0,0.0,0.0
231,231,0.0,0.0,0.0,0.0,0.0,0.0,0.0,0.0,0.0,0.0,0.0,0.0,0.0,0.0,0.0,72.4071757487662,0.0,77.2655648841394,81.80846797275505,94.16093603828485,66.7051891836347,80.0237266248663,85.3834141975433,70.83321193948778,71.59469657731464,0.0,0.0,0.0,0.0,0.0
232,232,0.0,0.0,0.0,0.0,0.0,0.0,0.0,0.0,0.0,0.0,0.0,0.0,0.0,0.0,0.0,75.17157690940786,0.0,77.35072828355511,80.5503974232352,92.33119937887926,69.06208984916005,78.69551016981501,88.00886475175095,71.74955677775186,70.53668047216937,0.0,0.0,0.0,0.0,0.0
233,233,0.0,0.0,0.0,0.0,0.0,0.0,0.0,0.0,0.0,0.0,0.0,0.0,0.0,0.0,0.0,74.97198139864611,0.0,77.17716717375806,81.7523078201958,94.41302844842434,67.14327307138443,81.06992008296153,89.03773475568205,69.72521150157928,71.48844982071407,0.0,0.0,0.0,0.0,0.0
234,234,0.0,0.0,0.0,0.0,0.0,0.0,0.0,0.0,0.0,0.0,0.0,0.0,0.0,0.0,0.0,72.92262722136765,0.0,77.27422410860625,80.86543255801105,92.4042580649232,68.28396441153154,79.05324967973618,86.41391788164681,73.1518384509232,71.42765898024086,0.0,0.0,0.0,0.0,0.0
235,235,0.0,0.0,0.0,0.0,0.0,0.0,0.0,0.0,0.0,0.0,0.0,0.0,0.0,0.0,0.0,73.08220314825601,0.0,77.45098864599338,79.89291231065056,91.29913103295107,69.23881973863608,79.78822407880799,88.76305252601632,70.44488430858553,71.74768031016309,0.0,0.0,0.0,0.0,0.0
236,236,0.0,0.0,0.0,0.0,0.0,0.0,0.0,0.0,0.0,0.0,0.0,0.0,0.0,0.0,0.0,73.04483348961698,0.0,77.23428431506446,79.85507493357922,91.183645620445,67.50814291341472,79.34576124052225,88.16956374010462,70.7938497954075,73.67215223918437,0.0,0.0,0.0,0.0,0.0
237,237,0.0,0.0,0.0,0.0,0.0,0.0,0.0,0.0,0.0,0.0,0.0,0.0,0.0,0.0,0.0,72.54617057655288,0.0,77.09303663214807,78.73776200606498,91.93200087407247,67.11795079880186,78.66653264924406,89.61409679069898,72.22885364649919,72.77421377548016,0.0,0.0,0.0,0.0,0.0
238,238,0.0,0.0,0.0,0.0,0.0,0.0,0.0,0.0,0.0,0.0,0.0,0.0,0.0,0.0,0.0,71.69147396383724,0.0,75.61057115681517,78.97772043592992,94.07113370524476,65.32235132389837,79.10738364099203,90.5196119631632,71.9755699208894,73.27677782079564,0.0,0.0,0.0,0.0,0.0
239,239,0.0,0.0,0.0,0.0,0.0,0.0,0.0,0.0,0.0,0.0,0.0,0.0,0.0,0.0,0.0,71.9130368566566,0.0,76.76323177174191,79.11343773619608,92.41608667329275,66.02297107942525,77.25996244316565,91.02910608830587,72.72094804203357,73.26896394617229,0.0,0.0,0.0,0.0,0.0
240,240,0.0,0.0,0.0,0.0,0.0,0.0,0.0,0.0,0.0,0.0,0.0,0.0,0.0,0.0,0.0,72.77986819881916,0.0,75.1304684883152,80.34612653320801,93.45537287778906,66.20147764891107,80.11196993044287,90.26413367975323,72.90735853811704,75.37463191677887,0.0,0.0,0.0,0.0,0.0
241,241,0.0,0.0,0.0,0.0,0.0,0.0,0.0,0.0,0.0,0.0,0.0,0.0,0.0,0.0,0.0,69.81142567246032,0.0,73.19958474397143,78.12502892792472,91.48702377109126,66.39292104223581,79.39540296665768,90.50415217101825,73.40984098609607,76.05593197129693,0.0,0.0,0.0,0.0,0.0
242,242,0.0,0.0,0.0,0.0,0.0,0.0,0.0,0.0,0.0,0.0,0.0,0.0,0.0,0.0,0.0,70.57674797789501,0.0,73.81431003618205,77.25454934136518,92.94061773981545,66.29534058174207,79.5984873444728,91.60132924436364,73.77154573932324,76.16531638457516,0.0,0.0,0.0,0.0,0.0
243,243,0.0,0.0,0.0,0.0,0.0,0.0,0.0,0.0,0.0,0.0,0.0,0.0,0.0,0.0,0.0,70.56382699704176,0.0,74.76016453128821,76.84174771319218,91.97242256560287,67.33940625050685,78.93076070491101,93.52788174041049,73.76562663872535,75.93213312824469,0.0,0.0,0.0,0.0,0.0
244,244,0.0,0.0,0.0,0.0,0.0,0.0,0.0,0.0,0.0,0.0,0.0,0.0,0.0,0.0,0.0,67.20452491996343,0.0,74.80124351196939,77.34596988588851,90.02480610572337,67.18457101490506,79.6225862614915,92.64798040548611,74.92990258097763,76.44420959953531,0.0,0.0,0.0,0.0,0.0
245,245,0.0,0.0,0.0,0.0,0.0,0.0,0.0,0.0,0.0,0.0,0.0,0.0,0.0,0.0,0.0,66.65067465469573,0.0,73.96553144416288,77.30159394054456,90.46825872014487,66.38249955792566,80.72418002056264,91.71438605196623,73.48172809052924,77.06179655691841,0.0,0.0,0.0,0.0,0.0
246,246,0.0,0.0,0.0,0.0,0.0,0.0,0.0,0.0,0.0,0.0,0.0,0.0,0.0,0.0,0.0,66.30882937614328,0.0,72.83289920908011,75.57130896826838,89.89022532801306,67.79287878159444,80.5942380202013,93.74602882132275,75.12392918014184,77.0161870319363,0.0,0.0,0.0,0.0,0.0
247,247,0.0,0.0,0.0,0.0,0.0,0.0,0.0,0.0,0.0,0.0,0.0,0.0,0.0,0.0,0.0,67.81565905781306,0.0,71.36000428547142,75.76643429641453,91.17144142047304,65.20443156091288,78.66352514739903,92.68225339619245,75.28116755067235,78.25099364196959,0.0,0.0,0.0,0.0,0.0
248,248,0.0,0.0,0.0,0.0,0.0,0.0,0.0,0.0,0.0,0.0,0.0,0.0,0.0,0.0,0.0,69.44615463044452,0.0,71.59782752279051,76.60010873148948,88.43779210696682,63.14429926742853,79.34113000143113,92.87805452716809,75.57039540167116,77.67556538490733,0.0,0.0,0.0,0.0,0.0
249,249,0.0,0.0,0.0,0.0,0.0,0.0,0.0,0.0,0.0,0.0,0.0,0.0,0.0,0.0,0.0,67.53705359642147,0.0,70.70423928722909,75.95224486841212,89.04606982993124,63.56728517331258,79.25368843679705,93.05941887420045,73.57288118940303,77.56952983573841,67.31957339435262,0.0,0.0,0.0,0.0
250,250,0.0,0.0,0.0,0.0,0.0,0.0,0.0,0.0,0.0,0.0,0.0,0.0,0.0,0.0,0.0,66.07107380511803,0.0,71.76428881680889,77.15594914930286,89.57211142775957,0.0,80.78822512816011,93.56667444623805,74.04034986311639,80.01664169362324,64.74696243464733,0.0,0.0,0.0,0.0
251,251,0.0,0.0,0.0,0.0,0.0,0.0,0.0,0.0,0.0,0.0,0.0,0.0,0.0,0.0,0.0,67.7834068171075,0.0,70.08403010478922,76.65702793033786,89.8436724115671,0.0,79.5357623223688,93.96795487814605,74.87141415271022,78.52873228074293,66.63044440931452,0.0,0.0,0.0,0.0
252,252,0.0,0.0,0.0,0.0,0.0,0.0,0.0,0.0,0.0,0.0,0.0,0.0,0.0,0.0,0.0,66.76842633854653,0.0,71.07671731233846,76.43028007399914,89.92353824741859,0.0,78.84157433433086,93.99936691279999,75.33287672436327,80.67311963498798,65.72361045352854,0.0,0.0,0.0,0.0
253,253,0.0,0.0,0.0,0.0,0.0,0.0,0.0,0.0,0.0,0.0,0.0,0.0,0.0,0.0,0.0,64.72011822427417,0.0,70.07586457607343,76.145831679279,90.09669695608332,0.0,78.2794346865754,93.85599887478782,74.48018189300069,78.57525171059962,67.00157796608259,64.07692338924858,0.0,0.0,0.0
254,254,0.0,0.0,0.0,0.0,0.0,0.0,0.0,0.0,0.0,0.0,0.0,0.0,0.0,0.0,0.0,0.0,0.0,69.40098781969249,73.05942702187734,88.01868144540758,0.0,78.45989030487232,92.84153632312587,75.13466404794575,80.59139610141634,64.05010233645714,65.57873059315503,0.0,0.0,0.0
255,255,0.0,0.0,0.0,0.0,0.0,0.0,0.0,0.0,0.0,0.0,0.0,0.0,0.0,0.0,0.0,0.0,0.0,69.6677462424386,73.21523588780757,86.65066112189677,0.0,76.37124023957671,95.20699895540831,75.89374520778081,81.2139626148735,68.09602074645757,66.13582733041952,65.13854173914487,0.0,0.0
256,256,0.0,0.0,0.0,0.0,0.0,0.0,0.0,0.0,0.0,0.0,0.0,0.0,0.0,0.0,0.0,0.0,0.0,70.45427574701624,72.52239029463856,88.13177085751938,0.0,77.54406296849243,96.62414915481774,73.08356818114072,82.62853950086244,66.68523440431733,67.64704209510073,63.86445573755636,0.0,0.0
257,257,0.0,0.0,0.0,0.0,0.0,0.0,0.0,0.0,0.0,0.0,0.0,0.0,0.0,0.0,0.0,0.0,0.0,66.67868123837624,74.33565142267332,87.87356953481871,0.0,79.37689225093196,96.53351422515574,72.90591836804239,82.76396998736638,66.82384899970275,66.45687415295589,64.62340067305126,0.0,0.0
258,258,0.0,0.0,0.0,0.0,0.0,0.0,0.0,0.0,0.0,0.0,0.0,0.0,0.0,0.0,0.0,0.0,0.0,68.8171677604131,73.06346150438262,86.31694899272206,0.0,79.16525683759974,93.22149865355217,75.21079350409472,84.63460377931884,66.58097485497531,68.43364742904448,66.08313477523168,0.0,0.0
259,259,0.0,0.0,0.0,0.0,0.0,0.0,0.0,0.0,0.0,0.0,0.0,0.0,0.0,0.0,0.0,0.0,0.0,68.2623917651269,72.73830630603159,85.60155164586793,0.0,77.89782590882372,96.5223611767204,75.24148475293354,82.59140101763928,67.85728058760188,67.71458722169967,66.3120110063694,0.0,0.0
260,260,0.0,0.0,0.0,0.0,0.0,0.0,0.0,0.0,0.0,0.0,0.0,0.0,0.0,0.0,0.0,0.0,0.0,67.89609242786163,71.0194512296727,84.8880485050296,0.0,79.33269188773501,94.26718895496103,74.90537403483953,83.20378435241656,66.62844247676107,66.1403458065864,67.97752790798607,0.0,0.0
261,261,0.0,0.0,0.0,0.0,0.0,0.0,0.0,0.0,0.0,0.0,0.0,0.0,0.0,0.0,0.0,0.0,0.0,68.08929387074686,71.33800955921663,85.69750826697756,0.0,77.84461361533276,95.03474532750491,75.41890054977219,82.98919176561445,66.45832956788269,66.9838878319835,66.43851979405471,0.0,0.0
262,262,0.0,0.0,0.0,0.0,0.0,0.0,0.0,0.0,0.0,0.0,0.0,0.0,0.0,0.0,0.0,0.0,0.0,69.65015030481425,70.73116730816736,85.81902002835352,0.0,76.861323024243,94.7336806614596,76.28639154841606,84.18735987820617,67.44774802091433,67.84926339639051,68.88281292359825,0.0,0.0
263,263,0.0,0.0,0.0,0.0,0.0,0.0,0.0,0.0,0.0,0.0,0.0,0.0,0.0,0.0,0.0,0.0,0.0,66.4396747317319,70.46490227055081,86.72852219799762,0.0,77.19472320491806,97.12273621502236,75.73930350128977,84.87037080560624,65.129990163936,66.01619757472403,65.62238180351156,0.0,0.0
264,264,0.0,0.0,0.0,0.0,0.0,0.0,0.0,0.0,0.0,0.0,0.0,0.0,0.0,0.0,0.0,0.0,0.0,64.9102721676395,70.33649601381603,85.64133473670512,0.0,77.72274988111897,98.39410242273408,75.79606827890862,85.14624227826543,67.11082048524084,68.38354547966202,69.54050982795601,0.0,0.0
265,265,0.0,0.0,0.0,0.0,0.0,0.0,0.0,0.0,0.0,0.0,0.0,0.0,0.0,0.0,0.0,0.0,0.0,65.99418036504566,68.774202409881,86.38480258271765,0.0,76.58959945721944,98.05725704293462,74.7059991276306,86.29218522682284,68.67143587138368,66.40036798838584,69.9217550140791,64.6163371837805,0.0
266,266,0.0,0.0,0.0,0.0,0.0,0.0,0.0,0.0,0.0,0.0,0.0,0.0,0.0,0.0,0.0,0.0,0.0,66.89882227635803,70.95397318546723,85.30047094935769,0.0,76.13756410891574,96.60758464150862,75.37951049438432,86.63690740720544,68.75042664583059,68.31100994433677,68.10340257437464,63.802497447073016,0.0
267,267,0.0,0.0,0.0,0.0,0.0,0.0,0.0,0.0,0.0,0.0,0.0,0.0,0.0,0.0,0.0,0.0,0.0,0.0,69.30692411530657,83.58045070870506,0.0,77.15720833298143,97.87583933967962,74.8566576446628,87.23913323915023,67.9253664339487,68.1176247350616,69.14149930418792,65.75382945023672,0.0
268,268,0.0,0.0,0.0,0.0,0.0,0.0,0.0,0.0,0.0,0.0,0.0,0.0,0.0,0.0,0.0,0.0,0.0,0.0,69.84755485884723,84.24642068160918,0.0,76.44947002344907,97.3338729878257,74.61523824099798,86.8337604221511,68.27493269996616,69.0374957030867,69.74743602769342,67.35187173558302,0.0
269,269,0.0,0.0,0.0,0.0,0.0,0.0,0.0,0.0,0.0,0.0,0.0,0.0,0.0,0.0,0.0,0.0,0.0,0.0,68.14575011137202,82.52649139710574,0.0,76.3893868382484,97.06867846969928,74.89224865523158,86.39740029504087,67.18322187632322,67.42839296929522,70.04973265257787,66.16020895501465,0.0
270,270,0.0,0.0,0.0,0.0,0.0,0.0,0.0,0.0,0.0,0.0,0.0,0.0,0.0,0.0,0.0,0.0,0.0,0.0,69.33816291292355,82.90942984494289,0.0,77.70799448588923,96.29810773256615,76.18317063989954,88.25592645299382,68.93427034217444,68.87891353523041,71.46349845770649,68.18413179198069,0.0
271,271,0.0,0.0,0.0,0.0,0.0,0.0,0.0,0.0,0.0,0.0,0.0,0.0,0.0,0.0,0.0,0.0,0.0,0.0,66.74491205366577,82.37178950699283,0.0,76.02846021584949,96.35243918132059,74.98932083433021,89.21476880961052,68.42233587763106,70.07914940877228,70.6149606799855,67.34538360932928,0.0
272,272,0.0,0.0,0.0,0.0,0.0,0.0,0.0,0.0,0.0,0.0,0.0,0.0,0.0,0.0,0.0,0.0,0.0,0.0,67.58204804763979,81.95159016734273,0.0,74.76953437411257,97.42827267239568,73.0769255782975,87.68974708718152,67.63258342094716,69.72631658599548,70.21870413769807,67.49276546533925,0.0
273,273,0.0,0.0,0.0,0.0,0.0,0.0,0.0,0.0,0.0,0.0,0.0,0.0,0.0,0.0,0.0,0.0,0.0,0.0,67.17346086176919,80.99764982935069,0.0,74.54473569171518,99.62434616788293,74.43575492845962,88.37058878399853,68.33169175959408,68.9967210534313,70.15838315635891,67.87304668066044,0.0
274,274,0.0,0.0,0.0,0.0,0.0,0.0,0.0,0.0,0.0,0.0,0.0,0.0,0.0,0.0,0.0,0.0,0.0,0.0,67.4474879986342,79.9762745036087,0.0,76.43643636920477,98.51325146522272,74.83528438324333,88.45688264065545,68.1076406714994,70.99176968183649,73.21190780840918,66.78369909836483,0.0
275,275,0.0,0.0,0.0,0.0,0.0,0.0,0.0,0.0,0.0,0.0,0.0,0.0,0.0,0.0,0.0,0.0,0.0,0.0,65.95388277411517,80.69440497481092,0.0,75.90701484222292,95.99768055125493,74.16443999412049,89.31641020964585,67.06638544037654,70.56414099468333,72.82737692764758,68.32739280929228,0.0
276,276,0.0,0.0,0.0,0.0,0.0,0.0,0.0,0.0,0.0,0.0,0.0,0.0,0.0,0.0,0.0,0.0,0.0,0.0,66.26083380391637,81.09739849282154,0.0,75.38559673666856,96.23226319173554,74.3053143304961,89.29660050625515,68.73679525534791,69.20429088921473,72.57464006345982,69.32701679812119,0.0
277,277,0.0,0.0,0.0,0.0,0.0,0.0,0.0,0.0,0.0,0.0,0.0,0.0,0.0,0.0,0.0,0.0,0.0,0.0,65.90865164712461,81.7286452848939,0.0,73.28995933106322,97.1379476041981,73.66088475005235,89.17053345080181,66.8670755043437,68.98740033125335,71.81440443283175,70.19671768419389,0.0
278,278,0.0,0.0,0.0,0.0,0.0,0.0,0.0,0.0,0.0,0.0,0.0,0.0,0.0,0.0,0.0,0.0,0.0,0.0,66.50455605057724,78.02137674270475,0.0,73.91816843424586,95.03632506153734,74.45447069388605,88.43524322319128,68.82445432410066,70.41106009825265,75.49456421430796,69.97360957449787,0.0
279,279,0.0,0.0,0.0,0.0,0.0,0.0,0.0,0.0,0.0,0.0,0.0,0.0,0.0,0.0,0.0,0.0,0.0,0.0,65.24077719294357,78.44228443901348,0.0,74.54328625309047,96.89397143958679,74.4968485347885,90.37615288828555,68.69655009333692,70.76226030731014,73.99499146890302,71.46426755931387,0.0
280,280,0.0,0.0,0.0,0.0,0.0,0.0,0.0,0.0,0.0,0.0,0.0,0.0,0.0,0.0,0.0,0.0,0.0,0.0,0.0,78.74444325917808,0.0,73.78752247359772,97.10598552443692,73.12355551450952,89.65454940543209,69.37523154749553,70.71779817227453,74.94475913421452,71.10978850659869,0.0
281,281,0.0,0.0,0.0,0.0,0.0,0.0,0.0,0.0,0.0,0.0,0.0,0.0,0.0,0.0,0.0,0.0,0.0,0.0,0.0,76.38030192616249,0.0,72.76265478432548,95.10536984608356,74.44981860994643,91.16188109189717,70.41187420883195,70.02719224643894,75.07254417752252,70.63664885716538,0.0
282,282,0.0,0.0,0.0,0.0,0.0,0.0,0.0,0.0,0.0,0.0,0.0,0.0,0.0,0.0,0.0,0.0,0.0,0.0,0.0,77.62792149111775,0.0,73.87575388762023,98.10334155757009,73.45083312339494,91.0462790415643,69.7514486628685,70.74859550989031,74.81389196321852,71.55761561834129,0.0
283,283,0.0,0.0,0.0,0.0,0.0,0.0,0.0,0.0,0.0,0.0,0.0,0.0,0.0,0.0,0.0,0.0,0.0,0.0,0.0,77.42435321346183,0.0,73.74765237757956,94.70411071770634,74.355709285453,92.86960292052687,68.22012593973406,71.03103623217282,75.25764934461819,72.57464254863532,0.0
284,284,0.0,0.0,0.0,0.0,0.0,0.0,0.0,0.0,0.0,0.0,0.0,0.0,0.0,0.0,0.0,0.0,0.0,0.0,0.0,77.1857991141523,0.0,70.13660865558262,97.36575129105059,73.98829009068595,93.548381224407,69.32191858620031,71.71990407212905,75.64056142925406,72.91320298140494,0.0
285,285,0.0,0.0,0.0,0.0,0.0,0.0,0.0,0.0,0.0,0.0,0.0,0.0,0.0,0.0,0.0,0.0,0.0,0.0,0.0,77.9088053250421,0.0,72.09932143575368,93.57364844711731,73.93016646324423,93.03424457536397,69.9445075412428,71.2523294697574,77.05825211956076,71.1390103282373,0.0
286,286,0.0,0.0,0.0,0.0,0.0,0.0,0.0,0.0,0.0,0.0,0.0,0.0,0.0,0.0,0.0,0.0,0.0,0.0,0.0,75.71275801572023,0.0,72.23190338833952,93.31057584698947,73.5094186587892,94.61583869811768,66.79221686633142,71.99772801456687,76.3982306092704,74.92350593815424,64.24163061588102
287,287,0.0,0.0,0.0,0.0,0.0,0.0,0.0,0.0,0.0,0.0,0.0,0.0,0.0,0.0,0.0,0.0,0.0,0.0,0.0,75.47678388099452,0.0,72.91181290190673,94.75113123646653,73.11952384323008,94.47841265299692,69.24095136768005,72.84757811996839,76.9123829073166,73.6174490911989,64.3758317321614
288,288,0.0,0.0,0.0,0.0,0.0,0.0,0.0,0.0,0.0,0.0,0.0,0.0,0.0,0.0,0.0,0.0,0.0,0.0,0.0,75.10272169426291,0.0,71.66221468194034,92.59232849415925,72.0300553276871,94.31352988350636,70.3783945601639,70.5882573840478,76.28130552349181,71.01531775642792,64.51793573337787
289,289,0.0,0.0,0.0,0.0,0.0,0.0,0.0,0.0,0.0,0.0,0.0,0.0,0.0,0.0,0.0,0.0,0.0,0.0,0.0,76.0123933768611,0.0,71.15409551652161,95.2615841808321,72.37934434022635,92.83850992801,69.19331870757453,72.47039063918297,78.17032083100906,74.27337030084277,67.1169345699342
290,290,0.0,0.0,0.0,0.0,0.0,0.0,0.0,0.0,0.0,0.0,0.0,0.0,0.0,0.0,0.0,0.0,0.0,0.0,0.0,74.8438720281973,0.0,70.20410522795146,94.75010909186676,73.86852466647976,94.88267758057978,69.11472958099368,71.54711099671864,77.19342583384773,75.20046523611347,66.33868321314766
291,291,0.0,0.0,0.0,0.0,0.0,0.0,0.0,0.0,0.0,0.0,0.0,0.0,0.0,0.0,0.0,0.0,0.0,0.0,0.0,73.51626099507546,0.0,69.96792668915003,92.87119996138192,72.07945603321004,93.4068203489998,69.60668404724439,71.2983553923822,77.39260980904363,75.18240901178223,67.25684335081455
292,292,0.0,0.0,0.0,0.0,0.0,0.0,0.0,0.0,0.0,0.0,0.0,0.0,0.0,0.0,0.0,0.0,0.0,0.0,0.0,72.97618263275673,0.0,69.73793792784038,93.77062287928224,71.3570908760153,93.06491935157821,69.11692901615966,74.07923356283162,78.34440712670026,78.28055781706882,68.33578906715076
293,293,0.0,0.0,0.0,0.0,0.0,0.0,0.0,0.0,0.0,0.0,0.0,0.0,0.0,0.0,0.0,0.0,0.0,0.0,0.0,72.77048673318569,0.0,69.38261979010929,93.66620585450943,71.92250806230936,93.31040127891542,69.10939449667708,71.83570142800657,79.54308864057701,73.92476484211225,67.29835844397203
294,294,0.0,0.0,0.0,0.0,0.0,0.0,0.0,0.0,0.0,0.0,0.0,0.0,0.0,0.0,0.0,0.0,0.0,0.0,0.0,74.60552701670314,0.0,68.75971884175421,92.26160004931971,70.67401629174181,93.7368486056087,68.89492561961673,72.95697764668977,78.98567765082402,75.03848147554703,70.5977199817409
295,295,0.0,0.0,0.0,0.0,0.0,0.0,0.0,0.0,0.0,0.0,0.0,0.0,0.0,0.0,0.0,0.0,0.0,0.0,0.0,72.84494266795738,0.0,69.9788850667491,91.47078598589076,73.62243203745085,94.92389910245338,68.8943791882139,72.48521019616904,80.35443272293936,77.78475540201737,69.28670652584367
296,296,0.0,0.0,0.0,0.0,0.0,0.0,0.0,0.0,0.0,0.0,0.0,0.0,0.0,0.0,0.0,0.0,0.0,0.0,0.0,72.58050979412057,0.0,68.0480923767118,92.07233603644474,71.95350977528459,93.97153925614441,71.16805839023576,72.81208260588765,79.17929812482232,74.52972460523202,69.14879959454173
297,297,0.0,0.0,0.0,0.0,0.0,0.0,0.0,0.0,0.0,0.0,0.0,0.0,0.0,0.0,0.0,0.0,0.0,0.0,0.0,70.86490050419403,0.0,68.90409501508192,91.96829216654777,71.65685803738691,96.05794296953052,67.68506465985918,73.23566597132177,79.80200801327497,77.99915733847217,69.96072145606853
298,298,0.0,0.0,0.0,0.0,0.0,0.0,0.0,0.0,0.0,0.0,0.0,0.0,0.0,0.0,0.0,0.0,0.0,0.0,0.0,72.49576134527635,0.0,68.27499867545443,91.19138493640027,72.11224637423281,96.26489691639412,68.99476894507865,72.74322628532133,78.77619841290719,78.58830807959856,69.87728514260945
299,299,0.0,0.0,0.0,0.0,0.0,0.0,0.0,0.0,0.0,0.0,0.0,0.0,0.0,0.0,0.0,0.0,0.0,0.0,0.0,70.504881872756,0.0,66.05319389051768,91.76092500526217,70.58820944658568,95.64550481565784,69.83510873105575,71.10482825011056,79.71763566714003,78.82538111192244,71.58469216117581
