,time,288,310,355,1482,1504,1549,333,1527,266,1572,311,1505,378,1550,356,289,1483,334,1528
0,0,79.63092927495265,65.04802035012239,82.07240520145047,71.63963720027893,66.73868078895336,86.70809615155976,0.0,0.0,0.0,0.0,0.0,0.0,0.0,0.0,0.0,0.0,0.0,0.0,0.0
1,1,80.58576197353175,67.79624352567177,80.12245251963087,70.44178235860537,66.82260963897922,87.34921492945813,0.0,0.0,0.0,0.0,0.0,0.0,0.0,0.0,0.0,0.0,0.0,0.0,0.0
2,2,77.58015612840686,66.12740877301162,82.1610789169551,74.3050798579352,66.57679251261675,89.35894610959063,0.0,0.0,0.0,0.0,0.0,0.0,0.0,0.0,0.0,0.0,0.0,0.0,0.0
3,3,79.60478513188117,65.9898153314644,81.82587142082988,72.85866994772695,67.91827178713831,87.81924012216204,0.0,0.0,0.0,0.0,0.0,0.0,0.0,0.0,0.0,0.0,0.0,0.0,0.0
4,4,81.2458666101057,64.41145563338333,81.2176650903697,72.3665656952819,68.32228027540091,89.81806858113508,0.0,0.0,0.0,0.0,0.0,0.0,0.0,0.0,0.0,0.0,0.0,0.0,0.0
5,5,80.6073246896043,67.22007677062709,83.45840901597626,73.06800326295662,67.52336134002503,88.8919671405004,0.0,0.0,0.0,0.0,0.0,0.0,0.0,0.0,0.0,0.0,0.0,0.0,0.0
6,6,81.02008173398691,65.37522231947392,81.40634873105626,74.34502756804777,67.76301678210622,87.12232243351387,0.0,0.0,0.0,0.0,0.0,0.0,0.0,0.0,0.0,0.0,0.0,0.0,0.0
7,7,82.3675512545471,0.0,81.77649224855595,72.66858177326536,0.0,88.59725572547136,0.0,0.0,0.0,0.0,0.0,0.0,0.0,0.0,0.0,0.0,0.0,0.0,0.0
8,8,82.18561979902212,0.0,81.71747048505044,73.24371713215776,0.0,87.99794427986295,0.0,0.0,0.0,0.0,0.0,0.0,0.0,0.0,0.0,0.0,0.0,0.0,0.0
9,9,82.27086146123672,0.0,81.75375737236263,71.81061916527696,0.0,87.79121534685306,0.0,0.0,0.0,0.0,0.0,0.0,0.0,0.0,0.0,0.0,0.0,0.0,0.0
10,10,80.45232373847509,0.0,80.22143512243439,73.12300253799185,0.0,86.98362610063502,65.68748218761053,0.0,0.0,0.0,0.0,0.0,0.0,0.0,0.0,0.0,0.0,0.0,0.0
11,11,80.51195460751896,0.0,79.010814997058,74.65666459099637,0.0,87.89905459410534,66.98517974115964,0.0,0.0,0.0,0.0,0.0,0.0,0.0,0.0,0.0,0.0,0.0,0.0
12,12,81.42138707514557,0.0,80.15367694226146,74.94935530103587,0.0,85.48796730943278,65.84466173859914,0.0,0.0,0.0,0.0,0.0,0.0,0.0,0.0,0.0,0.0,0.0,0.0
13,13,81.29488616869186,0.0,80.09016448402633,73.02698262846395,0.0,86.22291662255627,66.70071355458484,64.21400161020391,0.0,0.0,0.0,0.0,0.0,0.0,0.0,0.0,0.0,0.0,0.0
14,14,83.09193278029127,0.0,80.56696646083469,74.92076938243092,0.0,87.89456853656313,66.82871107770829,64.37699399035621,0.0,0.0,0.0,0.0,0.0,0.0,0.0,0.0,0.0,0.0,0.0
15,15,81.96653050923916,0.0,79.63371820642676,73.80273463337215,0.0,84.89691588253005,67.04852976242006,66.96495584386498,0.0,0.0,0.0,0.0,0.0,0.0,0.0,0.0,0.0,0.0,0.0
16,16,83.47925359949585,0.0,81.09451194546143,74.02872058697407,0.0,84.73438401085423,67.90700541931355,65.16600830786433,0.0,0.0,0.0,0.0,0.0,0.0,0.0,0.0,0.0,0.0,0.0
17,17,81.9114977676392,0.0,79.4394789087817,75.33255238356003,0.0,84.40733570319611,70.00678949156729,67.54577181585157,0.0,0.0,0.0,0.0,0.0,0.0,0.0,0.0,0.0,0.0,0.0
18,18,83.27329968129484,0.0,80.64641706021044,73.96915804588308,0.0,86.59398351691563,68.67135333707253,69.3765144625111,0.0,0.0,0.0,0.0,0.0,0.0,0.0,0.0,0.0,0.0,0.0
19,19,80.67842768308574,0.0,78.83183413011368,73.33650051707228,0.0,86.57807019918862,68.90589764182874,70.28879214945475,0.0,0.0,0.0,0.0,0.0,0.0,0.0,0.0,0.0,0.0,0.0
20,20,85.06680108547597,0.0,80.52799656840713,74.6908099192163,0.0,85.71593780848616,70.80203205171806,67.4761025294702,0.0,0.0,0.0,0.0,0.0,0.0,0.0,0.0,0.0,0.0,0.0
21,21,82.29235875479188,0.0,79.62106103041589,74.74374086302785,0.0,85.31281788313282,70.46788044408392,68.37356705936004,0.0,0.0,0.0,0.0,0.0,0.0,0.0,0.0,0.0,0.0,0.0
22,22,81.87978242928664,0.0,78.91406527590493,74.93287158178546,0.0,86.14159772333478,70.14203440668871,68.96333478710773,0.0,0.0,0.0,0.0,0.0,0.0,0.0,0.0,0.0,0.0,0.0
23,23,81.75654174540298,0.0,77.8656377955006,72.49425093846646,0.0,84.78808844057318,71.53630287206464,70.31871967408567,0.0,0.0,0.0,0.0,0.0,0.0,0.0,0.0,0.0,0.0,0.0
24,24,81.94922716700002,0.0,79.45173475278105,73.14798507009027,0.0,82.72435648268973,72.58155115142533,69.85931244294731,0.0,0.0,0.0,0.0,0.0,0.0,0.0,0.0,0.0,0.0,0.0
25,25,80.8480426696613,0.0,80.47499706460452,73.58164624217214,0.0,84.5362069597368,71.3021804921873,68.31866418665439,0.0,0.0,0.0,0.0,0.0,0.0,0.0,0.0,0.0,0.0,0.0
26,26,81.63389324563151,0.0,78.30916226287427,73.31992841024747,0.0,83.10926771756097,73.0386980353425,69.57778142335462,0.0,0.0,0.0,0.0,0.0,0.0,0.0,0.0,0.0,0.0,0.0
27,27,83.13035861405976,0.0,79.49265166956563,73.61339542678273,0.0,82.73309580836552,72.4249335106682,71.2712681742377,0.0,0.0,0.0,0.0,0.0,0.0,0.0,0.0,0.0,0.0,0.0
28,28,83.32756501522329,0.0,76.75268169151573,74.4653109702016,0.0,83.80946919867723,75.07842990761591,72.23376827903395,0.0,0.0,0.0,0.0,0.0,0.0,0.0,0.0,0.0,0.0,0.0
29,29,82.06155561652407,0.0,78.32926514646852,74.90770995502635,0.0,82.39872717476352,74.3971501287104,73.64796399507058,0.0,0.0,0.0,0.0,0.0,0.0,0.0,0.0,0.0,0.0,0.0
30,30,83.03731137203246,0.0,75.90935611527512,75.24576016078561,0.0,83.60358864182105,73.11485093847965,75.79475176458286,0.0,0.0,0.0,0.0,0.0,0.0,0.0,0.0,0.0,0.0,0.0
31,31,82.1513523976802,0.0,76.54808102339001,72.90434242243919,0.0,81.35917849241955,75.1354919320213,73.3531330701469,0.0,0.0,0.0,0.0,0.0,0.0,0.0,0.0,0.0,0.0,0.0
32,32,80.29592906440226,0.0,75.82069099855268,74.0859442170474,0.0,80.40344617533188,75.01758739551921,74.19946605494336,0.0,0.0,0.0,0.0,0.0,0.0,0.0,0.0,0.0,0.0,0.0
33,33,80.6634431230561,0.0,75.94934415584575,70.98081181588569,0.0,82.87825172723343,75.77539167308616,74.25609568636578,0.0,0.0,0.0,0.0,0.0,0.0,0.0,0.0,0.0,0.0,0.0
34,34,81.59027523766594,0.0,74.06922309989741,74.66179482052813,0.0,80.029371057804,77.20318515333679,74.32197882077574,0.0,0.0,0.0,0.0,0.0,0.0,0.0,0.0,0.0,0.0,0.0
35,35,81.94925402285502,0.0,75.58209407668062,73.35036359484756,0.0,81.71876311456366,76.83578425665188,76.00352702865591,0.0,0.0,0.0,0.0,0.0,0.0,0.0,0.0,0.0,0.0,0.0
36,36,80.74444323622022,0.0,76.65925632779663,73.93721492576046,0.0,80.7493779392648,76.2188851565356,76.7278288075106,0.0,0.0,0.0,0.0,0.0,0.0,0.0,0.0,0.0,0.0,0.0
37,37,83.2244708821567,0.0,74.80411966933487,73.94440457215312,0.0,79.92980300743872,77.12091130755462,75.96575674305078,0.0,0.0,0.0,0.0,0.0,0.0,0.0,0.0,0.0,0.0,0.0
38,38,81.50089393980912,0.0,73.92647088056015,72.85138671326123,0.0,81.08439726685407,77.77739427800542,75.09359682637874,0.0,0.0,0.0,0.0,0.0,0.0,0.0,0.0,0.0,0.0,0.0
39,39,82.17298602898416,0.0,73.28814942564605,71.10532386896635,0.0,81.06701472249576,78.35332554184731,76.39547300354786,0.0,0.0,0.0,0.0,0.0,0.0,0.0,0.0,0.0,0.0,0.0
40,40,81.26819883225501,0.0,74.23036611687425,73.99396257720409,0.0,78.1541640282648,78.97589004059805,76.15132849881611,0.0,0.0,0.0,0.0,0.0,0.0,0.0,0.0,0.0,0.0,0.0
41,41,81.59555352216282,0.0,73.77881392332166,71.84840824329235,0.0,78.77713374239437,79.12615384991803,79.19345807882054,0.0,0.0,0.0,0.0,0.0,0.0,0.0,0.0,0.0,0.0,0.0
42,42,80.06048559965114,0.0,72.67140156712283,73.7336900857261,0.0,80.28133772361109,80.9541497225007,78.3086008681568,0.0,0.0,0.0,0.0,0.0,0.0,0.0,0.0,0.0,0.0,0.0
43,43,79.88429402008343,0.0,73.50296738946192,73.66954154764507,0.0,77.98195395211296,81.84998622564598,78.6081815405368,0.0,0.0,0.0,0.0,0.0,0.0,0.0,0.0,0.0,0.0,0.0
44,44,80.26354947095051,0.0,74.19750818674717,71.93007317659998,0.0,76.90831209218766,81.39410684115137,79.41789455322599,0.0,0.0,0.0,0.0,0.0,0.0,0.0,0.0,0.0,0.0,0.0
45,45,79.87883216253088,0.0,74.02376730156874,71.81365462906561,0.0,77.54841427371477,82.48706587767566,78.81864432564461,0.0,0.0,0.0,0.0,0.0,0.0,0.0,0.0,0.0,0.0,0.0
46,46,80.37292329715292,0.0,72.26281135598256,72.35515778985496,0.0,77.29670190537162,82.27442090562512,79.49246491259598,0.0,0.0,0.0,0.0,0.0,0.0,0.0,0.0,0.0,0.0,0.0
47,47,80.16238645165483,0.0,71.735650271079,72.03121439530031,0.0,74.7440354483883,82.99490303515671,79.76789619091166,0.0,0.0,0.0,0.0,0.0,0.0,0.0,0.0,0.0,0.0,0.0
48,48,79.63294038223471,0.0,70.79015888897152,69.71942781956697,0.0,77.54919918992223,82.24946829469972,80.80138265591523,0.0,0.0,0.0,0.0,0.0,0.0,0.0,0.0,0.0,0.0,0.0
49,49,79.09713155049526,0.0,72.894278899162,72.85598808719115,0.0,77.19914912338147,82.90796882850479,82.04972648538912,0.0,0.0,0.0,0.0,0.0,0.0,0.0,0.0,0.0,0.0,0.0
50,50,79.15707025650367,0.0,71.08058919973982,69.43242011823415,0.0,76.57293505985638,84.63758461532477,83.60361679144167,0.0,0.0,0.0,0.0,0.0,0.0,0.0,0.0,0.0,0.0,0.0
51,51,77.86722721568286,0.0,71.42020141692203,72.26298333096962,0.0,75.20550482720373,84.29747745160071,82.06331124942685,0.0,0.0,0.0,0.0,0.0,0.0,0.0,0.0,0.0,0.0,0.0
52,52,79.63363436676362,0.0,71.32052828685153,71.94040060772076,0.0,75.90748762271876,84.5606302960754,83.06000650964776,0.0,0.0,0.0,0.0,0.0,0.0,0.0,0.0,0.0,0.0,0.0
53,53,77.7250914806848,0.0,69.63385987781452,71.6255796462171,0.0,75.90514512334467,86.4375901437844,83.39579490243021,0.0,0.0,0.0,0.0,0.0,0.0,0.0,0.0,0.0,0.0,0.0
54,54,77.58130853552461,0.0,70.75126617791904,70.73828073269094,0.0,73.95441252586684,83.92189216472521,85.00828683827962,0.0,0.0,0.0,0.0,0.0,0.0,0.0,0.0,0.0,0.0,0.0
55,55,78.38973554200116,0.0,68.6032956351706,68.23369051520231,0.0,74.09332451067235,86.34162642660172,82.86684570961066,0.0,0.0,0.0,0.0,0.0,0.0,0.0,0.0,0.0,0.0,0.0
56,56,77.32179360500892,0.0,68.29446250728414,71.51020993525178,0.0,75.20582684051357,86.15738680165813,83.43049280932635,0.0,0.0,0.0,0.0,0.0,0.0,0.0,0.0,0.0,0.0,0.0
57,57,78.94161389161067,0.0,70.1168242832206,68.44904936993561,0.0,73.86062654706289,86.18924109998807,86.5410559011075,0.0,0.0,0.0,0.0,0.0,0.0,0.0,0.0,0.0,0.0,0.0
58,58,76.8223837703167,0.0,67.99932569457974,68.4455061015262,0.0,73.02630629516547,87.20002782782234,85.92833537314587,0.0,0.0,0.0,0.0,0.0,0.0,0.0,0.0,0.0,0.0,0.0
59,59,75.1157605149264,0.0,67.78196236266255,68.29968869958397,0.0,71.32767206610538,87.97233526687981,87.39781421374069,0.0,0.0,0.0,0.0,0.0,0.0,0.0,0.0,0.0,0.0,0.0
60,60,75.40814080861242,0.0,68.33218854077509,68.47623214478374,0.0,71.12284531872037,87.6983933082969,89.35511362751646,0.0,0.0,0.0,0.0,0.0,0.0,0.0,0.0,0.0,0.0,0.0
61,61,76.31274696592287,0.0,67.14586162599637,69.14769941877799,0.0,71.4306285689925,88.69437204217061,84.72653499416526,0.0,0.0,0.0,0.0,0.0,0.0,0.0,0.0,0.0,0.0,0.0
62,62,74.97876197602399,0.0,68.00308266446132,67.55813247202882,0.0,69.46850205426266,89.62062933334153,89.74685901603284,0.0,0.0,0.0,0.0,0.0,0.0,0.0,0.0,0.0,0.0,0.0
63,63,74.97039935172187,0.0,68.21982834984404,68.81296475475457,0.0,71.76870125369558,88.14507298112298,87.53375479519562,0.0,0.0,0.0,0.0,0.0,0.0,0.0,0.0,0.0,0.0,0.0
64,64,73.64257549309347,0.0,67.43323469033376,65.90857592894945,0.0,69.44881844528571,89.8891253306153,88.87172052992814,0.0,0.0,0.0,0.0,0.0,0.0,0.0,0.0,0.0,0.0,0.0
65,65,73.66123514882392,0.0,65.52799679908895,66.63990961821344,0.0,70.67605864129277,90.75855903450575,89.82844009296187,0.0,0.0,0.0,0.0,0.0,0.0,0.0,0.0,0.0,0.0,0.0
66,66,72.3638533146928,0.0,65.87973697064203,67.4980477866186,0.0,68.67638500585217,92.02134796286883,90.47106842223548,0.0,0.0,0.0,0.0,0.0,0.0,0.0,0.0,0.0,0.0,0.0
67,67,73.51269389362888,0.0,66.32950030652098,65.98405759881959,0.0,67.97770350672516,92.96619932396554,89.01481477423768,0.0,0.0,0.0,0.0,0.0,0.0,0.0,0.0,0.0,0.0,0.0
68,68,74.0723026465857,0.0,0.0,67.36769970315429,0.0,67.12861571086314,93.11887883986618,90.63336875233793,0.0,0.0,0.0,0.0,0.0,0.0,0.0,0.0,0.0,0.0,0.0
69,69,72.99293304797058,0.0,0.0,67.87241421175351,0.0,66.6311074073916,89.6364340538775,90.21134377453626,0.0,0.0,0.0,0.0,0.0,0.0,0.0,0.0,0.0,0.0,0.0
70,70,71.88962225788889,0.0,0.0,67.17122146573398,0.0,69.34687191247254,90.9052035179534,90.66820586924183,0.0,0.0,0.0,0.0,0.0,0.0,0.0,0.0,0.0,0.0,0.0
71,71,71.90693291634362,0.0,0.0,66.69974958202296,0.0,67.2756364062854,91.94595274171753,91.28511887989139,0.0,0.0,0.0,0.0,0.0,0.0,0.0,0.0,0.0,0.0,0.0
72,72,72.0295400232927,0.0,0.0,64.11944856898647,0.0,69.06742334619625,93.76572862679859,92.5559143895893,0.0,0.0,0.0,0.0,0.0,0.0,0.0,0.0,0.0,0.0,0.0
73,73,72.63550063158348,0.0,0.0,66.00474056209814,0.0,67.76455039507218,93.60953203528113,94.25011538433921,0.0,0.0,0.0,0.0,0.0,0.0,0.0,0.0,0.0,0.0,0.0
74,74,71.48510696823156,0.0,0.0,65.11655413683202,0.0,66.13596117917056,95.64276118416926,95.04869964661624,0.0,0.0,0.0,0.0,0.0,0.0,0.0,0.0,0.0,0.0,0.0
75,75,71.32437846273213,0.0,0.0,0.0,0.0,65.50573217135532,93.3044220244678,92.97052143552943,0.0,0.0,0.0,0.0,0.0,0.0,0.0,0.0,0.0,0.0,0.0
76,76,69.09146967045194,0.0,0.0,0.0,0.0,67.00585185321485,94.60258688178587,95.30584687420298,0.0,0.0,0.0,0.0,0.0,0.0,0.0,0.0,0.0,0.0,0.0
77,77,72.30939362659068,0.0,0.0,0.0,0.0,63.579607518950176,93.4533471789769,93.66213524585619,0.0,0.0,0.0,0.0,0.0,0.0,0.0,0.0,0.0,0.0,0.0
78,78,70.7558253573004,0.0,0.0,0.0,0.0,0.0,94.80878275300165,94.77728467352777,0.0,0.0,0.0,0.0,0.0,0.0,0.0,0.0,0.0,0.0,0.0
79,79,68.03596470461454,0.0,0.0,0.0,0.0,0.0,94.47127957416537,94.22457820619142,0.0,0.0,0.0,0.0,0.0,0.0,0.0,0.0,0.0,0.0,0.0
80,80,68.39625459247901,0.0,0.0,0.0,0.0,0.0,95.32833620527819,94.96941920315649,0.0,0.0,0.0,0.0,0.0,0.0,0.0,0.0,0.0,0.0,0.0
81,81,67.69707115992117,0.0,0.0,0.0,0.0,0.0,95.71460487023663,95.10265147494009,0.0,0.0,0.0,0.0,0.0,0.0,0.0,0.0,0.0,0.0,0.0
82,82,67.85556221029398,0.0,0.0,0.0,0.0,0.0,95.01352985480126,94.65872033154362,0.0,0.0,0.0,0.0,0.0,0.0,0.0,0.0,0.0,0.0,0.0
83,83,68.71837032953617,0.0,0.0,0.0,0.0,0.0,95.92902465339196,94.67615535928476,0.0,0.0,0.0,0.0,0.0,0.0,0.0,0.0,0.0,0.0,0.0
84,84,65.54793065966159,0.0,0.0,0.0,0.0,0.0,94.45400999979579,94.77524396687257,0.0,0.0,0.0,0.0,0.0,0.0,0.0,0.0,0.0,0.0,0.0
85,85,67.1702381773111,0.0,0.0,0.0,0.0,0.0,96.07496133560505,95.35877233449003,0.0,0.0,0.0,0.0,0.0,0.0,0.0,0.0,0.0,0.0,0.0
86,86,68.46329272906371,0.0,0.0,0.0,0.0,0.0,95.84516037177451,95.70318711532816,0.0,0.0,0.0,0.0,0.0,0.0,0.0,0.0,0.0,0.0,0.0
87,87,66.25979205804737,0.0,0.0,0.0,0.0,0.0,95.7578521117879,97.91685745926067,0.0,0.0,0.0,0.0,0.0,0.0,0.0,0.0,0.0,0.0,0.0
88,88,66.67462633849274,0.0,0.0,0.0,0.0,0.0,97.2220032214113,97.07805462479897,64.64742506617465,0.0,0.0,0.0,0.0,0.0,0.0,0.0,0.0,0.0,0.0
89,89,68.24612311135569,0.0,0.0,0.0,0.0,0.0,95.25214785828425,96.52069211278098,67.04318104392775,0.0,0.0,0.0,0.0,0.0,0.0,0.0,0.0,0.0,0.0
90,90,65.82017141203424,0.0,0.0,0.0,0.0,0.0,95.88046053689322,96.04285360438175,65.8815217531284,0.0,0.0,0.0,0.0,0.0,0.0,0.0,0.0,0.0,0.0
91,91,66.84416771844771,0.0,0.0,0.0,0.0,0.0,95.95596877245552,96.51922775895945,66.04539370225791,0.0,0.0,0.0,0.0,0.0,0.0,0.0,0.0,0.0,0.0
92,92,66.9630398952609,0.0,0.0,0.0,0.0,0.0,97.24155522039567,98.26257119731703,65.38878476138022,0.0,0.0,0.0,0.0,0.0,0.0,0.0,0.0,0.0,0.0
93,93,0.0,0.0,0.0,0.0,0.0,0.0,96.20765154689418,97.91504267389982,64.6451595854303,0.0,0.0,0.0,0.0,0.0,0.0,0.0,0.0,0.0,0.0
94,94,0.0,0.0,0.0,0.0,0.0,0.0,95.2169777992134,96.42924051738828,66.51803772991538,0.0,0.0,0.0,0.0,0.0,0.0,0.0,0.0,0.0,0.0
95,95,0.0,0.0,0.0,0.0,0.0,0.0,95.81805665768108,97.44703263700207,65.85847138474796,0.0,0.0,0.0,0.0,0.0,0.0,0.0,0.0,0.0,0.0
96,96,0.0,0.0,0.0,0.0,0.0,0.0,95.58365810409862,96.60757456913699,68.19800320753045,0.0,0.0,0.0,0.0,0.0,0.0,0.0,0.0,0.0,0.0
97,97,0.0,0.0,0.0,0.0,0.0,0.0,95.85932070146795,96.80397602182586,65.00442395755667,0.0,0.0,0.0,0.0,0.0,0.0,0.0,0.0,0.0,0.0
98,98,0.0,0.0,0.0,0.0,0.0,0.0,94.18648287239178,97.61613055553025,66.03104021023371,0.0,0.0,0.0,0.0,0.0,0.0,0.0,0.0,0.0,0.0
99,99,0.0,0.0,0.0,0.0,0.0,0.0,94.7416925291503,96.39253199898504,66.07234056755453,0.0,0.0,0.0,0.0,0.0,0.0,0.0,0.0,0.0,0.0
100,100,0.0,0.0,0.0,0.0,0.0,0.0,97.0823714244348,97.51150724504669,65.99367645043296,0.0,0.0,0.0,0.0,0.0,0.0,0.0,0.0,0.0,0.0
101,101,0.0,0.0,0.0,0.0,0.0,0.0,95.98030100120111,96.34892750356718,67.48439167701636,0.0,0.0,0.0,0.0,0.0,0.0,0.0,0.0,0.0,0.0
102,102,0.0,0.0,0.0,0.0,0.0,0.0,95.51043679963894,95.81126746739753,66.84505073646653,0.0,0.0,0.0,0.0,0.0,0.0,0.0,0.0,0.0,0.0
103,103,0.0,0.0,0.0,0.0,0.0,0.0,96.73494305171036,97.3395317632643,67.07566158764088,0.0,0.0,0.0,0.0,0.0,0.0,0.0,0.0,0.0,0.0
104,104,0.0,0.0,0.0,0.0,0.0,0.0,94.69761601846253,96.22601003262906,69.42297119753862,0.0,0.0,0.0,0.0,0.0,0.0,0.0,0.0,0.0,0.0
105,105,0.0,0.0,0.0,0.0,0.0,0.0,93.98732961861212,97.16757706898531,66.56114811934467,0.0,0.0,0.0,0.0,0.0,0.0,0.0,0.0,0.0,0.0
106,106,0.0,0.0,0.0,0.0,0.0,0.0,94.8665525701398,96.40727482462879,68.32881981385512,0.0,0.0,0.0,0.0,0.0,0.0,0.0,0.0,0.0,0.0
107,107,0.0,0.0,0.0,0.0,0.0,0.0,96.26899619179527,96.55196228773681,67.55681417772722,0.0,0.0,0.0,0.0,0.0,0.0,0.0,0.0,0.0,0.0
108,108,0.0,0.0,0.0,0.0,0.0,0.0,94.63438750822921,94.68507277822256,67.87528937945645,0.0,0.0,0.0,0.0,0.0,0.0,0.0,0.0,0.0,0.0
109,109,0.0,0.0,0.0,0.0,0.0,0.0,93.44462578987108,96.51110245610299,68.88662932542212,0.0,0.0,0.0,0.0,0.0,0.0,0.0,0.0,0.0,0.0
110,110,0.0,0.0,0.0,0.0,0.0,0.0,96.11766807607604,97.2358105008209,66.9221027760826,66.81284081029163,0.0,0.0,0.0,0.0,0.0,0.0,0.0,0.0,0.0
111,111,0.0,0.0,0.0,0.0,0.0,0.0,94.65974915196232,94.91880624041714,66.18438332099517,66.01582491043138,65.07585190096412,0.0,0.0,0.0,0.0,0.0,0.0,0.0,0.0
112,112,0.0,0.0,0.0,0.0,0.0,0.0,95.43923550567219,96.89919879832664,66.93116024356847,66.42589301483656,64.41565552039945,0.0,0.0,0.0,0.0,0.0,0.0,0.0,0.0
113,113,0.0,0.0,0.0,0.0,0.0,0.0,93.18369277672855,96.92684498539491,66.63162324644516,65.71539977642124,66.73314425929033,0.0,0.0,0.0,0.0,0.0,0.0,0.0,0.0
114,114,0.0,0.0,0.0,0.0,0.0,0.0,94.48838530922484,95.81208783815505,69.26952185268345,64.84765255174527,67.48943356641637,0.0,0.0,0.0,0.0,0.0,0.0,0.0,0.0
115,115,0.0,0.0,0.0,0.0,0.0,0.0,92.72886497236765,95.14010986987502,68.94075044605985,65.92426528241171,65.05648057442166,0.0,0.0,0.0,0.0,0.0,0.0,0.0,0.0
116,116,0.0,0.0,0.0,0.0,0.0,0.0,92.26343846894457,94.84242509677625,68.9830137466831,65.68477355063287,65.868000746935,0.0,0.0,0.0,0.0,0.0,0.0,0.0,0.0
117,117,0.0,0.0,0.0,0.0,0.0,0.0,92.16754564220844,94.23300930524306,70.67897555711174,67.84762900123442,70.13650293844566,65.02870796237298,0.0,0.0,0.0,0.0,0.0,0.0,0.0
118,118,0.0,0.0,0.0,0.0,0.0,0.0,92.68715276343725,93.95975863433846,68.2991326834353,65.75708997226467,67.33563095341158,65.96746932856857,0.0,0.0,0.0,0.0,0.0,0.0,0.0
119,119,0.0,0.0,0.0,0.0,0.0,0.0,91.22897455642651,91.8990816385067,67.6751653094669,68.27023785176735,68.27158273487994,65.25448469453137,0.0,0.0,0.0,0.0,0.0,0.0,0.0
120,120,0.0,0.0,0.0,0.0,0.0,0.0,90.62713273908747,92.80755016390192,66.73185327288977,69.1972825279627,69.25332577306925,66.39557521549969,0.0,0.0,0.0,0.0,0.0,0.0,0.0
121,121,0.0,0.0,0.0,0.0,0.0,0.0,91.0303522605339,93.14041887578074,67.9844317447405,69.57425525542045,70.66630875435423,67.48669744870918,0.0,0.0,0.0,0.0,0.0,0.0,0.0
122,122,0.0,0.0,0.0,0.0,0.0,0.0,90.94167269659737,93.09525215385368,67.44078087077055,68.55330948768665,70.05727340187416,66.24836724114714,0.0,0.0,0.0,0.0,0.0,0.0,0.0
123,123,0.0,0.0,0.0,0.0,0.0,0.0,90.88655020952646,93.97663352212334,67.22166521340503,68.25278493966154,69.85140678626931,66.25514769560306,0.0,0.0,0.0,0.0,0.0,0.0,0.0
124,124,0.0,0.0,0.0,0.0,0.0,0.0,90.61367768110995,93.19909391254927,68.29465125005652,70.63874478080821,70.14906907653187,67.95180272240435,0.0,0.0,0.0,0.0,0.0,0.0,0.0
125,125,0.0,0.0,0.0,0.0,0.0,0.0,89.41449219070975,91.87732649330383,67.76473894860533,68.46293933876977,71.21386292549693,67.70234355429571,0.0,0.0,0.0,0.0,0.0,0.0,0.0
126,126,0.0,0.0,0.0,0.0,0.0,0.0,89.70721653892083,93.25950486726302,69.62788765022306,70.74625608845267,73.0886295205013,69.6716775268021,0.0,0.0,0.0,0.0,0.0,0.0,0.0
127,127,0.0,0.0,0.0,0.0,0.0,0.0,90.00790372834975,92.83791880100934,68.63672308004756,70.27736108866122,70.63617996736612,67.85326780796042,0.0,0.0,0.0,0.0,0.0,0.0,0.0
128,128,0.0,0.0,0.0,0.0,0.0,0.0,88.5475744446059,90.67128816718945,67.8251285500635,70.52917203612913,73.47606060997398,67.61498042654954,0.0,0.0,0.0,0.0,0.0,0.0,0.0
129,129,0.0,0.0,0.0,0.0,0.0,0.0,87.45664619922364,93.35397858237148,69.71110492391976,69.10343088230346,73.43055165572636,69.39251212324288,0.0,0.0,0.0,0.0,0.0,0.0,0.0
130,130,0.0,0.0,0.0,0.0,0.0,0.0,87.92384862483111,90.22453820008856,68.10398132589025,72.68219325202539,71.80262763046676,70.63561027592638,0.0,0.0,0.0,0.0,0.0,0.0,0.0
131,131,0.0,0.0,0.0,0.0,0.0,0.0,87.07191076769618,92.38461165096977,69.97046527314072,71.4314433493905,73.8735296908518,70.58134965811792,0.0,0.0,0.0,0.0,0.0,0.0,0.0
132,132,0.0,0.0,0.0,0.0,0.0,0.0,85.78674400910607,88.15693160872053,68.81305233158811,72.4147443238855,75.30332166737651,71.66196343713158,0.0,0.0,0.0,0.0,0.0,0.0,0.0
133,133,0.0,0.0,0.0,0.0,0.0,0.0,86.39152504348185,88.68772038427103,69.46926783025089,71.14248447638924,74.94394384847648,70.66588446383324,0.0,0.0,0.0,0.0,0.0,0.0,0.0
134,134,0.0,0.0,0.0,0.0,0.0,0.0,85.54692888920283,88.24650668919898,68.19059273530965,71.6644105185705,76.5528410202615,73.71944249140213,0.0,0.0,0.0,0.0,0.0,0.0,0.0
135,135,0.0,0.0,0.0,0.0,0.0,0.0,86.89573179928723,88.95656011316534,68.89159126416071,72.13742315867944,75.45787970714319,72.3027097852,0.0,0.0,0.0,0.0,0.0,0.0,0.0
136,136,0.0,0.0,0.0,0.0,0.0,0.0,85.99020004746761,85.72987132230868,66.43129896089633,71.22313029838085,75.86820415262893,71.53175579067928,0.0,0.0,0.0,0.0,0.0,0.0,0.0
137,137,0.0,0.0,0.0,0.0,0.0,0.0,83.46464557117837,86.94413021098848,67.48804253427814,72.79627989952334,75.86397800063799,74.52114687185995,0.0,0.0,0.0,0.0,0.0,0.0,0.0
138,138,0.0,0.0,0.0,0.0,0.0,0.0,85.04194165546204,86.76827036109891,68.2280726760504,72.29377729795904,76.70430673215893,71.90676460062953,0.0,0.0,0.0,0.0,0.0,0.0,0.0
139,139,0.0,0.0,0.0,0.0,0.0,0.0,86.05869692763022,86.73871034388833,68.27055651228771,71.68939920886173,77.07759967142297,74.04298549953307,0.0,0.0,0.0,0.0,0.0,0.0,0.0
140,140,0.0,0.0,0.0,0.0,0.0,0.0,83.28527108047706,85.46065390905072,67.34629989314809,73.09854896670183,78.59314817252128,74.77478583105548,0.0,0.0,0.0,0.0,0.0,0.0,0.0
141,141,0.0,0.0,0.0,0.0,0.0,0.0,82.83814952013769,83.51068795558301,68.48512350132671,72.57283169006917,77.24238631880439,74.66497669131181,0.0,0.0,0.0,0.0,0.0,0.0,0.0
142,142,0.0,0.0,0.0,0.0,0.0,0.0,81.13930118165415,86.42096395665058,68.31455434955235,73.59190701417816,78.95325851514004,74.09885875284294,0.0,0.0,0.0,0.0,0.0,0.0,0.0
143,143,0.0,0.0,0.0,0.0,0.0,0.0,82.32641920396021,84.11337269385685,65.71119354963153,73.47898614011137,80.55572604824536,76.66231835186946,0.0,0.0,0.0,0.0,0.0,0.0,0.0
144,144,0.0,0.0,0.0,0.0,0.0,0.0,82.31773977020033,84.90968006856667,67.1410238192134,75.0199748624141,81.14268042760324,76.8543963006722,0.0,0.0,0.0,0.0,0.0,0.0,0.0
145,145,0.0,0.0,0.0,0.0,0.0,0.0,81.52123693605728,83.93238502179747,67.15384621904384,73.14364038469695,82.2904141088419,75.40581613616871,0.0,0.0,0.0,0.0,0.0,0.0,0.0
146,146,0.0,0.0,0.0,0.0,0.0,0.0,79.66774450468655,84.29816610299332,68.7908894993943,74.50787790585215,80.53706405564212,77.69331154977232,0.0,0.0,0.0,0.0,0.0,0.0,0.0
147,147,0.0,0.0,0.0,0.0,0.0,0.0,78.88405154654953,81.65852807377502,67.73239455318212,73.26224538999668,79.59300808929389,77.67767279390667,0.0,0.0,0.0,0.0,0.0,0.0,0.0
148,148,0.0,0.0,0.0,0.0,0.0,0.0,81.25623199138495,80.76398861116678,67.47162899248536,74.21517649462875,81.89189637364116,77.10852067426106,0.0,0.0,0.0,0.0,0.0,0.0,0.0
149,149,0.0,0.0,0.0,0.0,0.0,0.0,77.8187101177894,82.05797904613317,67.26606184294712,73.73822414775917,79.77911871918661,79.63210921620632,0.0,0.0,0.0,0.0,0.0,0.0,0.0
150,150,0.0,0.0,0.0,0.0,0.0,0.0,79.08166349171356,83.0837155519969,67.93718322289058,74.30141997769681,81.48794152147755,78.4775296657439,0.0,0.0,0.0,0.0,0.0,0.0,0.0
151,151,0.0,0.0,0.0,0.0,0.0,0.0,79.50530168519396,80.17455226863136,66.80659082964087,74.81736133374203,81.27619125080825,78.78617600344771,0.0,0.0,0.0,0.0,0.0,0.0,0.0
152,152,0.0,0.0,0.0,0.0,0.0,0.0,77.68436399589221,79.91383203443634,64.00292137512666,72.85728704996536,83.82046347717963,80.73122659913517,0.0,0.0,0.0,0.0,0.0,0.0,0.0
153,153,0.0,0.0,0.0,0.0,0.0,0.0,76.1249369301361,79.61826916630929,65.76547215413876,74.26624108838386,86.01585918786843,79.07618526997854,0.0,0.0,0.0,0.0,0.0,0.0,0.0
154,154,0.0,0.0,0.0,0.0,0.0,0.0,75.00233737992771,79.68129333526034,65.43158114033076,75.51962658811118,84.77493762473716,80.55954704137596,0.0,0.0,0.0,0.0,0.0,0.0,0.0
155,155,0.0,0.0,0.0,0.0,0.0,0.0,76.91465159720444,78.3620359414527,66.802449284289,74.52933616834743,83.42034267582595,80.55454907448967,0.0,0.0,0.0,0.0,0.0,0.0,0.0
156,156,0.0,0.0,0.0,0.0,0.0,0.0,76.64367052386767,76.40313624846354,65.41952192498341,76.34054457572833,84.21348526723293,81.4336550085633,0.0,0.0,0.0,0.0,0.0,0.0,0.0
157,157,0.0,0.0,0.0,0.0,0.0,0.0,76.06180622006707,77.42995543303894,65.92609153412249,76.6448068433118,84.5014658493797,80.34882438801922,0.0,0.0,0.0,0.0,0.0,0.0,0.0
158,158,0.0,0.0,0.0,0.0,0.0,0.0,74.80602789249546,76.36499925610191,66.14460396104565,75.18807827656065,85.71385005051137,81.41283697330412,0.0,0.0,0.0,0.0,0.0,0.0,0.0
159,159,0.0,0.0,0.0,0.0,0.0,0.0,74.67499360029318,76.78620332039802,66.05545719291048,74.93010183317192,84.96963201862566,82.2209908939472,0.0,0.0,0.0,0.0,0.0,0.0,0.0
160,160,0.0,0.0,0.0,0.0,0.0,0.0,74.41013118427499,77.39081045365657,63.61391250384877,75.53190856212774,86.57927663886544,80.90779079035975,64.29082752202086,0.0,0.0,0.0,0.0,0.0,0.0
161,161,0.0,0.0,0.0,0.0,0.0,0.0,72.83912193417338,76.37935257182542,65.3531110723398,75.62791610791714,87.21997415360087,82.8589123589477,65.88341024951501,0.0,0.0,0.0,0.0,0.0,0.0
162,162,0.0,0.0,0.0,0.0,0.0,0.0,74.27343227797647,76.03356774618041,0.0,76.01325765987718,87.38918453554516,82.43722417412636,67.00379399996469,0.0,0.0,0.0,0.0,0.0,0.0
163,163,0.0,0.0,0.0,0.0,0.0,0.0,73.85368197426081,75.36569474368699,0.0,76.81894292130036,87.11917727068835,82.69964612880128,65.4352859061215,0.0,0.0,0.0,0.0,0.0,0.0
164,164,0.0,0.0,0.0,0.0,0.0,0.0,72.78687842349363,76.06175429214683,0.0,74.66537120424269,88.68846694547356,84.98969456704282,66.53585466905497,0.0,0.0,0.0,0.0,0.0,0.0
165,165,0.0,0.0,0.0,0.0,0.0,0.0,71.14331023419865,74.03463777653421,0.0,74.67720737453888,89.00271064919221,83.53116732736765,65.3001574713932,0.0,0.0,0.0,0.0,0.0,0.0
166,166,0.0,0.0,0.0,0.0,0.0,0.0,71.24759692274135,74.33314896365655,0.0,76.26057961620722,88.45473487451498,84.43809863730489,64.79175338714985,0.0,0.0,0.0,0.0,0.0,0.0
167,167,0.0,0.0,0.0,0.0,0.0,0.0,70.40222646342063,72.8707906855261,0.0,76.93589783999414,88.34557849970373,82.28804538468229,65.90510280120765,0.0,0.0,0.0,0.0,0.0,0.0
168,168,0.0,0.0,0.0,0.0,0.0,0.0,70.44466520499644,73.67471847792169,0.0,77.12556434806439,89.07270851853487,85.13945758829762,66.8363178446587,0.0,0.0,0.0,0.0,0.0,0.0
169,169,0.0,0.0,0.0,0.0,0.0,0.0,67.37915612286832,72.83835068544197,0.0,76.67242364602896,90.63645511058186,84.24254369617711,67.05662905833411,0.0,0.0,0.0,0.0,0.0,0.0
170,170,0.0,0.0,0.0,0.0,0.0,0.0,70.43141663063831,72.06525436290092,0.0,77.34932465496279,90.3539435255766,86.52447880377377,65.87048989183032,0.0,0.0,0.0,0.0,0.0,0.0
171,171,0.0,0.0,0.0,0.0,0.0,0.0,70.07944165906731,71.57385015358017,0.0,75.81722479021623,87.06515616204429,84.85454106611483,66.98621115092298,0.0,0.0,0.0,0.0,0.0,0.0
172,172,0.0,0.0,0.0,0.0,0.0,0.0,68.06364822936561,71.3870210816158,0.0,77.83332481007102,91.53025362434389,86.57245286409714,65.02923283523,0.0,0.0,0.0,0.0,0.0,0.0
173,173,0.0,0.0,0.0,0.0,0.0,0.0,68.69092200719786,72.15879386449619,0.0,75.1235422534283,89.40620421143268,85.86706847595835,67.20371612745,0.0,0.0,0.0,0.0,0.0,0.0
174,174,0.0,0.0,0.0,0.0,0.0,0.0,66.38258999826843,69.6639536524366,0.0,74.0039802591319,91.00230004421537,87.22847423227584,65.70507104475249,0.0,0.0,0.0,0.0,0.0,0.0
175,175,0.0,0.0,0.0,0.0,0.0,0.0,67.56935381391207,70.922138337756,0.0,77.66226549233055,91.87278913065185,86.77736241784731,67.19833298852008,0.0,0.0,0.0,0.0,0.0,0.0
176,176,0.0,0.0,0.0,0.0,0.0,0.0,66.21230380400344,68.67798765263274,0.0,75.75711097447727,88.7648698820493,87.34565766319444,66.11320944981048,0.0,0.0,0.0,0.0,0.0,0.0
177,177,0.0,0.0,0.0,0.0,0.0,0.0,66.39631665758712,69.05311616893415,0.0,77.00760352204229,92.2125663846968,87.83364692315317,65.06425509729543,0.0,0.0,0.0,0.0,0.0,0.0
178,178,0.0,0.0,0.0,0.0,0.0,0.0,65.28514373849592,68.64071902936755,0.0,76.66959038362609,92.23034782045103,88.9903646645405,65.72268287479561,0.0,0.0,0.0,0.0,0.0,0.0
179,179,0.0,0.0,0.0,0.0,0.0,0.0,64.35230877848076,69.23069614138792,0.0,76.1347217692616,92.06718853990168,87.90360444225924,66.76544566973558,0.0,0.0,0.0,0.0,0.0,0.0
180,180,0.0,0.0,0.0,0.0,0.0,0.0,0.0,67.31511468474044,0.0,77.01982755832042,92.7698379038662,87.90320547284378,66.74537568872127,0.0,0.0,0.0,0.0,0.0,0.0
181,181,0.0,0.0,0.0,0.0,0.0,0.0,0.0,65.7108081314226,0.0,75.39975299141928,92.70701257191189,87.39317088539185,67.6765434509009,0.0,0.0,0.0,0.0,0.0,0.0
182,182,0.0,0.0,0.0,0.0,0.0,0.0,0.0,65.34255761920498,0.0,75.81676599352632,91.75746194942518,89.53636930852272,65.64938322937226,0.0,0.0,0.0,0.0,0.0,0.0
183,183,0.0,0.0,0.0,0.0,0.0,0.0,0.0,66.99821658840234,0.0,75.60333641069214,92.73302495169527,89.20745297778863,65.85126620516512,0.0,0.0,0.0,0.0,0.0,0.0
184,184,0.0,0.0,0.0,0.0,0.0,0.0,0.0,66.49073052133039,0.0,76.29975229476885,94.01911216538575,87.57988986246228,66.80344480510733,0.0,0.0,0.0,0.0,0.0,0.0
185,185,0.0,0.0,0.0,0.0,0.0,0.0,0.0,63.80515653205603,0.0,74.6681338314643,93.72707197400013,89.05614710110845,67.24451741686555,0.0,0.0,0.0,0.0,0.0,0.0
186,186,0.0,0.0,0.0,0.0,0.0,0.0,0.0,0.0,0.0,74.70726651830957,93.43284567351205,88.26588745669238,66.0173893201116,0.0,0.0,0.0,0.0,0.0,0.0
187,187,0.0,0.0,0.0,0.0,0.0,0.0,0.0,0.0,0.0,75.86303520888382,91.39685835235622,89.35381326358726,67.84110026219959,0.0,0.0,0.0,0.0,0.0,0.0
188,188,0.0,0.0,0.0,0.0,0.0,0.0,0.0,0.0,0.0,76.5607423847877,91.86905291685349,87.65300045403804,65.0307749385276,0.0,0.0,0.0,0.0,0.0,0.0
189,189,0.0,0.0,0.0,0.0,0.0,0.0,0.0,0.0,0.0,74.20323604756734,92.6184055765629,90.60540888851101,64.10857210913805,0.0,0.0,0.0,0.0,0.0,0.0
190,190,0.0,0.0,0.0,0.0,0.0,0.0,0.0,0.0,0.0,76.18218152493155,92.49808789261083,90.19240546443154,63.39062149294783,0.0,0.0,0.0,0.0,0.0,0.0
191,191,0.0,0.0,0.0,0.0,0.0,0.0,0.0,0.0,0.0,73.73359018206047,95.18554186130774,88.78711895446673,65.14906299999245,65.528895545098,0.0,0.0,0.0,0.0,0.0
192,192,0.0,0.0,0.0,0.0,0.0,0.0,0.0,0.0,0.0,73.79340447521754,93.21689105805488,90.24913374112269,66.1693726917687,65.14824887702986,0.0,0.0,0.0,0.0,0.0
193,193,0.0,0.0,0.0,0.0,0.0,0.0,0.0,0.0,0.0,74.48802910699109,94.32834394759277,89.92930583838361,0.0,67.69364981317105,0.0,0.0,0.0,0.0,0.0
194,194,0.0,0.0,0.0,0.0,0.0,0.0,0.0,0.0,0.0,74.52591965566523,91.9894129947841,89.97088618141237,0.0,64.77102772948558,0.0,0.0,0.0,0.0,0.0
195,195,0.0,0.0,0.0,0.0,0.0,0.0,0.0,0.0,0.0,73.78383596857891,94.17593211953177,89.40475710876727,0.0,66.61904673810648,0.0,0.0,0.0,0.0,0.0
196,196,0.0,0.0,0.0,0.0,0.0,0.0,0.0,0.0,0.0,74.60951607083085,92.5214418774082,90.1619434699782,0.0,66.61357237283417,65.96313156998919,0.0,0.0,0.0,0.0
197,197,0.0,0.0,0.0,0.0,0.0,0.0,0.0,0.0,0.0,72.92430827772661,92.59457311451982,88.95265726047717,0.0,67.36273715838975,66.07042115828001,0.0,0.0,0.0,0.0
198,198,0.0,0.0,0.0,0.0,0.0,0.0,0.0,0.0,0.0,72.71537934782864,93.92173072512999,89.99222408496682,0.0,66.3280702404361,65.59762121417539,0.0,0.0,0.0,0.0
199,199,0.0,0.0,0.0,0.0,0.0,0.0,0.0,0.0,0.0,73.63539317352911,93.70604033560757,87.42031659175666,0.0,69.39706653901122,66.03703506382618,0.0,0.0,0.0,0.0
200,200,0.0,0.0,0.0,0.0,0.0,0.0,0.0,0.0,0.0,73.85819811724097,94.12908388616147,88.08746272374601,0.0,68.70609185444745,65.57126233339301,0.0,0.0,0.0,0.0
201,201,0.0,0.0,0.0,0.0,0.0,0.0,0.0,0.0,0.0,71.80814113582002,93.55744900448583,87.9106731637228,0.0,68.41392469449129,67.99307948289643,0.0,0.0,0.0,0.0
202,202,0.0,0.0,0.0,0.0,0.0,0.0,0.0,0.0,0.0,73.3220536947702,91.91817800910943,89.6152319193914,0.0,68.99927313481224,67.77985653209441,0.0,0.0,0.0,0.0
203,203,0.0,0.0,0.0,0.0,0.0,0.0,0.0,0.0,0.0,74.0336148997495,92.39341385375903,88.88186548441782,0.0,71.2540934256785,68.21024871562372,0.0,0.0,0.0,0.0
204,204,0.0,0.0,0.0,0.0,0.0,0.0,0.0,0.0,0.0,71.83818265325714,91.35798891372976,86.74480517543451,0.0,69.37364082962426,68.0770965900657,0.0,0.0,0.0,0.0
205,205,0.0,0.0,0.0,0.0,0.0,0.0,0.0,0.0,0.0,71.66132221116337,92.78570002101773,88.90131522250275,0.0,69.92333855651509,69.34285752828103,0.0,0.0,0.0,0.0
206,206,0.0,0.0,0.0,0.0,0.0,0.0,0.0,0.0,0.0,71.25683082673247,92.94441938497343,89.04997250833691,0.0,72.7727638850261,70.18949443061418,0.0,0.0,0.0,0.0
207,207,0.0,0.0,0.0,0.0,0.0,0.0,0.0,0.0,0.0,70.29126985812627,90.80146876844346,89.56847163799607,0.0,74.3311272927443,68.7796905362453,0.0,0.0,0.0,0.0
208,208,0.0,0.0,0.0,0.0,0.0,0.0,0.0,0.0,0.0,71.01066954615871,91.15210388685414,88.27732924639439,0.0,72.82731530849813,71.05627146041914,0.0,0.0,0.0,0.0
209,209,0.0,0.0,0.0,0.0,0.0,0.0,0.0,0.0,0.0,70.23334897058561,89.56919519415099,88.9717730761379,0.0,72.75716697057801,70.25489834001317,0.0,0.0,0.0,0.0
210,210,0.0,0.0,0.0,0.0,0.0,0.0,0.0,0.0,0.0,70.66388274108031,90.780768438151,86.22863212262753,0.0,72.68448827732902,69.97058154163703,0.0,0.0,0.0,0.0
211,211,0.0,0.0,0.0,0.0,0.0,0.0,0.0,0.0,0.0,71.97021933163576,90.76152190802333,87.53423846214869,0.0,73.00890341854796,70.28042706840992,0.0,0.0,0.0,0.0
212,212,0.0,0.0,0.0,0.0,0.0,0.0,0.0,0.0,0.0,69.36402938603985,89.92271327403284,88.61993635607101,0.0,72.3870019319773,70.04024984051587,0.0,0.0,0.0,0.0
213,213,0.0,0.0,0.0,0.0,0.0,0.0,0.0,0.0,0.0,70.13628546838142,90.24454461874375,86.68675468374832,0.0,74.17447431585006,71.96950771487515,0.0,0.0,0.0,0.0
214,214,0.0,0.0,0.0,0.0,0.0,0.0,0.0,0.0,0.0,68.65277830509558,88.95935808136137,88.40780704294228,0.0,76.58978530235363,72.65229462108086,0.0,0.0,0.0,0.0
215,215,0.0,0.0,0.0,0.0,0.0,0.0,0.0,0.0,0.0,69.12454933125775,90.56152508021322,88.04386237394333,0.0,74.66666662070952,72.55340292227292,0.0,0.0,0.0,0.0
216,216,0.0,0.0,0.0,0.0,0.0,0.0,0.0,0.0,0.0,68.85003159921054,90.15285492433578,86.38439143581596,0.0,76.10157967181154,73.47137937951425,0.0,0.0,0.0,0.0
217,217,0.0,0.0,0.0,0.0,0.0,0.0,0.0,0.0,0.0,67.44613566671207,90.59298784589147,86.72285974682494,0.0,75.54112528375089,73.71253064945267,0.0,0.0,0.0,0.0
218,218,0.0,0.0,0.0,0.0,0.0,0.0,0.0,0.0,0.0,68.52044393854821,86.18022233941221,86.65435577017378,0.0,75.78756869923727,73.73542744295801,0.0,0.0,0.0,0.0
219,219,0.0,0.0,0.0,0.0,0.0,0.0,0.0,0.0,0.0,69.80544797556932,86.91730760605387,86.13320002419373,0.0,76.69446938532427,74.2290067080162,0.0,0.0,0.0,0.0
220,220,0.0,0.0,0.0,0.0,0.0,0.0,0.0,0.0,0.0,68.66981636908048,88.02342967233906,87.37859078394251,0.0,78.53085791347127,73.23102708927928,0.0,0.0,0.0,0.0
221,221,0.0,0.0,0.0,0.0,0.0,0.0,0.0,0.0,0.0,67.77514301046125,87.91838650014923,84.1720658264427,0.0,77.30519531521048,73.38530495283209,0.0,0.0,0.0,0.0
222,222,0.0,0.0,0.0,0.0,0.0,0.0,0.0,0.0,0.0,68.98806310245327,87.96151554820511,84.96755343309432,0.0,77.95280996338703,73.31645249706682,0.0,0.0,0.0,0.0
223,223,0.0,0.0,0.0,0.0,0.0,0.0,0.0,0.0,0.0,67.73715901688011,87.49321812205126,85.04088910761422,0.0,80.1044380284467,77.25625641382709,0.0,0.0,0.0,0.0
224,224,0.0,0.0,0.0,0.0,0.0,0.0,0.0,0.0,0.0,67.44052862438666,87.91107456647347,84.91656147763263,0.0,78.70980413228054,75.32892106811973,0.0,0.0,0.0,0.0
225,225,0.0,0.0,0.0,0.0,0.0,0.0,0.0,0.0,0.0,66.57020272654155,85.02610993491896,85.44502590404312,0.0,79.47728918171585,74.78136582331086,0.0,0.0,0.0,0.0
226,226,0.0,0.0,0.0,0.0,0.0,0.0,0.0,0.0,0.0,67.13063998156595,85.95597561739645,84.05612384720892,0.0,79.52917823487661,76.94827076103212,0.0,0.0,0.0,0.0
227,227,0.0,0.0,0.0,0.0,0.0,0.0,0.0,0.0,0.0,65.98426195445552,86.97103631739836,84.11882761077848,0.0,79.67968912423814,77.15005910282665,0.0,0.0,0.0,0.0
228,228,0.0,0.0,0.0,0.0,0.0,0.0,0.0,0.0,0.0,64.59952105608096,85.90972380290536,83.4636358537196,0.0,79.10154112043313,77.61576478657953,63.92739832674691,0.0,0.0,0.0
229,229,0.0,0.0,0.0,0.0,0.0,0.0,0.0,0.0,0.0,64.98150360486672,85.3538040586548,83.87096102228371,0.0,81.23641165617384,78.2371411914147,65.07509240242985,0.0,0.0,0.0
230,230,0.0,0.0,0.0,0.0,0.0,0.0,0.0,0.0,0.0,63.47535748249942,85.72505732313289,83.09685397459816,0.0,81.09494292987934,78.71186796339795,64.68480831823413,0.0,0.0,0.0
231,231,0.0,0.0,0.0,0.0,0.0,0.0,0.0,0.0,0.0,0.0,83.34390027724106,80.30212963966258,0.0,80.61630336758202,76.75050647162873,68.4394850089634,0.0,0.0,0.0
232,232,0.0,0.0,0.0,0.0,0.0,0.0,0.0,0.0,0.0,0.0,84.43251879227003,83.95587027621448,0.0,82.59280324877162,77.36202349944912,66.61363293216088,0.0,0.0,0.0
233,233,0.0,0.0,0.0,0.0,0.0,0.0,0.0,0.0,0.0,0.0,84.45126442064581,84.05929753052268,0.0,81.27676163323811,77.30613822901569,67.1705498257134,0.0,0.0,0.0
234,234,0.0,0.0,0.0,0.0,0.0,0.0,0.0,0.0,0.0,0.0,82.02094923534882,80.47237485029382,0.0,82.30769049376082,78.18346302382116,67.94493537709258,0.0,0.0,0.0
235,235,0.0,0.0,0.0,0.0,0.0,0.0,0.0,0.0,0.0,0.0,83.28297186681259,79.08063785931893,0.0,82.55683823669345,78.44327926622472,68.8530793768813,0.0,0.0,0.0
236,236,0.0,0.0,0.0,0.0,0.0,0.0,0.0,0.0,0.0,0.0,83.07927066832444,78.28227057979356,0.0,83.14183937778296,80.4333403945182,67.75930082219656,0.0,0.0,0.0
237,237,0.0,0.0,0.0,0.0,0.0,0.0,0.0,0.0,0.0,0.0,83.10122383826666,81.36668288365308,0.0,83.91565336391488,80.57950529143206,68.02995825754084,0.0,0.0,0.0
238,238,0.0,0.0,0.0,0.0,0.0,0.0,0.0,0.0,0.0,0.0,79.55520681775097,78.04129695974868,0.0,82.83149189593988,78.98835046593287,69.96358521598329,0.0,0.0,0.0
239,239,0.0,0.0,0.0,0.0,0.0,0.0,0.0,0.0,0.0,0.0,80.91710166895074,78.54377660883594,0.0,85.91229048715446,81.17145662778057,68.36043387499394,0.0,0.0,0.0
240,240,0.0,0.0,0.0,0.0,0.0,0.0,0.0,0.0,0.0,0.0,80.06060830034349,79.38333482716762,0.0,82.81331565689186,81.48581865201358,69.1573990539275,0.0,0.0,0.0
241,241,0.0,0.0,0.0,0.0,0.0,0.0,0.0,0.0,0.0,0.0,80.90087727603482,78.05525686354554,0.0,86.27650489327928,80.39360164452144,69.00838329202172,0.0,0.0,0.0
242,242,0.0,0.0,0.0,0.0,0.0,0.0,0.0,0.0,0.0,0.0,80.34429270682763,76.95202237695109,0.0,84.21437536327375,82.59808827880228,69.71878665262874,0.0,0.0,0.0
243,243,0.0,0.0,0.0,0.0,0.0,0.0,0.0,0.0,0.0,0.0,79.88816017441883,75.71167808581288,0.0,84.95503178793251,81.12736465694029,69.02827448700025,0.0,0.0,0.0
244,244,0.0,0.0,0.0,0.0,0.0,0.0,0.0,0.0,0.0,0.0,78.85741081554781,77.49458596616218,0.0,88.13731210962058,82.6359616783291,69.3195077780377,0.0,0.0,0.0
245,245,0.0,0.0,0.0,0.0,0.0,0.0,0.0,0.0,0.0,0.0,79.71685896508048,77.79779068606982,0.0,86.61504086173308,81.26169700845529,70.13449694321497,0.0,0.0,0.0
246,246,0.0,0.0,0.0,0.0,0.0,0.0,0.0,0.0,0.0,0.0,78.44048425913697,77.22906963088006,0.0,86.25860453785539,81.80258447944544,71.416758973782,0.0,0.0,0.0
247,247,0.0,0.0,0.0,0.0,0.0,0.0,0.0,0.0,0.0,0.0,76.92253142291395,76.7202158458739,0.0,87.05898799259843,83.58566634719065,71.12448287558566,0.0,0.0,0.0
248,248,0.0,0.0,0.0,0.0,0.0,0.0,0.0,0.0,0.0,0.0,76.60391429763439,76.11083028734649,0.0,86.57203639212455,83.45711587334682,71.07297862946285,0.0,0.0,0.0
249,249,0.0,0.0,0.0,0.0,0.0,0.0,0.0,0.0,0.0,0.0,76.18434953902135,76.48467752765305,0.0,85.93222944360615,82.9286712896539,72.20933751827307,65.9305467956115,0.0,0.0
250,250,0.0,0.0,0.0,0.0,0.0,0.0,0.0,0.0,0.0,0.0,77.1591827323843,74.67922171018958,0.0,88.34247195456538,82.45113332417539,70.79715240331905,65.43303486200064,0.0,0.0
251,251,0.0,0.0,0.0,0.0,0.0,0.0,0.0,0.0,0.0,0.0,76.5719292270007,77.84116816343963,0.0,87.821153851127,83.91648068390808,71.77921631959882,67.39758156108238,0.0,0.0
252,252,0.0,0.0,0.0,0.0,0.0,0.0,0.0,0.0,0.0,0.0,75.29169496207203,73.8148307861116,0.0,89.30677183569357,82.52835603454515,72.58343242526925,65.85031521821128,0.0,0.0
253,253,0.0,0.0,0.0,0.0,0.0,0.0,0.0,0.0,0.0,0.0,75.52799985406025,74.3571014229921,0.0,86.22024250435955,84.63026348193851,72.42557873477512,65.46169527781056,0.0,0.0
254,254,0.0,0.0,0.0,0.0,0.0,0.0,0.0,0.0,0.0,0.0,75.16915378744925,73.25266215822488,0.0,88.72320291287836,85.91584264521478,74.19585360765923,67.15023974138816,0.0,0.0
255,255,0.0,0.0,0.0,0.0,0.0,0.0,0.0,0.0,0.0,0.0,73.85610205992192,72.08184224531972,0.0,90.49241175468795,84.82318483958743,72.98640627078576,68.64776658333591,0.0,0.0
256,256,0.0,0.0,0.0,0.0,0.0,0.0,0.0,0.0,0.0,0.0,73.09486017349647,72.96643066404535,0.0,88.31369380364617,85.18598660119852,73.7695548153941,67.44354696286408,0.0,0.0
257,257,0.0,0.0,0.0,0.0,0.0,0.0,0.0,0.0,0.0,0.0,73.78174201462707,73.38307169543658,0.0,87.8876737348843,83.97200228145196,72.99457052787798,67.33214990360078,0.0,0.0
258,258,0.0,0.0,0.0,0.0,0.0,0.0,0.0,0.0,0.0,0.0,71.78220157572038,72.28085863765511,0.0,89.88074612758555,84.9127479189632,74.09886411681708,66.21471621795801,0.0,0.0
259,259,0.0,0.0,0.0,0.0,0.0,0.0,0.0,0.0,0.0,0.0,70.80936683299505,71.98238016273768,0.0,90.65657455146821,86.32496601648091,74.71078806402983,67.2102987143329,0.0,0.0
260,260,0.0,0.0,0.0,0.0,0.0,0.0,0.0,0.0,0.0,0.0,72.8505428280038,69.30043740261137,0.0,88.86555068347933,85.83618353142724,74.57417390875813,67.5281462546289,0.0,0.0
261,261,0.0,0.0,0.0,0.0,0.0,0.0,0.0,0.0,0.0,0.0,70.61792197646365,69.58934769913765,0.0,89.52722763217612,86.32077856392118,73.41474066430276,67.18220926363917,0.0,0.0
262,262,0.0,0.0,0.0,0.0,0.0,0.0,0.0,0.0,0.0,0.0,71.75221954953076,70.54769970735315,0.0,90.30057420874,85.2944223912084,76.92037118534105,67.04740260836637,0.0,0.0
263,263,0.0,0.0,0.0,0.0,0.0,0.0,0.0,0.0,0.0,0.0,72.15287556623538,68.70905070356376,0.0,92.12285243489212,87.46837558109247,76.60154021986723,68.51232750256457,0.0,0.0
264,264,0.0,0.0,0.0,0.0,0.0,0.0,0.0,0.0,0.0,0.0,69.39440728558006,68.5400922359768,0.0,91.62755610786324,85.43180471651192,74.93611675020945,69.28731463082353,0.0,0.0
265,265,0.0,0.0,0.0,0.0,0.0,0.0,0.0,0.0,0.0,0.0,69.16953798460294,69.45278588309787,0.0,89.85542086989902,84.58470021190834,76.09531534995766,67.99923783870614,0.0,0.0
266,266,0.0,0.0,0.0,0.0,0.0,0.0,0.0,0.0,0.0,0.0,68.79078883280866,70.27018442870201,0.0,90.39318394566368,84.76051504776737,76.80818977041142,70.06191185673532,0.0,0.0
267,267,0.0,0.0,0.0,0.0,0.0,0.0,0.0,0.0,0.0,0.0,68.22085304126254,66.43340062820981,0.0,90.66904165727848,85.74446070023485,76.89588384192392,67.08804468197908,0.0,0.0
268,268,0.0,0.0,0.0,0.0,0.0,0.0,0.0,0.0,0.0,0.0,68.18239257418946,68.20151570618604,0.0,91.66823851329376,84.98838627535599,76.81429639307089,68.73792888155126,0.0,0.0
269,269,0.0,0.0,0.0,0.0,0.0,0.0,0.0,0.0,0.0,0.0,66.52580541301928,67.08506868663527,0.0,89.10359306846668,83.36748639123769,78.10459989817392,69.14428371210056,0.0,0.0
270,270,0.0,0.0,0.0,0.0,0.0,0.0,0.0,0.0,0.0,0.0,67.03511254896554,65.78256253688012,0.0,89.75762273232749,84.1477342790266,75.4782890321674,69.99231443445933,0.0,0.0
271,271,0.0,0.0,0.0,0.0,0.0,0.0,0.0,0.0,0.0,0.0,67.39001011547883,66.0091538690705,0.0,90.68055421687866,84.5332334873808,76.72036816743568,69.04530847801901,0.0,0.0
272,272,0.0,0.0,0.0,0.0,0.0,0.0,0.0,0.0,0.0,0.0,66.27949657858818,65.29991770150797,0.0,91.95349751446177,85.37744029790493,75.26443944630601,71.12900135741256,0.0,0.0
273,273,0.0,0.0,0.0,0.0,0.0,0.0,0.0,0.0,0.0,0.0,67.14859124379429,65.51131108701229,0.0,92.42479851282249,85.4531194733996,79.84773689931757,70.33258053496478,0.0,0.0
274,274,0.0,0.0,0.0,0.0,0.0,0.0,0.0,0.0,0.0,0.0,63.8048271358853,63.11258666258011,0.0,90.41612882817304,86.08132522189601,79.01401526178023,69.03987791479541,0.0,0.0
275,275,0.0,0.0,0.0,0.0,0.0,0.0,0.0,0.0,0.0,0.0,65.89367138212452,0.0,0.0,89.26347938435573,84.2456567545008,77.08418518657257,68.48195907799774,0.0,0.0
276,276,0.0,0.0,0.0,0.0,0.0,0.0,0.0,0.0,0.0,0.0,66.4564943410146,0.0,0.0,89.60384984428421,85.00646270260626,77.91457915399879,68.48717704862793,0.0,0.0
277,277,0.0,0.0,0.0,0.0,0.0,0.0,0.0,0.0,0.0,0.0,0.0,0.0,0.0,91.66999298685678,83.6717042362397,78.61166477446164,71.2665044629384,0.0,0.0
278,278,0.0,0.0,0.0,0.0,0.0,0.0,0.0,0.0,0.0,0.0,0.0,0.0,0.0,90.22002371158736,85.6324306803727,78.92757308267984,69.3886839062473,0.0,0.0
279,279,0.0,0.0,0.0,0.0,0.0,0.0,0.0,0.0,0.0,0.0,0.0,0.0,0.0,91.482714790226,84.48777951615861,77.30777762951614,68.8173779065424,0.0,0.0
280,280,0.0,0.0,0.0,0.0,0.0,0.0,0.0,0.0,0.0,0.0,0.0,0.0,0.0,90.82918115115024,87.56441665262196,78.66838567978367,69.88017040768264,0.0,0.0
281,281,0.0,0.0,0.0,0.0,0.0,0.0,0.0,0.0,0.0,0.0,0.0,0.0,0.0,91.75772928700091,85.40122013248809,77.42636581870234,70.24530602815163,65.17354438849055,0.0
282,282,0.0,0.0,0.0,0.0,0.0,0.0,0.0,0.0,0.0,0.0,0.0,0.0,0.0,91.87432524594078,84.9131930589425,78.52696489794978,70.64393077549595,66.68498491772097,0.0
283,283,0.0,0.0,0.0,0.0,0.0,0.0,0.0,0.0,0.0,0.0,0.0,0.0,0.0,91.69764581237698,85.54790663935813,78.25455922002998,70.48352978001667,66.29515232066636,0.0
284,284,0.0,0.0,0.0,0.0,0.0,0.0,0.0,0.0,0.0,0.0,0.0,0.0,0.0,89.56804005452203,83.89341597356338,79.35019043118679,67.96098214313862,66.64649202075552,0.0
285,285,0.0,0.0,0.0,0.0,0.0,0.0,0.0,0.0,0.0,0.0,0.0,0.0,0.0,87.95540776760241,83.65352305742861,78.03584199881611,71.19461890094705,68.34795652108984,65.98901781847466
286,286,0.0,0.0,0.0,0.0,0.0,0.0,0.0,0.0,0.0,0.0,0.0,0.0,0.0,90.59014409143704,84.39683712736341,79.11176556865047,71.37118939439236,68.97198935736957,64.04693011727396
287,287,0.0,0.0,0.0,0.0,0.0,0.0,0.0,0.0,0.0,0.0,0.0,0.0,0.0,91.10105180977612,83.37277383166484,78.90140059549277,69.11645509177391,67.51408257437045,64.16827122597022
288,288,0.0,0.0,0.0,0.0,0.0,0.0,0.0,0.0,0.0,0.0,0.0,0.0,0.0,89.4810193229218,81.86864561594004,80.2735185339853,70.03974084821243,70.03644531978613,68.69517199076155
289,289,0.0,0.0,0.0,0.0,0.0,0.0,0.0,0.0,0.0,0.0,0.0,0.0,0.0,86.8184064878762,83.89232802131461,79.45618526037225,69.07694231645198,68.76799596744519,67.66447506321566
290,290,0.0,0.0,0.0,0.0,0.0,0.0,0.0,0.0,0.0,0.0,0.0,0.0,0.0,87.84421533986867,83.45312854513946,80.03955064320377,70.02810869660038,68.99594573674578,66.97084625607341
291,291,0.0,0.0,0.0,0.0,0.0,0.0,0.0,0.0,0.0,0.0,0.0,0.0,0.0,88.41711289682955,82.6903730245786,80.18886273358412,70.75319523424693,69.88068999068493,68.19944861463043
292,292,0.0,0.0,0.0,0.0,0.0,0.0,0.0,0.0,0.0,0.0,0.0,0.0,0.0,88.07341387237621,83.36000018877094,79.9802487935644,70.9331865827394,71.7787596378465,69.21329567158327
293,293,0.0,0.0,0.0,0.0,0.0,0.0,0.0,0.0,0.0,0.0,0.0,0.0,0.0,88.53561623503383,82.72622270829889,77.65810245230091,69.131537152889,71.1547465073233,69.43615891675759
294,294,0.0,0.0,0.0,0.0,0.0,0.0,0.0,0.0,0.0,0.0,0.0,0.0,0.0,87.1526050195279,82.1866086468065,76.90196769172654,69.16234085430031,71.64160143866533,70.3430670996404
295,295,0.0,0.0,0.0,0.0,0.0,0.0,0.0,0.0,0.0,0.0,0.0,0.0,0.0,89.29389308180097,81.74353177186987,80.52935959736709,69.65147118636061,72.22949134867204,70.37976019638897
296,296,0.0,0.0,0.0,0.0,0.0,0.0,0.0,0.0,0.0,0.0,0.0,0.0,0.0,86.38931006268699,80.9242959456844,78.59536426489592,70.09290876712848,73.77234466000914,70.78602800311018
297,297,0.0,0.0,0.0,0.0,0.0,0.0,0.0,0.0,0.0,0.0,0.0,0.0,0.0,86.79862536012465,81.79305001016363,80.43942711545634,70.24163706506465,70.68487345454315,71.15170579255914
298,298,0.0,0.0,0.0,0.0,0.0,0.0,0.0,0.0,0.0,0.0,0.0,0.0,0.0,86.32672744145407,80.7022206546822,77.24050156280533,69.31299102661737,74.7242504982103,70.48671349017883
299,299,0.0,0.0,0.0,0.0,0.0,0.0,0.0,0.0,0.0,0.0,0.0,0.0,0.0,87.11393199807993,81.03047700746036,77.99983174536902,69.8362634940358,74.25635338387814,72.10851781885876
