,time,153,175,918,940,963,941,154,132,919
0,0,78.85578689329083,73.98011261049975,67.80946728175225,86.54737247573188,0.0,0.0,0.0,0.0,0.0
1,1,79.34346796531563,74.02402665476171,69.38433699979774,86.2243739433085,0.0,0.0,0.0,0.0,0.0
2,2,81.12113862416939,74.95719357317678,68.78830165722536,83.89578028452388,0.0,0.0,0.0,0.0,0.0
3,3,79.79825650167462,72.46162335834806,71.17012932119455,86.33796528812846,0.0,0.0,0.0,0.0,0.0
4,4,80.66898283926547,71.3357734554499,69.99386270513114,83.05277939200447,0.0,0.0,0.0,0.0,0.0
5,5,80.97514507993438,73.06455419296404,69.0853139895391,83.8382404262167,0.0,0.0,0.0,0.0,0.0
6,6,81.73828213482004,73.75099698678433,72.43807798460944,81.20519389933962,0.0,0.0,0.0,0.0,0.0
7,7,82.39735168630277,70.76797893620933,70.45239687622662,81.05555577676816,0.0,0.0,0.0,0.0,0.0
8,8,83.60070817698578,72.38795442868971,69.59598970509808,80.26760562155381,0.0,0.0,0.0,0.0,0.0
9,9,82.62527247391215,71.95813195203988,71.181729188122,81.59256573537677,0.0,0.0,0.0,0.0,0.0
10,10,82.59315939082894,71.67533256516555,71.82037992487457,81.4689956887513,0.0,0.0,0.0,0.0,0.0
11,11,85.14242148570918,70.4474684377924,72.49685237527609,79.95246837151197,0.0,0.0,0.0,0.0,0.0
12,12,84.39364367179155,67.96624039369442,70.38708837329064,78.51530566104016,0.0,0.0,0.0,0.0,0.0
13,13,85.38009867689922,69.99540475646182,71.98242161661003,78.73053327112461,0.0,0.0,0.0,0.0,0.0
14,14,85.3937616293037,67.4481188713122,72.92243121088372,80.12187939306801,0.0,0.0,0.0,0.0,0.0
15,15,85.86863531340558,69.26884466521024,72.61798242666276,78.93126831478496,0.0,0.0,0.0,0.0,0.0
16,16,87.18439466422838,70.03089414856264,72.23177293620603,77.42339878645852,0.0,0.0,0.0,0.0,0.0
17,17,84.24192196844088,69.38285238086031,73.7016624549398,78.0790222113064,0.0,0.0,0.0,0.0,0.0
18,18,86.45663361117586,68.65203548144221,72.3004610148329,75.65959777554691,0.0,0.0,0.0,0.0,0.0
19,19,87.22958188227356,66.60268582764832,73.14315181600044,77.26504767889507,0.0,0.0,0.0,0.0,0.0
20,20,86.32333431571858,67.72320448774076,73.65235558999258,77.20580889447972,0.0,0.0,0.0,0.0,0.0
21,21,87.10448337245118,65.15198907967991,75.08425835116219,75.08395844362624,0.0,0.0,0.0,0.0,0.0
22,22,87.66904274320882,66.23690633720469,73.98735407690522,75.61423014084,0.0,0.0,0.0,0.0,0.0
23,23,90.0037827239185,67.30182626708455,74.2660694641458,75.45185339287156,0.0,0.0,0.0,0.0,0.0
24,24,89.63593307865652,65.26996508257426,74.83365806118711,75.31901116957457,0.0,0.0,0.0,0.0,0.0
25,25,88.51704563222478,67.30678928185104,74.4296954318622,71.98000323214285,0.0,0.0,0.0,0.0,0.0
26,26,90.48537883136234,65.43627377959136,72.62348413063788,74.41370990675038,0.0,0.0,0.0,0.0,0.0
27,27,89.65579959174289,0.0,75.48005170184753,71.81624774690451,0.0,0.0,0.0,0.0,0.0
28,28,89.89235402600433,0.0,74.6505695015792,72.37199606579344,0.0,0.0,0.0,0.0,0.0
29,29,89.95786878559632,0.0,77.09246904231807,71.64823239723277,0.0,0.0,0.0,0.0,0.0
30,30,91.44312006994059,0.0,74.49426972025582,72.47170440950917,0.0,0.0,0.0,0.0,0.0
31,31,91.08459773190302,0.0,75.402540966858,69.95476151245376,0.0,0.0,0.0,0.0,0.0
32,32,91.07373523621149,0.0,76.04376363600025,71.05799405191279,0.0,0.0,0.0,0.0,0.0
33,33,91.6775213410124,0.0,74.95001126884604,70.28571760124626,0.0,0.0,0.0,0.0,0.0
34,34,93.42572173273963,0.0,76.28834587093037,70.16365414095212,0.0,0.0,0.0,0.0,0.0
35,35,91.6117739934888,0.0,76.81384413564511,69.62105977767199,0.0,0.0,0.0,0.0,0.0
36,36,91.24963896639194,0.0,77.3893355529063,69.05376292753338,0.0,0.0,0.0,0.0,0.0
37,37,92.3382094082771,0.0,76.01832272618616,67.0592971476928,0.0,0.0,0.0,0.0,0.0
38,38,93.86054866362531,0.0,78.02779321170703,67.90703333848789,0.0,0.0,0.0,0.0,0.0
39,39,92.20584168599963,0.0,76.30124707617107,67.62027849247812,0.0,0.0,0.0,0.0,0.0
40,40,94.36537915687848,0.0,78.65255074543335,66.40415885661508,0.0,0.0,0.0,0.0,0.0
41,41,90.49612174479897,0.0,76.08578620538958,67.48743494352061,0.0,0.0,0.0,0.0,0.0
42,42,94.16300500112234,0.0,76.60439962687246,64.6167430900435,0.0,0.0,0.0,0.0,0.0
43,43,92.71155428421669,0.0,77.04253251896797,0.0,0.0,0.0,0.0,0.0,0.0
44,44,94.21413450085402,0.0,76.5071879970163,0.0,0.0,0.0,0.0,0.0,0.0
45,45,92.69121406232239,0.0,76.80853901889425,0.0,0.0,0.0,0.0,0.0,0.0
46,46,95.2588088874939,0.0,78.46337781146983,0.0,0.0,0.0,0.0,0.0,0.0
47,47,95.19780822021113,0.0,76.98344495626536,0.0,0.0,0.0,0.0,0.0,0.0
48,48,95.35713952124209,0.0,77.93610961357362,0.0,0.0,0.0,0.0,0.0,0.0
49,49,94.8857173793545,0.0,78.06367125153932,0.0,0.0,0.0,0.0,0.0,0.0
50,50,94.09195204283692,0.0,77.46774075280398,0.0,0.0,0.0,0.0,0.0,0.0
51,51,95.60909073779223,0.0,78.02224018115741,0.0,0.0,0.0,0.0,0.0,0.0
52,52,94.92853460437897,0.0,75.77102349479321,0.0,0.0,0.0,0.0,0.0,0.0
53,53,94.36604801317998,0.0,76.96370408522637,0.0,0.0,0.0,0.0,0.0,0.0
54,54,95.35633943919444,0.0,77.66984094293666,0.0,0.0,0.0,0.0,0.0,0.0
55,55,95.05692173871051,0.0,77.95000665406444,0.0,0.0,0.0,0.0,0.0,0.0
56,56,95.52187016368498,0.0,76.58612507325094,0.0,0.0,0.0,0.0,0.0,0.0
57,57,93.95457969428655,0.0,77.69253510898184,0.0,0.0,0.0,0.0,0.0,0.0
58,58,94.79643210130196,0.0,78.57217304203631,0.0,0.0,0.0,0.0,0.0,0.0
59,59,94.90621989895199,0.0,79.02645521642813,0.0,0.0,0.0,0.0,0.0,0.0
60,60,94.25528307389125,0.0,77.72889657719264,0.0,0.0,0.0,0.0,0.0,0.0
61,61,94.11230331941375,0.0,77.39757277853005,0.0,0.0,0.0,0.0,0.0,0.0
62,62,96.11831154688588,0.0,76.84867767819004,0.0,0.0,0.0,0.0,0.0,0.0
63,63,93.67718876209122,0.0,76.38201384863756,0.0,0.0,0.0,0.0,0.0,0.0
64,64,93.18645684351439,0.0,77.1628198824249,0.0,0.0,0.0,0.0,0.0,0.0
65,65,93.64123836366713,0.0,78.44019707086294,0.0,0.0,0.0,0.0,0.0,0.0
66,66,93.83163284228223,0.0,76.2423085772422,0.0,0.0,0.0,0.0,0.0,0.0
67,67,92.71400821338776,0.0,75.20507437507729,0.0,0.0,0.0,0.0,0.0,0.0
68,68,93.9296326003531,0.0,79.32786098120512,0.0,0.0,0.0,0.0,0.0,0.0
69,69,93.20788838307088,0.0,76.55812320745079,0.0,0.0,0.0,0.0,0.0,0.0
70,70,93.71915382900065,0.0,75.94791280868425,0.0,0.0,0.0,0.0,0.0,0.0
71,71,91.83043636842774,0.0,77.45409008027308,0.0,0.0,0.0,0.0,0.0,0.0
72,72,94.04174270774267,0.0,76.70035878274007,0.0,0.0,0.0,0.0,0.0,0.0
73,73,91.87357709865636,0.0,75.6792991419197,0.0,0.0,0.0,0.0,0.0,0.0
74,74,92.26208728839588,0.0,74.72685172432426,0.0,0.0,0.0,0.0,0.0,0.0
75,75,90.34769751250053,0.0,76.32139462755762,0.0,0.0,0.0,0.0,0.0,0.0
76,76,90.35290942918239,0.0,76.8228883709378,0.0,0.0,0.0,0.0,0.0,0.0
77,77,90.6028189459669,0.0,75.41509660415414,0.0,0.0,0.0,0.0,0.0,0.0
78,78,92.23897064979529,0.0,74.26928905849246,0.0,0.0,0.0,0.0,0.0,0.0
79,79,90.48999100028507,0.0,74.18961284995936,0.0,0.0,0.0,0.0,0.0,0.0
80,80,89.29083236215374,0.0,75.0727883767506,0.0,0.0,0.0,0.0,0.0,0.0
81,81,88.82805509240211,0.0,75.76229133074993,0.0,0.0,0.0,0.0,0.0,0.0
82,82,88.44249420193754,0.0,76.20560280619878,0.0,0.0,0.0,0.0,0.0,0.0
83,83,89.42691946830486,0.0,73.91144331073676,0.0,66.33080836967491,0.0,0.0,0.0,0.0
84,84,87.12988954822755,0.0,72.70048118830343,0.0,65.48601056122641,0.0,0.0,0.0,0.0
85,85,87.76819670209368,0.0,74.79101748703732,0.0,65.93684330289953,0.0,0.0,0.0,0.0
86,86,88.23771901126926,0.0,73.8523138692222,0.0,66.46139502030883,0.0,0.0,0.0,0.0
87,87,87.16985627541486,0.0,71.6518761167316,0.0,66.550954909569,0.0,0.0,0.0,0.0
88,88,85.50629282676967,0.0,71.62511178254762,0.0,68.01676561594356,0.0,0.0,0.0,0.0
89,89,85.73110731789325,0.0,73.7050768655757,0.0,66.80600951387798,0.0,0.0,0.0,0.0
90,90,84.98997734313717,0.0,72.33886590100053,0.0,69.07274601882706,0.0,0.0,0.0,0.0
91,91,86.79581908939161,0.0,71.92749589863554,0.0,67.02708159310532,0.0,0.0,0.0,0.0
92,92,85.8314590984028,0.0,73.67103303340188,0.0,67.30185436020747,0.0,0.0,0.0,0.0
93,93,83.51050032867781,0.0,71.12452147486911,0.0,68.65730204825998,0.0,0.0,0.0,0.0
94,94,85.6141783491982,0.0,72.30110774997594,0.0,66.54858940137883,0.0,0.0,0.0,0.0
95,95,82.95485388278993,0.0,69.17908333369456,0.0,67.57629111438354,0.0,0.0,0.0,0.0
96,96,83.63195611360719,0.0,71.83756088506242,0.0,68.8767162484318,0.0,0.0,0.0,0.0
97,97,84.18847938652878,0.0,72.00375349920766,0.0,70.08482870400636,0.0,0.0,0.0,0.0
98,98,81.9274580753822,0.0,71.99475942144966,0.0,68.72585881965685,0.0,0.0,0.0,0.0
99,99,82.85364451895525,0.0,68.83082704099168,0.0,68.71316383972784,0.0,0.0,0.0,0.0
100,100,81.45023025397734,0.0,69.9977245566132,0.0,69.05513977274899,0.0,0.0,0.0,0.0
101,101,79.31931766555496,0.0,71.23436856696873,0.0,70.57080033102791,0.0,0.0,0.0,0.0
102,102,81.16425806565252,0.0,68.43652103899512,0.0,69.05225203288404,0.0,0.0,0.0,0.0
103,103,80.00190478542211,0.0,69.35573826659979,0.0,68.7169011959868,0.0,0.0,0.0,0.0
104,104,81.27688457108044,0.0,68.38857697829515,0.0,69.64973890450149,0.0,0.0,0.0,0.0
105,105,77.48482538899557,0.0,67.49669300082859,0.0,71.75975765793338,0.0,0.0,0.0,0.0
106,106,80.61020277303635,0.0,69.26545138768117,0.0,70.12692970020126,0.0,0.0,0.0,0.0
107,107,78.2124020941893,0.0,69.1047758513915,0.0,71.5807079776629,0.0,0.0,0.0,0.0
108,108,78.30118800110642,0.0,68.42022156377148,0.0,68.8873648844349,0.0,0.0,0.0,0.0
109,109,78.3759071201776,0.0,65.96575051539583,0.0,71.27217596685789,0.0,0.0,0.0,0.0
110,110,77.11033669601224,0.0,67.02973058687398,0.0,71.54853715209494,0.0,0.0,0.0,0.0
111,111,77.95039807132432,0.0,68.52424002288559,0.0,71.20790137224606,0.0,0.0,0.0,0.0
112,112,76.88402827436418,0.0,65.80483751131582,0.0,71.37716388780663,0.0,0.0,0.0,0.0
113,113,75.89557348947919,0.0,65.26165014178942,0.0,71.82264216581754,0.0,0.0,0.0,0.0
114,114,75.32275471352835,0.0,65.92476485652864,0.0,73.59163833164406,0.0,0.0,0.0,0.0
115,115,74.72935381802392,0.0,0.0,0.0,71.6764520851749,0.0,0.0,0.0,0.0
116,116,73.28567886605772,0.0,0.0,0.0,71.11762013785999,0.0,0.0,0.0,0.0
117,117,72.75716360068968,0.0,0.0,0.0,70.66700678578881,0.0,0.0,0.0,0.0
118,118,73.61401955825629,0.0,0.0,0.0,70.98005058887239,0.0,0.0,0.0,0.0
119,119,71.73870390860208,0.0,0.0,0.0,71.24680649429968,0.0,0.0,0.0,0.0
120,120,72.94353060584496,0.0,0.0,0.0,73.64965294912787,0.0,0.0,0.0,0.0
121,121,71.05866032668291,0.0,0.0,0.0,71.28201110203972,0.0,0.0,0.0,0.0
122,122,70.8559191189692,0.0,0.0,0.0,71.65145344506236,0.0,0.0,0.0,0.0
123,123,71.04945781570738,0.0,0.0,0.0,72.7857982399101,0.0,0.0,0.0,0.0
124,124,71.79148689792935,0.0,0.0,0.0,70.63376145380182,0.0,0.0,0.0,0.0
125,125,70.459227020887,0.0,0.0,0.0,72.86290582040668,0.0,0.0,0.0,0.0
126,126,70.04624355043413,0.0,0.0,0.0,73.83821025928458,0.0,0.0,0.0,0.0
127,127,69.87039695388154,0.0,0.0,0.0,70.73999995597006,0.0,0.0,0.0,0.0
128,128,68.82409250497648,0.0,0.0,0.0,75.03563806384014,0.0,0.0,0.0,0.0
129,129,67.01011549762872,0.0,0.0,0.0,73.63228803716778,0.0,0.0,0.0,0.0
130,130,68.64802873462558,0.0,0.0,0.0,73.26044926052653,0.0,0.0,0.0,0.0
131,131,66.78761383322497,0.0,0.0,0.0,74.80684414922312,0.0,0.0,0.0,0.0
132,132,66.28067024545498,0.0,0.0,0.0,74.18703912217201,0.0,0.0,0.0,0.0
133,133,66.3975904892158,0.0,0.0,0.0,72.22163870434348,0.0,0.0,0.0,0.0
134,134,68.27059363588573,0.0,0.0,0.0,72.5142080950782,0.0,0.0,0.0,0.0
135,135,65.93876563064532,0.0,0.0,0.0,73.44640451842116,0.0,0.0,0.0,0.0
136,136,64.55077085780398,0.0,0.0,0.0,74.06724099920605,0.0,0.0,0.0,0.0
137,137,0.0,0.0,0.0,0.0,73.26003803017724,0.0,0.0,0.0,0.0
138,138,0.0,0.0,0.0,0.0,71.8752114418403,0.0,0.0,0.0,0.0
139,139,0.0,0.0,0.0,0.0,74.835891151271,0.0,0.0,0.0,0.0
140,140,0.0,0.0,0.0,0.0,72.4298064077224,0.0,0.0,0.0,0.0
141,141,0.0,0.0,0.0,0.0,72.8071121785296,0.0,0.0,0.0,0.0
142,142,0.0,0.0,0.0,0.0,74.49245477541074,0.0,0.0,0.0,0.0
143,143,0.0,0.0,0.0,0.0,72.90221712484708,0.0,0.0,0.0,0.0
144,144,0.0,0.0,0.0,0.0,70.70675544183571,66.62789700011369,0.0,0.0,0.0
145,145,0.0,0.0,0.0,0.0,71.21448987194078,65.5579138213802,0.0,0.0,0.0
146,146,0.0,0.0,0.0,0.0,73.78273270083362,68.46163040338995,0.0,0.0,0.0
147,147,0.0,0.0,0.0,0.0,71.86844632843864,66.02273791380578,0.0,0.0,0.0
148,148,0.0,0.0,0.0,0.0,72.31947023972022,66.4730304571512,0.0,0.0,0.0
149,149,0.0,0.0,0.0,0.0,72.23234968521051,68.16505876382912,0.0,0.0,0.0
150,150,0.0,0.0,0.0,0.0,72.25428218167329,67.9160476989891,0.0,0.0,0.0
151,151,0.0,0.0,0.0,0.0,72.51280274850487,69.65739206447653,0.0,0.0,0.0
152,152,0.0,0.0,0.0,0.0,71.62957019714544,70.23139539931685,67.62163319757366,0.0,0.0
153,153,0.0,0.0,0.0,0.0,73.582782427858,70.89890791633566,66.30922996891667,0.0,0.0
154,154,0.0,0.0,0.0,0.0,71.05899995318092,70.45662349739418,66.83175846554332,0.0,0.0
155,155,0.0,0.0,0.0,0.0,71.33672939613245,71.11352594744716,66.77003129436007,0.0,0.0
156,156,0.0,0.0,0.0,0.0,72.173188758842,73.45598349530505,67.54113850964559,0.0,0.0
157,157,0.0,0.0,0.0,0.0,69.45215895595574,71.87846336754501,67.50395186667275,0.0,0.0
158,158,0.0,0.0,0.0,0.0,71.40668514680092,70.48751239754573,68.33759719592689,0.0,0.0
159,159,0.0,0.0,0.0,0.0,70.68687607963612,71.93846515316541,68.4661399045966,0.0,0.0
160,160,0.0,0.0,0.0,0.0,69.26438468897496,74.45501133129528,69.71036961474789,0.0,0.0
161,161,0.0,0.0,0.0,0.0,71.94429021335286,73.81231788752923,68.46820515334073,0.0,0.0
162,162,0.0,0.0,0.0,0.0,71.47006668803378,74.92650205828176,70.12133825350541,0.0,0.0
163,163,0.0,0.0,0.0,0.0,70.7528520631893,74.34499668145682,69.6205372809596,0.0,0.0
164,164,0.0,0.0,0.0,0.0,70.7323596527443,73.89312631736807,71.10845246861983,0.0,0.0
165,165,0.0,0.0,0.0,0.0,69.33555653423701,75.61970442457812,71.10810389249808,0.0,0.0
166,166,0.0,0.0,0.0,0.0,71.50913254761733,76.7866200740097,73.83924744743057,0.0,0.0
167,167,0.0,0.0,0.0,0.0,70.3359699424493,77.37536562410575,70.07857027248303,0.0,0.0
168,168,0.0,0.0,0.0,0.0,69.40948030932887,78.78062026627525,71.03211008719133,0.0,0.0
169,169,0.0,0.0,0.0,0.0,68.30141369998617,77.68722967769138,71.9556862694401,0.0,0.0
170,170,0.0,0.0,0.0,0.0,67.91233685276924,77.75112262037483,72.64567632967271,0.0,0.0
171,171,0.0,0.0,0.0,0.0,69.1857224423792,78.2880820508875,73.85270630711203,0.0,0.0
172,172,0.0,0.0,0.0,0.0,69.97693927621145,77.38716373818662,72.65121685738781,0.0,0.0
173,173,0.0,0.0,0.0,0.0,67.83142306408607,79.89137923052508,72.949840432528,0.0,0.0
174,174,0.0,0.0,0.0,0.0,67.50053405465349,79.44267998633315,75.99063856679763,0.0,0.0
175,175,0.0,0.0,0.0,0.0,65.28429624286562,79.60080092495572,75.12172149376607,0.0,0.0
176,176,0.0,0.0,0.0,0.0,66.46331547332599,79.72049693997263,75.53015731135763,0.0,0.0
177,177,0.0,0.0,0.0,0.0,66.37341575174383,82.35406385168105,76.09322987835984,0.0,0.0
178,178,0.0,0.0,0.0,0.0,67.36047092368977,82.76728091159455,75.668431037281,0.0,0.0
179,179,0.0,0.0,0.0,0.0,69.06586053646568,79.61649845046287,76.59394518786885,0.0,0.0
180,180,0.0,0.0,0.0,0.0,64.423752768037,82.18789104333246,77.13142293975721,0.0,0.0
181,181,0.0,0.0,0.0,0.0,64.82523210701186,83.31046789412909,77.78759112865886,0.0,0.0
182,182,0.0,0.0,0.0,0.0,65.67400470522965,83.98922984368654,76.99489536418616,0.0,0.0
183,183,0.0,0.0,0.0,0.0,66.29630143854494,84.1480399600311,77.08006608476633,0.0,0.0
184,184,0.0,0.0,0.0,0.0,64.48136036705264,84.62297717092173,78.1361503156772,0.0,0.0
185,185,0.0,0.0,0.0,0.0,0.0,85.9936493012382,78.87083314452126,0.0,0.0
186,186,0.0,0.0,0.0,0.0,0.0,84.65063264490092,80.9365883303654,0.0,0.0
187,187,0.0,0.0,0.0,0.0,0.0,85.83820182184986,82.19307549952937,0.0,0.0
188,188,0.0,0.0,0.0,0.0,0.0,87.31896067570618,80.34499916724762,0.0,0.0
189,189,0.0,0.0,0.0,0.0,0.0,86.19666641508013,81.61923724843712,0.0,0.0
190,190,0.0,0.0,0.0,0.0,0.0,87.26858238721873,81.41329027361998,0.0,0.0
191,191,0.0,0.0,0.0,0.0,0.0,86.32452222616244,80.4626852236282,0.0,0.0
192,192,0.0,0.0,0.0,0.0,0.0,89.59418790652714,82.00806370104665,0.0,0.0
193,193,0.0,0.0,0.0,0.0,0.0,87.32659283252401,82.38732733091125,0.0,0.0
194,194,0.0,0.0,0.0,0.0,0.0,88.50578534870479,84.5751521131211,0.0,0.0
195,195,0.0,0.0,0.0,0.0,0.0,90.68661177123136,83.13847277676867,0.0,0.0
196,196,0.0,0.0,0.0,0.0,0.0,89.75259029846416,84.70445183115763,0.0,0.0
197,197,0.0,0.0,0.0,0.0,0.0,91.00220951717208,83.15305585915839,0.0,0.0
198,198,0.0,0.0,0.0,0.0,0.0,91.16011399299389,83.71244701619305,0.0,0.0
199,199,0.0,0.0,0.0,0.0,0.0,90.37563746088345,82.70849818129285,0.0,0.0
200,200,0.0,0.0,0.0,0.0,0.0,92.05970893951559,84.50023426813037,0.0,0.0
201,201,0.0,0.0,0.0,0.0,0.0,91.53529446087613,84.04653857449463,0.0,0.0
202,202,0.0,0.0,0.0,0.0,0.0,93.84567599034419,85.2626652917716,0.0,0.0
203,203,0.0,0.0,0.0,0.0,0.0,92.2953725147631,87.1493899562683,0.0,0.0
204,204,0.0,0.0,0.0,0.0,0.0,94.3164773876773,85.57758753870148,0.0,0.0
205,205,0.0,0.0,0.0,0.0,0.0,94.65272931521753,86.38124741722223,0.0,0.0
206,206,0.0,0.0,0.0,0.0,0.0,95.33191988973962,86.01110471108508,0.0,0.0
207,207,0.0,0.0,0.0,0.0,0.0,96.52665427590904,86.4749725280849,0.0,0.0
208,208,0.0,0.0,0.0,0.0,0.0,96.91929787308636,84.62268653834369,0.0,0.0
209,209,0.0,0.0,0.0,0.0,0.0,94.27565531000236,86.62002206624581,0.0,0.0
210,210,0.0,0.0,0.0,0.0,0.0,95.18821632201366,86.1367318589828,0.0,0.0
211,211,0.0,0.0,0.0,0.0,0.0,95.30948902737495,88.078470939703,0.0,0.0
212,212,0.0,0.0,0.0,0.0,0.0,94.84898252354357,85.99736027921128,0.0,0.0
213,213,0.0,0.0,0.0,0.0,0.0,94.90558161882136,87.4272524890364,0.0,0.0
214,214,0.0,0.0,0.0,0.0,0.0,96.35253462517521,86.93065046643808,0.0,0.0
215,215,0.0,0.0,0.0,0.0,0.0,97.05175161389373,87.6412410898642,0.0,0.0
216,216,0.0,0.0,0.0,0.0,0.0,96.17079203024332,89.11739066203319,0.0,0.0
217,217,0.0,0.0,0.0,0.0,0.0,96.66000670093477,86.77026426434605,0.0,0.0
218,218,0.0,0.0,0.0,0.0,0.0,96.44490365166546,87.34661140524099,0.0,0.0
219,219,0.0,0.0,0.0,0.0,0.0,96.3989706439011,85.92925482940267,0.0,0.0
220,220,0.0,0.0,0.0,0.0,0.0,96.70405038301281,88.13051189510033,0.0,0.0
221,221,0.0,0.0,0.0,0.0,0.0,97.05335748187491,89.27891141303498,0.0,0.0
222,222,0.0,0.0,0.0,0.0,0.0,96.13736655489086,87.72953419821634,0.0,0.0
223,223,0.0,0.0,0.0,0.0,0.0,98.11584826510776,88.61886625449092,0.0,0.0
224,224,0.0,0.0,0.0,0.0,0.0,96.16327175005792,88.01165862797906,0.0,0.0
225,225,0.0,0.0,0.0,0.0,0.0,97.24700391051753,89.64972421990133,0.0,0.0
226,226,0.0,0.0,0.0,0.0,0.0,96.8528201007416,88.52915595823634,0.0,0.0
227,227,0.0,0.0,0.0,0.0,0.0,97.86491267630133,88.51839668389677,0.0,0.0
228,228,0.0,0.0,0.0,0.0,0.0,96.99005290744428,87.69539920031764,0.0,0.0
229,229,0.0,0.0,0.0,0.0,0.0,97.19207456991442,88.18551494497686,0.0,0.0
230,230,0.0,0.0,0.0,0.0,0.0,96.66907445270581,89.40410194344942,0.0,0.0
231,231,0.0,0.0,0.0,0.0,0.0,99.21833510688346,88.98937026689114,0.0,0.0
232,232,0.0,0.0,0.0,0.0,0.0,96.83206383441917,90.03364637554603,0.0,0.0
233,233,0.0,0.0,0.0,0.0,0.0,97.54443030177549,89.20840987251395,0.0,0.0
234,234,0.0,0.0,0.0,0.0,0.0,97.09013826704765,90.25404805157142,0.0,0.0
235,235,0.0,0.0,0.0,0.0,0.0,97.9966197541472,88.23276008496511,0.0,0.0
236,236,0.0,0.0,0.0,0.0,0.0,97.20706002166914,87.54031394982498,0.0,0.0
237,237,0.0,0.0,0.0,0.0,0.0,97.89896302165671,88.92924586245637,0.0,0.0
238,238,0.0,0.0,0.0,0.0,0.0,97.6037159079383,89.78553736195349,0.0,0.0
239,239,0.0,0.0,0.0,0.0,0.0,97.3293473956867,88.43715744238808,0.0,0.0
240,240,0.0,0.0,0.0,0.0,0.0,96.40599761898746,88.26846113204844,0.0,0.0
241,241,0.0,0.0,0.0,0.0,0.0,96.28239021398376,88.21550974574438,0.0,0.0
242,242,0.0,0.0,0.0,0.0,0.0,95.00646408171812,89.49624588741756,0.0,0.0
243,243,0.0,0.0,0.0,0.0,0.0,96.4722828188007,87.29194948919853,0.0,0.0
244,244,0.0,0.0,0.0,0.0,0.0,96.49458278023546,88.47073025940162,0.0,0.0
245,245,0.0,0.0,0.0,0.0,0.0,95.61153121457016,86.31977964977784,0.0,0.0
246,246,0.0,0.0,0.0,0.0,0.0,97.60729106950018,86.53262254786716,65.02056758433427,0.0
247,247,0.0,0.0,0.0,0.0,0.0,94.06656999374623,88.14898082113963,65.61704813638401,0.0
248,248,0.0,0.0,0.0,0.0,0.0,96.3043157556302,85.6311473550319,67.03294864425797,0.0
249,249,0.0,0.0,0.0,0.0,0.0,93.80570052927679,86.68801038865227,67.7280069638033,0.0
250,250,0.0,0.0,0.0,0.0,0.0,94.21631725463946,86.10134550398877,67.85241792666929,0.0
251,251,0.0,0.0,0.0,0.0,0.0,95.16604439220185,85.76365916772205,66.44462124188772,0.0
252,252,0.0,0.0,0.0,0.0,0.0,93.80845526605958,84.66965348181337,68.94833651536874,0.0
253,253,0.0,0.0,0.0,0.0,0.0,92.51358269071159,85.72313008942943,68.55492102737784,0.0
254,254,0.0,0.0,0.0,0.0,0.0,93.56987664228271,84.11193638635103,68.9397841203174,0.0
255,255,0.0,0.0,0.0,0.0,0.0,91.56669138742731,84.54731946217792,69.12569234269937,0.0
256,256,0.0,0.0,0.0,0.0,0.0,93.11891931680455,84.68310726391321,70.88519094706145,0.0
257,257,0.0,0.0,0.0,0.0,0.0,91.01707803105849,85.4671693811837,69.57070756976333,0.0
258,258,0.0,0.0,0.0,0.0,0.0,91.9403408384362,83.64902542583178,71.04489117402264,0.0
259,259,0.0,0.0,0.0,0.0,0.0,89.73755250655046,82.08357169760032,71.29923261490332,0.0
260,260,0.0,0.0,0.0,0.0,0.0,90.09235472221276,85.53457781423248,68.59760323603388,0.0
261,261,0.0,0.0,0.0,0.0,0.0,90.0364391878038,83.9088986550064,70.81160192633655,0.0
262,262,0.0,0.0,0.0,0.0,0.0,90.19063587181108,81.81717505434573,72.56864656947525,0.0
263,263,0.0,0.0,0.0,0.0,0.0,91.00786242052388,82.71667603836592,71.12535334161339,0.0
264,264,0.0,0.0,0.0,0.0,0.0,90.09455747034866,82.0172806104057,73.1863864898268,0.0
265,265,0.0,0.0,0.0,0.0,0.0,87.93239649013726,83.51830735184267,73.9635870240872,0.0
266,266,0.0,0.0,0.0,0.0,0.0,89.57955296773743,81.34334424986969,74.88020734882076,0.0
267,267,0.0,0.0,0.0,0.0,0.0,87.56370237327687,79.11087612416287,73.15527935550566,0.0
268,268,0.0,0.0,0.0,0.0,0.0,87.60824421906524,82.91427715126015,75.24547311493546,0.0
269,269,0.0,0.0,0.0,0.0,0.0,86.0366446690503,81.41330847407256,73.94835967799362,0.0
270,270,0.0,0.0,0.0,0.0,0.0,84.93495146072958,78.47837599332561,75.27741008795746,0.0
271,271,0.0,0.0,0.0,0.0,0.0,85.7281324017259,79.95987877894189,76.39478738497837,0.0
272,272,0.0,0.0,0.0,0.0,0.0,86.47347798836412,79.6062116567149,77.42425359976077,0.0
273,273,0.0,0.0,0.0,0.0,0.0,85.74057081353088,79.7368173567817,75.80361149863627,0.0
274,274,0.0,0.0,0.0,0.0,0.0,84.16791124533019,79.18144708931213,77.26195369704831,0.0
275,275,0.0,0.0,0.0,0.0,0.0,82.16890662490273,77.77285905471778,76.45155614863536,0.0
276,276,0.0,0.0,0.0,0.0,0.0,84.02648734614769,77.49991462018907,77.44644863631703,0.0
277,277,0.0,0.0,0.0,0.0,0.0,81.82473599028856,77.592600723844,77.67301119962471,0.0
278,278,0.0,0.0,0.0,0.0,0.0,82.669742637541,75.98992335984211,78.78839872158431,0.0
279,279,0.0,0.0,0.0,0.0,0.0,83.54172970355509,73.92079524546932,78.85218449644884,0.0
280,280,0.0,0.0,0.0,0.0,0.0,81.39326406877151,75.97794213751882,78.9394261756907,0.0
281,281,0.0,0.0,0.0,0.0,0.0,80.36301712811141,75.82690093832295,80.8096780806631,0.0
282,282,0.0,0.0,0.0,0.0,0.0,81.3681121482905,77.31397298223042,80.87686188016835,66.24014274814662
283,283,0.0,0.0,0.0,0.0,0.0,79.92862375641214,76.25355677474059,80.37003813242727,65.86138786301665
284,284,0.0,0.0,0.0,0.0,0.0,80.1325813053997,76.03247322535286,80.65774770041932,65.19268028504905
285,285,0.0,0.0,0.0,0.0,0.0,79.39828364077663,73.0801939095517,81.21944915228548,66.43803308481283
286,286,0.0,0.0,0.0,0.0,0.0,77.31135017607177,74.83330575386546,79.92199001210605,65.90641945271804
287,287,0.0,0.0,0.0,0.0,0.0,78.91652783823737,73.09268258475261,80.82366007640078,65.89840060336901
288,288,0.0,0.0,0.0,0.0,0.0,77.54158497474727,73.03625831929466,81.79434920189945,67.82055392859291
289,289,0.0,0.0,0.0,0.0,0.0,77.75093239711808,72.13385904267126,81.54771342646774,65.43571709733602
290,290,0.0,0.0,0.0,0.0,0.0,77.25499474323712,71.53568610012113,81.61450973006073,67.5784323476944
291,291,0.0,0.0,0.0,0.0,0.0,77.30324867019235,72.60378567632463,83.61468546448656,65.73449531577874
292,292,0.0,0.0,0.0,0.0,0.0,77.38606520691721,71.23851717068237,83.29558756603868,68.48204058887494
293,293,0.0,0.0,0.0,0.0,0.0,75.01506981183167,71.04814545245826,86.15116962134125,69.10254949044003
294,294,0.0,0.0,0.0,0.0,0.0,73.50376235037005,70.33959211771557,84.22112502516332,69.2325735793696
295,295,0.0,0.0,0.0,0.0,0.0,72.82533650464637,68.59305497574974,84.84234905630919,69.63711332358906
296,296,0.0,0.0,0.0,0.0,0.0,73.63765487022029,69.129482825256,83.7292955009724,69.55354197394792
297,297,0.0,0.0,0.0,0.0,0.0,74.89647966853985,69.47081310882521,84.9317424270039,69.8717247457441
298,298,0.0,0.0,0.0,0.0,0.0,72.70207413491937,69.4234758178423,84.6152196357581,66.55732286541867
299,299,0.0,0.0,0.0,0.0,0.0,71.8411346138148,67.83841599190596,84.30563621705465,68.54560965544343
