,time,1255,1300,1322,1367,1389,1434,1479,1501,1546,1233,1412,1345,1524,1278,1457,1390,1323,1502,1256,1435,1569,1368,1301,1547,1480,1413,1234
0,0,83.29348803582381,82.66613154972232,82.61976605665669,90.89352906047458,67.50027795030779,93.87112412417746,74.1151055823359,87.73957870099629,71.85487006485509,0.0,0.0,0.0,0.0,0.0,0.0,0.0,0.0,0.0,0.0,0.0,0.0,0.0,0.0,0.0,0.0,0.0,0.0
1,1,83.32858276519381,81.37535703443103,80.53861356877677,89.1182592082137,67.20424269922243,92.57650548264522,75.3654737188875,86.14522284324558,72.29488917365347,0.0,0.0,0.0,0.0,0.0,0.0,0.0,0.0,0.0,0.0,0.0,0.0,0.0,0.0,0.0,0.0,0.0,0.0
2,2,82.74774611570408,82.18695828879827,80.37333178634988,88.08357503798015,65.48554485472319,93.04132574634554,76.16593672296848,85.99147560512328,72.04558979767825,0.0,0.0,0.0,0.0,0.0,0.0,0.0,0.0,0.0,0.0,0.0,0.0,0.0,0.0,0.0,0.0,0.0,0.0
3,3,82.66704565162175,81.50607219761682,81.03498403403141,89.30880161551147,66.21947633517019,92.76836208980525,75.37577685891863,87.35736479280838,72.00158238190893,0.0,0.0,0.0,0.0,0.0,0.0,0.0,0.0,0.0,0.0,0.0,0.0,0.0,0.0,0.0,0.0,0.0,0.0
4,4,80.75954731181059,80.18860340251078,80.36533060914684,91.54057082273964,64.49236295084553,93.18151920170816,76.8793749080776,85.79610254873103,71.35197730109603,0.0,0.0,0.0,0.0,0.0,0.0,0.0,0.0,0.0,0.0,0.0,0.0,0.0,0.0,0.0,0.0,0.0,0.0
5,5,81.91919140884727,83.43148833176787,80.7826371085397,89.74604022778105,64.8867735011818,91.63893635607492,76.37051134786182,85.03503412540502,72.59125011189145,0.0,0.0,0.0,0.0,0.0,0.0,0.0,0.0,0.0,0.0,0.0,0.0,0.0,0.0,0.0,0.0,0.0,0.0
6,6,82.96222967923158,82.06967461862702,80.14070964499822,89.40496331974221,0.0,93.59994536349015,76.88719645415324,86.24070305385744,73.53755178633313,0.0,0.0,0.0,0.0,0.0,0.0,0.0,0.0,0.0,0.0,0.0,0.0,0.0,0.0,0.0,0.0,0.0,0.0
7,7,83.12361415988848,83.73325135852212,78.85408147726562,90.06111981396874,0.0,94.12544024885469,77.24120652060965,85.04256569690621,73.21995681069092,0.0,0.0,0.0,0.0,0.0,0.0,0.0,0.0,0.0,0.0,0.0,0.0,0.0,0.0,0.0,0.0,0.0,0.0
8,8,82.84739273779805,85.08741120973248,78.8674116850425,89.2084320749216,0.0,91.88624257251642,77.93353747290831,84.19761719029106,72.6162753146884,0.0,0.0,0.0,0.0,0.0,0.0,0.0,0.0,0.0,0.0,0.0,0.0,0.0,0.0,0.0,0.0,0.0,0.0
9,9,80.32395080059054,86.38928599086009,79.05507218343672,89.56615389958236,0.0,91.0931076448016,78.57403025743915,83.58750341986422,73.51651239744227,0.0,0.0,0.0,0.0,0.0,0.0,0.0,0.0,0.0,0.0,0.0,0.0,0.0,0.0,0.0,0.0,0.0,0.0
10,10,79.65721745790437,86.12921101450708,78.04081536680062,91.21292302600844,0.0,91.49583929526325,79.80037265767908,83.76510006341462,74.29116698247978,65.51078200911977,0.0,0.0,0.0,0.0,0.0,0.0,0.0,0.0,0.0,0.0,0.0,0.0,0.0,0.0,0.0,0.0,0.0
11,11,79.54386079896328,86.96295194802182,77.63858254546454,92.2395967569031,0.0,93.2476275735832,80.15000170389754,81.68158594128879,74.50886167751548,65.3454194466345,0.0,0.0,0.0,0.0,0.0,0.0,0.0,0.0,0.0,0.0,0.0,0.0,0.0,0.0,0.0,0.0,0.0
12,12,80.04495509415007,85.82156735965445,77.07470709096631,90.09582167616469,0.0,92.2437028688229,82.38828975267595,82.56102625951489,73.79828070818796,65.79310245977983,65.61095734022905,0.0,0.0,0.0,0.0,0.0,0.0,0.0,0.0,0.0,0.0,0.0,0.0,0.0,0.0,0.0,0.0
13,13,80.50903542878173,85.57225773036141,76.4470728709613,91.44373079799318,0.0,91.75305601312783,81.49071286028743,82.92427816327955,75.55567725514608,66.96813318269888,66.05946228925812,0.0,0.0,0.0,0.0,0.0,0.0,0.0,0.0,0.0,0.0,0.0,0.0,0.0,0.0,0.0,0.0
14,14,82.66840712570755,86.6002143107976,78.04449164835977,90.29896196038887,0.0,91.33815081515982,78.63994594662124,83.44137012045121,77.14273724223098,67.20119920981091,67.81728253051021,0.0,0.0,0.0,0.0,0.0,0.0,0.0,0.0,0.0,0.0,0.0,0.0,0.0,0.0,0.0,0.0
15,15,81.25004225058309,87.24318357008606,76.64347638117312,91.58153631724119,0.0,90.1872143227234,82.301694312762,81.62289001716951,73.46239309504949,66.01624038892481,66.59176333719012,0.0,0.0,0.0,0.0,0.0,0.0,0.0,0.0,0.0,0.0,0.0,0.0,0.0,0.0,0.0,0.0
16,16,80.20499218960968,86.26205890942444,74.21202222359203,92.41022825026081,0.0,90.83176463189537,82.19593332416838,79.73334748393121,77.21923196891441,67.36252447722842,68.18501477327312,0.0,0.0,0.0,0.0,0.0,0.0,0.0,0.0,0.0,0.0,0.0,0.0,0.0,0.0,0.0,0.0
17,17,81.26102201319398,88.18480919593938,74.43778393266072,92.1055691469767,0.0,89.48315541586919,82.98416162430226,79.69143628025373,75.72691010351521,66.4235541496322,67.47586076233,0.0,0.0,0.0,0.0,0.0,0.0,0.0,0.0,0.0,0.0,0.0,0.0,0.0,0.0,0.0,0.0
18,18,77.34140817049435,89.95653250841359,73.97032994812199,92.0173836478347,0.0,89.3388578861336,82.48785682492219,81.71004783119614,75.91538042257022,67.44524712679681,67.05372543206809,0.0,0.0,0.0,0.0,0.0,0.0,0.0,0.0,0.0,0.0,0.0,0.0,0.0,0.0,0.0,0.0
19,19,78.03237349233514,88.84431095184159,74.93927802093886,90.65690850478701,0.0,90.92645914973137,83.70643754260016,79.30411154116656,76.90847939782871,66.72495031035824,67.70452406080481,0.0,0.0,0.0,0.0,0.0,0.0,0.0,0.0,0.0,0.0,0.0,0.0,0.0,0.0,0.0,0.0
20,20,76.99879334057283,90.7766807966137,72.77725933056169,92.1676076937599,0.0,88.2425339310138,83.64716243933235,80.40848564519224,76.17950574769505,67.0916490565505,69.189993521055,0.0,0.0,0.0,0.0,0.0,0.0,0.0,0.0,0.0,0.0,0.0,0.0,0.0,0.0,0.0,0.0
21,21,79.0274553318906,91.7206844080458,73.00858049619858,91.20194914385837,0.0,88.15184171666283,86.48865015740134,77.83825256684864,76.26952833763258,69.43288106234078,69.66969527039663,0.0,0.0,0.0,0.0,0.0,0.0,0.0,0.0,0.0,0.0,0.0,0.0,0.0,0.0,0.0,0.0
22,22,78.19024181634617,91.13699267471263,72.93173866353354,94.12253632434366,0.0,89.20730569736874,85.9562319694379,79.33667156477394,78.32006235352367,68.069402613192,70.26117252849086,0.0,0.0,0.0,0.0,0.0,0.0,0.0,0.0,0.0,0.0,0.0,0.0,0.0,0.0,0.0,0.0
23,23,77.88829193352613,91.29948298313856,70.49625431462482,91.9113776710659,0.0,87.96178964691508,84.75971614693023,77.17392926288348,76.18302515435366,70.59392437062412,68.71474910596322,0.0,0.0,0.0,0.0,0.0,0.0,0.0,0.0,0.0,0.0,0.0,0.0,0.0,0.0,0.0,0.0
24,24,74.55789547500554,90.16815473103685,70.28431513244671,92.2421208412758,0.0,88.88044455071389,85.0762879832365,80.29254570749603,77.14874307357734,70.8668618903849,68.81437775896609,0.0,0.0,0.0,0.0,0.0,0.0,0.0,0.0,0.0,0.0,0.0,0.0,0.0,0.0,0.0,0.0
25,25,74.86952926718392,89.78439616796183,70.62667412482342,92.50183187678121,0.0,86.47285864086982,86.00689661118386,76.47346641094623,75.31482546389672,68.98877129113355,70.96594726646605,0.0,0.0,0.0,0.0,0.0,0.0,0.0,0.0,0.0,0.0,0.0,0.0,0.0,0.0,0.0,0.0
26,26,74.69808160587394,92.28507455759618,70.05273941892027,92.98025878923448,0.0,86.28396934018309,87.9052737590472,76.40522905964991,76.7510689438574,68.16855736923506,70.75635261532831,0.0,0.0,0.0,0.0,0.0,0.0,0.0,0.0,0.0,0.0,0.0,0.0,0.0,0.0,0.0,0.0
27,27,74.48455671316873,93.10021791083847,69.87701554014565,92.45198428859038,0.0,86.18352774987652,86.46822111865865,75.98624500318606,77.33984504407054,69.83576606388922,70.22244683325378,0.0,0.0,0.0,0.0,0.0,0.0,0.0,0.0,0.0,0.0,0.0,0.0,0.0,0.0,0.0,0.0
28,28,75.15729205238397,92.32164774498168,69.8407010333509,92.68305679116816,0.0,86.4181561500906,87.87369288130999,76.30464268165379,74.8904969912638,70.51775260287415,71.65132785244528,0.0,0.0,0.0,0.0,0.0,0.0,0.0,0.0,0.0,0.0,0.0,0.0,0.0,0.0,0.0,0.0
29,29,74.5162741670642,91.59734636141702,70.3915969617351,92.01491895253824,0.0,85.10027350685094,88.25272686266878,74.01125272822009,77.19424042902861,68.82008950378864,73.77199055631274,0.0,0.0,0.0,0.0,0.0,0.0,0.0,0.0,0.0,0.0,0.0,0.0,0.0,0.0,0.0,0.0
30,30,75.00324167307036,94.15571234625119,67.69320599246029,90.82786217823642,0.0,83.7433069360758,89.59488746768768,73.49160790126913,77.96611351337187,68.83688424572088,72.62085809295812,0.0,0.0,0.0,0.0,0.0,0.0,0.0,0.0,0.0,0.0,0.0,0.0,0.0,0.0,0.0,0.0
31,31,73.59173103113545,93.91100354250571,67.96313952791114,91.2438948094879,0.0,86.25844991616896,89.8243611148698,74.36389911397785,78.65025687504308,70.9422268116393,73.84877374601582,0.0,0.0,0.0,0.0,0.0,0.0,0.0,0.0,0.0,0.0,0.0,0.0,0.0,0.0,0.0,0.0
32,32,74.8092034233081,94.59757968637068,69.73028964797811,91.70528476419099,0.0,84.00641958074475,88.84100045276125,74.01849438998624,77.48897850877303,70.24763119612264,73.22397473395567,0.0,0.0,0.0,0.0,0.0,0.0,0.0,0.0,0.0,0.0,0.0,0.0,0.0,0.0,0.0,0.0
33,33,73.92591333635032,94.39408416881656,66.10116158961455,91.31457201562135,0.0,84.75550040641781,89.89430825732302,73.42877128917591,76.9554896962857,71.62634277205304,75.51814858250529,0.0,0.0,0.0,0.0,0.0,0.0,0.0,0.0,0.0,0.0,0.0,0.0,0.0,0.0,0.0,0.0
34,34,71.71028102383019,94.3774165262345,67.49994571905957,90.18230020710446,0.0,83.11746477203333,89.66218055824585,71.76773201786804,77.00385111115492,71.83887240158802,73.88125336352351,0.0,0.0,0.0,0.0,0.0,0.0,0.0,0.0,0.0,0.0,0.0,0.0,0.0,0.0,0.0,0.0
35,35,72.15842632119661,95.2845909440225,65.53511516049797,90.52480091908853,0.0,82.72647880081406,91.39164358062929,73.20727393729061,78.96292571936432,72.1043469911405,75.04361652513859,0.0,0.0,0.0,0.0,0.0,0.0,0.0,0.0,0.0,0.0,0.0,0.0,0.0,0.0,0.0,0.0
36,36,70.37768470686748,94.54026364616149,66.63702971341776,92.70965732096609,0.0,82.53634059497298,89.08485677646739,71.0287030421455,78.21146707070895,74.24921123072463,76.4984220269866,0.0,0.0,0.0,0.0,0.0,0.0,0.0,0.0,0.0,0.0,0.0,0.0,0.0,0.0,0.0,0.0
37,37,72.56888550410955,96.57493224133928,66.86993853725275,91.42246371136665,0.0,83.49254807886474,91.32358415863087,72.91903205058865,79.29047985577742,71.70949983939788,75.97788675867129,0.0,0.0,0.0,0.0,0.0,0.0,0.0,0.0,0.0,0.0,0.0,0.0,0.0,0.0,0.0,0.0
38,38,72.67621150336984,96.04053009337899,65.2777909583114,88.63721660187761,0.0,81.73731002633937,90.7417136671051,71.58114723387078,80.12621425511857,72.08146391854213,75.88549449826478,0.0,0.0,0.0,0.0,0.0,0.0,0.0,0.0,0.0,0.0,0.0,0.0,0.0,0.0,0.0,0.0
39,39,70.24187034022884,96.53053345367326,0.0,90.8686576940152,0.0,82.37952408722508,91.73142128067198,71.02959924249961,78.61431914190516,73.76261773232521,75.23375532874536,0.0,0.0,0.0,0.0,0.0,0.0,0.0,0.0,0.0,0.0,0.0,0.0,0.0,0.0,0.0,0.0
40,40,69.96625670197874,94.52088198424735,0.0,89.74063066086131,0.0,79.60807967256162,92.10822217500278,71.66705919236395,79.47778060440207,72.31427848410057,79.35144855147368,0.0,0.0,0.0,0.0,0.0,0.0,0.0,0.0,0.0,0.0,0.0,0.0,0.0,0.0,0.0,0.0
41,41,68.75950693103024,97.69745671973831,0.0,87.90610987825102,0.0,82.3401490135126,91.49455917941535,69.84800317663468,78.26745839646017,72.50875497692584,76.02813384053096,66.40482924482873,0.0,0.0,0.0,0.0,0.0,0.0,0.0,0.0,0.0,0.0,0.0,0.0,0.0,0.0,0.0
42,42,70.7855773248897,95.03227839876484,0.0,91.31841899923579,0.0,80.1559854241049,93.69999112812995,68.43346386290018,80.37694153186223,73.8003288480826,75.60563701692635,65.11353354403883,0.0,0.0,0.0,0.0,0.0,0.0,0.0,0.0,0.0,0.0,0.0,0.0,0.0,0.0,0.0
43,43,67.66436244141333,95.96922424640368,0.0,88.66133195491872,0.0,78.62918425562009,91.90493835459701,69.58527951965105,78.5292584217856,73.69007512046174,77.77226606841079,64.92115927994934,0.0,0.0,0.0,0.0,0.0,0.0,0.0,0.0,0.0,0.0,0.0,0.0,0.0,0.0,0.0
44,44,67.61748887710466,96.93283572319298,0.0,88.6512221509628,0.0,78.20122051410866,94.24619847874904,66.96012738149513,79.24867203936273,74.12539151306505,79.6271622430401,65.49716359981386,0.0,0.0,0.0,0.0,0.0,0.0,0.0,0.0,0.0,0.0,0.0,0.0,0.0,0.0,0.0
45,45,67.83857609559188,95.78427256970487,0.0,90.4161690202518,0.0,78.58625200936034,94.58127384785472,68.40231906927498,79.24790793996667,74.02308821124964,80.07084154362695,66.82128236769047,0.0,0.0,0.0,0.0,0.0,0.0,0.0,0.0,0.0,0.0,0.0,0.0,0.0,0.0,0.0
46,46,67.42590328624406,97.25212013469857,0.0,87.96611759690552,0.0,77.66674543596618,94.59239884179286,67.09440051280423,78.95681829118841,74.52743420157661,77.02959015109646,67.12746332473483,0.0,0.0,0.0,0.0,0.0,0.0,0.0,0.0,0.0,0.0,0.0,0.0,0.0,0.0,0.0
47,47,68.7097340029491,96.18951755527952,0.0,90.1501599127099,0.0,79.80241907541952,92.41646540292385,67.48556415217921,77.99739590304266,74.7115948555219,79.20789360597325,68.60604112509193,0.0,0.0,0.0,0.0,0.0,0.0,0.0,0.0,0.0,0.0,0.0,0.0,0.0,0.0,0.0
48,48,67.62425914508258,96.82110042615568,0.0,86.56664910640603,0.0,77.80083860394615,95.5333324507095,68.05914115397968,79.79817716239346,75.03359657764753,80.88426997331136,70.12224292379203,0.0,0.0,0.0,0.0,0.0,0.0,0.0,0.0,0.0,0.0,0.0,0.0,0.0,0.0,0.0
49,49,66.50897418581894,98.0900136239835,0.0,87.76938586960061,0.0,78.13312219195106,96.0395524106397,66.31430671369907,79.96672920612505,76.29008850853083,80.58828486248022,69.75459546014994,0.0,0.0,0.0,0.0,0.0,0.0,0.0,0.0,0.0,0.0,0.0,0.0,0.0,0.0,0.0
50,50,66.3141982102824,96.14341086411376,0.0,88.66560479596279,0.0,78.93520260669435,93.93009159548099,66.69010675955961,78.89299089995819,74.00353077907342,80.35640109447236,69.59346747778106,0.0,0.0,0.0,0.0,0.0,0.0,0.0,0.0,0.0,0.0,0.0,0.0,0.0,0.0,0.0
51,51,66.54102816780639,96.54211855013186,0.0,87.5659956451947,0.0,76.48059119615036,94.03729679644755,64.98831703343203,77.83878549020375,75.32401593034498,80.17344002952755,70.98627314381955,0.0,0.0,0.0,0.0,0.0,0.0,0.0,0.0,0.0,0.0,0.0,0.0,0.0,0.0,0.0
52,52,64.99731609931813,97.16252219552985,0.0,87.98893979791751,0.0,75.90044531814031,94.19152477327262,62.854529544653225,80.48727517181074,75.0482262195036,80.81737838116484,70.99243177008192,0.0,0.0,0.0,0.0,0.0,0.0,0.0,0.0,0.0,0.0,0.0,0.0,0.0,0.0,0.0
53,53,0.0,96.52021682512402,0.0,87.17707232152337,0.0,75.29795990457384,94.74458799099112,0.0,80.3023609188115,75.44816878255655,83.74863397717967,71.01573240275798,0.0,0.0,0.0,0.0,0.0,0.0,0.0,0.0,0.0,0.0,0.0,0.0,0.0,0.0,0.0
54,54,0.0,97.48207785474271,0.0,86.56992929424995,0.0,73.71595260735518,93.54263156254578,0.0,78.45845964993883,73.70311677707086,82.86820566330513,71.47663750941079,0.0,0.0,0.0,0.0,0.0,0.0,0.0,0.0,0.0,0.0,0.0,0.0,0.0,0.0,0.0
55,55,0.0,94.97674361314535,0.0,88.32412449317596,0.0,72.40933255147624,96.40531295390622,0.0,77.49500071886722,74.79403016666917,84.22953754410197,70.20789130572662,0.0,0.0,0.0,0.0,0.0,0.0,0.0,0.0,0.0,0.0,0.0,0.0,0.0,0.0,0.0
56,56,0.0,95.9143234935852,0.0,87.07246705230861,0.0,74.49861929516527,96.07473459947377,0.0,78.81150049802574,73.78871528095206,83.6452396468938,69.79996315424513,0.0,0.0,0.0,0.0,0.0,0.0,0.0,0.0,0.0,0.0,0.0,0.0,0.0,0.0,0.0
57,57,0.0,96.03564340830414,0.0,84.50546454117404,0.0,74.3249930506187,96.04580576920254,0.0,79.33275120098051,75.38239433502324,83.01503726553554,74.42599630567821,0.0,0.0,0.0,0.0,0.0,0.0,0.0,0.0,0.0,0.0,0.0,0.0,0.0,0.0,0.0
58,58,0.0,95.8663535677781,0.0,86.70214041960932,0.0,72.00345008193842,95.98988551287214,0.0,78.17849390114873,74.51487865786596,84.72611727308768,72.96810476190933,0.0,0.0,0.0,0.0,0.0,0.0,0.0,0.0,0.0,0.0,0.0,0.0,0.0,0.0,0.0
59,59,0.0,98.31657893308498,0.0,85.1375667713671,0.0,72.19903426067404,97.75126853350552,0.0,77.1792995812579,75.48812868687729,85.37379228200139,74.08089658439037,0.0,0.0,0.0,0.0,0.0,0.0,0.0,0.0,0.0,0.0,0.0,0.0,0.0,0.0,0.0
60,60,0.0,95.67686060542475,0.0,84.35200708750591,0.0,71.85415663947559,97.58541327573563,0.0,78.51684858104696,76.07729860199902,85.86207709255378,73.57509120636772,0.0,0.0,0.0,0.0,0.0,0.0,0.0,0.0,0.0,0.0,0.0,0.0,0.0,0.0,0.0
61,61,0.0,95.45617105993114,0.0,85.20301396917483,0.0,72.39852479062779,96.12253307296113,0.0,78.59678682117915,77.34086049939253,86.18701710480694,75.30645482918044,0.0,0.0,0.0,0.0,0.0,0.0,0.0,0.0,0.0,0.0,0.0,0.0,0.0,0.0,0.0
62,62,0.0,95.62909947170886,0.0,85.72067003321199,0.0,70.33678161674513,96.27486311999048,0.0,79.16963588277446,77.06521090483093,85.61541548450042,74.0007676613275,66.35726813253672,0.0,0.0,0.0,0.0,0.0,0.0,0.0,0.0,0.0,0.0,0.0,0.0,0.0,0.0
63,63,0.0,97.00709815073066,0.0,83.6154673383603,0.0,70.43793508156884,96.42219199651329,0.0,76.64813883135773,75.27352087414422,86.15150645259038,73.71535338274633,65.04738904041267,0.0,0.0,0.0,0.0,0.0,0.0,0.0,0.0,0.0,0.0,0.0,0.0,0.0,0.0
64,64,0.0,94.32160151794274,0.0,84.44212410025348,0.0,70.86401338360018,97.11710496058383,0.0,77.04907694654432,75.27021322648972,85.92253670977877,75.78224900332138,65.41088046326216,0.0,0.0,0.0,0.0,0.0,0.0,0.0,0.0,0.0,0.0,0.0,0.0,0.0,0.0
65,65,0.0,97.26718386705349,0.0,82.60867470029758,0.0,69.18474600687203,96.80032270628068,0.0,79.16059655040583,75.42185707318535,87.97327431419573,77.10490856392231,65.82849936645734,0.0,0.0,0.0,0.0,0.0,0.0,0.0,0.0,0.0,0.0,0.0,0.0,0.0,0.0
66,66,0.0,97.64945371840253,0.0,81.13695324271738,0.0,68.16096890293598,96.39108813483762,0.0,76.03283512340276,74.74807055552812,87.61846082244277,77.54426385402286,65.20018662003025,64.97029566578445,0.0,0.0,0.0,0.0,0.0,0.0,0.0,0.0,0.0,0.0,0.0,0.0,0.0
67,67,0.0,93.03300241396458,0.0,81.50990486657167,0.0,69.64021565153045,97.6118184083741,0.0,76.2566213647743,75.68902495335152,88.49733889031924,76.84258945732057,68.37303458406225,65.03420405620184,0.0,0.0,0.0,0.0,0.0,0.0,0.0,0.0,0.0,0.0,0.0,0.0,0.0
68,68,0.0,95.00003721291237,0.0,81.53226842009855,0.0,67.40100220140536,96.44375100437607,0.0,78.03859671147849,77.50723581184315,89.08439072327933,76.40698548271156,68.47552246115012,66.13317022507586,0.0,0.0,0.0,0.0,0.0,0.0,0.0,0.0,0.0,0.0,0.0,0.0,0.0
69,69,0.0,95.08544592481007,0.0,80.67927920627831,0.0,67.793365684416,95.36270730335313,0.0,76.65472025104873,76.31750225816452,88.57568640925052,79.29048520095765,67.14623258664254,65.44253057564043,0.0,0.0,0.0,0.0,0.0,0.0,0.0,0.0,0.0,0.0,0.0,0.0,0.0
70,70,0.0,94.27362887289621,0.0,82.68043818676432,0.0,67.48560487526618,97.66220921218603,0.0,76.59424330814912,74.06619181135262,89.4933612701863,78.33510780816378,68.00901837574847,67.78906075399213,0.0,0.0,0.0,0.0,0.0,0.0,0.0,0.0,0.0,0.0,0.0,0.0,0.0
71,71,0.0,95.52199373058481,0.0,80.64792574744517,0.0,66.68446776904543,97.60565032438248,0.0,76.09725505587288,76.5853577060333,89.95376889091285,77.9813568169596,67.36626095340773,66.11648454710999,0.0,0.0,0.0,0.0,0.0,0.0,0.0,0.0,0.0,0.0,0.0,0.0,0.0
72,72,0.0,94.30333412020794,0.0,79.26036940605341,0.0,67.55123004051417,96.4709605223741,0.0,76.56095030679127,77.64686518225531,89.10023680406543,78.11777117581082,70.04880007110651,67.00491061944258,0.0,0.0,0.0,0.0,0.0,0.0,0.0,0.0,0.0,0.0,0.0,0.0,0.0
73,73,0.0,93.48304631424242,0.0,79.99535660756915,0.0,66.00009265427386,96.21178494853005,0.0,74.22919220177246,75.86587784403402,89.26477410989152,78.95863561867047,68.80604211582916,67.8848046891344,0.0,0.0,0.0,0.0,0.0,0.0,0.0,0.0,0.0,0.0,0.0,0.0,0.0
74,74,0.0,91.92823855341939,0.0,76.76514641772494,0.0,67.29415866470877,95.36359617508407,0.0,75.17816643664668,75.20281346226865,90.89715678571933,77.09065693734115,70.3044978802871,67.8387103928109,0.0,0.0,0.0,0.0,0.0,0.0,0.0,0.0,0.0,0.0,0.0,0.0,0.0
75,75,0.0,94.16109065419454,0.0,78.36522673502203,0.0,65.16424319912994,95.81015897576151,0.0,73.2151963345364,76.49949632542867,91.45887370821575,79.5151705516756,71.28041629858453,69.22703905846998,0.0,0.0,0.0,0.0,0.0,0.0,0.0,0.0,0.0,0.0,0.0,0.0,0.0
76,76,0.0,92.73266454027015,0.0,79.18949166212339,0.0,65.78837066119085,95.42115090114254,0.0,75.883894701569,74.52636499862426,88.4666196987128,80.91169966014574,69.98551755309768,69.60929424149619,0.0,0.0,0.0,0.0,0.0,0.0,0.0,0.0,0.0,0.0,0.0,0.0,0.0
77,77,0.0,92.14266501967747,0.0,75.98468550674862,0.0,65.35868761608567,96.41532347045059,0.0,74.40001757234258,76.17224541833983,89.03644625746404,79.83786608657671,69.82508646162393,69.23586452290331,0.0,0.0,0.0,0.0,0.0,0.0,0.0,0.0,0.0,0.0,0.0,0.0,0.0
78,78,0.0,91.99378009781375,0.0,75.36623988386938,0.0,0.0,95.70443007025911,0.0,73.58851032534264,76.79028249184074,90.65893043756161,83.47833887127759,72.32613438145191,71.52795668755938,0.0,0.0,0.0,0.0,0.0,0.0,0.0,0.0,0.0,0.0,0.0,0.0,0.0
79,79,0.0,90.37832243813448,0.0,75.97086222687571,0.0,0.0,95.61259128128032,0.0,74.40749154253135,77.78187335267693,89.86533900653092,83.67049807014239,71.08225799443723,68.67015169120417,0.0,0.0,0.0,0.0,0.0,0.0,0.0,0.0,0.0,0.0,0.0,0.0,0.0
80,80,0.0,89.47680670288571,0.0,74.75173589740183,0.0,0.0,95.85924435795928,0.0,74.35289161761062,75.5321695652315,88.63420151957725,83.00255300722077,74.2803110596634,70.41687935887134,64.99171206387862,0.0,0.0,0.0,0.0,0.0,0.0,0.0,0.0,0.0,0.0,0.0,0.0
81,81,0.0,90.58674737727348,0.0,75.75578137075749,0.0,0.0,95.97334992766179,0.0,73.57554922955339,75.32873421769654,89.86355190178776,82.94403841168581,71.3891776197171,70.83332179253287,63.887807575253895,0.0,0.0,0.0,0.0,0.0,0.0,0.0,0.0,0.0,0.0,0.0,0.0
82,82,0.0,89.43308361964895,0.0,75.26909016491466,0.0,0.0,95.75398897103348,0.0,73.63236308152531,75.09682463018198,89.88572042687845,84.73133314391235,73.30207702030872,71.3394215352168,67.94919414179557,0.0,0.0,0.0,0.0,0.0,0.0,0.0,0.0,0.0,0.0,0.0,0.0
83,83,0.0,91.55567388701101,0.0,75.02458746487581,0.0,0.0,94.39375928899683,0.0,73.72686824878147,77.41341294145647,93.14997083829272,82.99086618134787,72.98596930077518,73.87051956317399,66.35026315485781,0.0,0.0,0.0,0.0,0.0,0.0,0.0,0.0,0.0,0.0,0.0,0.0
84,84,0.0,89.00732803277629,0.0,76.19026235190651,0.0,0.0,95.42908675860554,0.0,73.16156829985083,75.41152128191861,91.72069776968263,85.35664145142037,75.52441866717614,73.8774700286433,66.01279538822983,0.0,0.0,0.0,0.0,0.0,0.0,0.0,0.0,0.0,0.0,0.0,0.0
85,85,0.0,89.39155488885767,0.0,72.1487325340378,0.0,0.0,94.3990178339472,0.0,73.03824104281352,74.90016846885196,89.9462384611511,83.30527915419908,74.25933730705142,73.33394330317854,66.65822023411609,0.0,0.0,0.0,0.0,0.0,0.0,0.0,0.0,0.0,0.0,0.0,0.0
86,86,0.0,89.3992965787499,0.0,73.13044723266874,0.0,0.0,94.46351502924297,0.0,72.36651492989354,76.10702003451586,92.06986491447626,84.81684448774895,74.46947384461248,75.36436145943298,67.01519042899011,0.0,0.0,0.0,0.0,0.0,0.0,0.0,0.0,0.0,0.0,0.0,0.0
87,87,0.0,87.3861363147248,0.0,73.83180953331083,0.0,0.0,93.52678395832068,0.0,74.60198266657964,74.62115559463668,91.17428869900783,84.38577880123042,73.81368188318478,73.44812388714877,68.72760632903841,0.0,0.0,0.0,0.0,0.0,0.0,0.0,0.0,0.0,0.0,0.0,0.0
88,88,0.0,89.32487330375233,0.0,73.77567677776558,0.0,0.0,94.64582422829119,0.0,71.03409524025957,76.66159349685431,92.01459120240595,86.80612916687711,73.69651471105364,73.36105299147597,68.48838296974253,0.0,0.0,0.0,0.0,0.0,0.0,0.0,0.0,0.0,0.0,0.0,0.0
89,89,0.0,87.22345012911902,0.0,71.47086985421228,0.0,0.0,91.88611942604075,0.0,72.56846386173336,74.15848469398682,91.1570394449131,85.85515235403803,76.04291213957771,74.57117023469688,69.28923075608394,0.0,0.0,0.0,0.0,0.0,0.0,0.0,0.0,0.0,0.0,0.0,0.0
90,90,0.0,87.74875819765037,0.0,70.43809883203947,0.0,0.0,91.2055655901467,0.0,71.1821943921318,74.12159663582472,92.076265035821,84.64513537875787,75.62536277712505,73.91573523655047,69.66293655265669,0.0,0.0,0.0,0.0,0.0,0.0,0.0,0.0,0.0,0.0,0.0,0.0
91,91,0.0,88.12019226412981,0.0,71.67232467742858,0.0,0.0,91.42554646466573,0.0,70.89246376043097,76.90015054403834,91.32289158406792,86.84510769607927,77.37880185596453,76.03174493715376,69.48675536139042,0.0,0.0,0.0,0.0,0.0,0.0,0.0,0.0,0.0,0.0,0.0,0.0
92,92,0.0,85.24530291275676,0.0,70.50108445529958,0.0,0.0,93.17584886286541,0.0,70.03428545761281,73.99700666753324,93.54957463278734,86.88105310820077,77.05713625619487,76.27005923511453,69.94241109525214,0.0,0.0,0.0,0.0,0.0,0.0,0.0,0.0,0.0,0.0,0.0,0.0
93,93,0.0,86.19245639748293,0.0,71.59972161681077,0.0,0.0,90.20527273363167,0.0,72.64768364719882,73.89928470009447,90.96855908766706,86.80751647074113,77.65914524001744,77.72116452754577,70.32010979296236,0.0,0.0,0.0,0.0,0.0,0.0,0.0,0.0,0.0,0.0,0.0,0.0
94,94,0.0,85.41954973524216,0.0,68.69924492157651,0.0,0.0,90.8958620240465,0.0,71.15758027826811,74.04919181681045,93.32641310011554,88.20561170185282,77.66129065349976,77.11668859902005,71.59637603958272,0.0,0.0,0.0,0.0,0.0,0.0,0.0,0.0,0.0,0.0,0.0,0.0
95,95,0.0,84.79412763762679,0.0,70.63452304830835,0.0,0.0,91.30476886322369,0.0,70.58786188589038,74.2678786581266,92.80291413499306,89.14712998008082,78.91128917044368,75.917006597736,70.7940204973905,0.0,0.0,0.0,0.0,0.0,0.0,0.0,0.0,0.0,0.0,0.0,0.0
96,96,0.0,84.48417886313213,0.0,68.67791188625735,0.0,0.0,91.83190722436144,0.0,70.94903632650889,74.05682784169329,92.87631358067995,88.06231998604036,78.1357263117444,78.85340589160685,70.59680139713217,0.0,0.0,0.0,0.0,0.0,0.0,0.0,0.0,0.0,0.0,0.0,0.0
97,97,0.0,85.74830778360615,0.0,68.29942556100877,0.0,0.0,88.83557557923538,0.0,70.50721135851198,73.45531791926989,91.61035440605065,91.12369139042188,77.7648315016857,78.17272607127344,71.9397124082017,0.0,0.0,0.0,0.0,0.0,0.0,0.0,0.0,0.0,0.0,0.0,0.0
98,98,0.0,84.05807500266842,0.0,68.69395422332265,0.0,0.0,87.42829130365975,0.0,69.8273629384367,71.34611318956375,90.73504274143937,89.4835922595283,79.59212053440828,79.31768988006378,73.54925984191814,0.0,0.0,0.0,0.0,0.0,0.0,0.0,0.0,0.0,0.0,0.0,0.0
99,99,0.0,83.97970828075424,0.0,67.2366674491116,0.0,0.0,90.39758156277134,0.0,70.35913866057885,72.80856287338138,90.69226176862792,88.66868815954591,79.92228469989216,79.809105577481,74.69923895465992,0.0,0.0,0.0,0.0,0.0,0.0,0.0,0.0,0.0,0.0,0.0,0.0
100,100,0.0,82.1623985817133,0.0,67.050891151235,0.0,0.0,89.07517980855782,0.0,70.62388731397633,72.04891003179947,90.6886936905929,90.91465042341319,81.42149553721822,78.29625667929783,74.44692214028781,0.0,0.0,0.0,0.0,0.0,0.0,0.0,0.0,0.0,0.0,0.0,0.0
101,101,0.0,79.02216834348135,0.0,66.99122912639936,0.0,0.0,87.56967779051453,0.0,69.68206698795085,73.41608783247064,90.60746447824624,91.12399854172789,80.63873044344398,79.62750975662956,75.0457799754659,0.0,0.0,0.0,0.0,0.0,0.0,0.0,0.0,0.0,0.0,0.0,0.0
102,102,0.0,82.69907785617899,0.0,67.99902028852284,0.0,0.0,87.64606761973243,0.0,68.15093196224022,72.8879585027215,91.15068741522968,89.60195496463535,82.38288567572357,80.52715705098728,74.67181911516406,0.0,0.0,0.0,0.0,0.0,0.0,0.0,0.0,0.0,0.0,0.0,0.0
103,103,0.0,80.042937830377,0.0,65.75448468670754,0.0,0.0,87.35854371480941,0.0,68.83382531754962,74.25561107513141,91.19111442319738,90.60096491169391,83.48228287318304,80.5780681551119,75.62199218534498,0.0,0.0,0.0,0.0,0.0,0.0,0.0,0.0,0.0,0.0,0.0,0.0
104,104,0.0,81.30510965088072,0.0,65.74095639394862,0.0,0.0,87.98283222421581,0.0,67.86867040734167,72.45933708313618,90.73531272561834,92.09998073175717,82.28710297428289,80.479240992869,75.8356878827252,0.0,0.0,0.0,0.0,0.0,0.0,0.0,0.0,0.0,0.0,0.0,0.0
105,105,0.0,80.72776085622453,0.0,64.33711052257794,0.0,0.0,86.86957603038084,0.0,65.6246382323893,72.12399313799793,90.91464995233441,91.52268634478764,83.12684840430255,80.04294759938676,77.29540541422926,0.0,0.0,0.0,0.0,0.0,0.0,0.0,0.0,0.0,0.0,0.0,0.0
106,106,0.0,79.2757014809379,0.0,65.75336257543609,0.0,0.0,85.35444059588244,0.0,69.29659489241062,71.83987769895286,91.49543644884734,89.77152758815403,82.42702436603234,82.28760717170364,77.4338557683188,0.0,0.0,0.0,0.0,0.0,0.0,0.0,0.0,0.0,0.0,0.0,0.0
107,107,0.0,78.43459993448923,0.0,0.0,0.0,0.0,85.81155505419112,0.0,68.0617111435152,72.33915328765502,90.43350104105015,93.61973096243999,82.84956816991492,84.02929194187958,76.50027517559555,0.0,0.0,0.0,0.0,0.0,0.0,0.0,0.0,0.0,0.0,0.0,0.0
108,108,0.0,78.65800129911307,0.0,0.0,0.0,0.0,84.99983952678737,0.0,67.44464316388243,70.5571253568904,89.51347018939762,92.18865145226142,83.70523667042734,83.16979959227216,78.37276687509497,0.0,0.0,0.0,0.0,0.0,0.0,0.0,0.0,0.0,0.0,0.0,0.0
109,109,0.0,79.18708315224197,0.0,0.0,0.0,0.0,85.13858819606666,0.0,64.94659329164094,70.7629710844761,89.86292467129739,92.99934845035804,84.48939052183451,83.91464635207676,78.4867763695962,0.0,0.0,0.0,0.0,0.0,0.0,0.0,0.0,0.0,0.0,0.0,0.0
110,110,0.0,79.00954111011472,0.0,0.0,0.0,0.0,82.9459777095662,0.0,67.43045642844082,71.63878272534427,91.00862012942612,93.22454649398196,84.14682352733873,83.44614847774235,77.46374485449326,0.0,0.0,0.0,0.0,0.0,0.0,0.0,0.0,0.0,0.0,0.0,0.0
111,111,0.0,77.33721832483471,0.0,0.0,0.0,0.0,82.68226926365325,0.0,63.712091721954174,71.0577801274248,92.89546494657272,94.26352043157388,84.44872980346588,84.85917136663863,80.03221346335243,0.0,0.0,0.0,0.0,0.0,0.0,0.0,0.0,0.0,0.0,0.0,0.0
112,112,0.0,76.08290211409174,0.0,0.0,0.0,0.0,83.79732611587325,0.0,63.11554299622791,70.50480272562324,88.36617963145183,93.70885014482693,84.21355450063574,84.26428213059582,79.35504761659855,0.0,0.0,0.0,0.0,0.0,0.0,0.0,0.0,0.0,0.0,0.0,0.0
113,113,0.0,76.90934064127946,0.0,0.0,0.0,0.0,83.48585524908266,0.0,0.0,67.8767803804659,88.91533590545595,91.21241116842803,83.93173807353469,86.120485438752,81.08498971916664,65.75006543712956,0.0,0.0,0.0,0.0,0.0,0.0,0.0,0.0,0.0,0.0,0.0
114,114,0.0,76.33681931686509,0.0,0.0,0.0,0.0,81.91682823892698,0.0,0.0,70.89768320798072,89.96996082641547,94.23077774384808,86.63322901986679,86.1746088498459,80.24414201569802,65.36717856829125,0.0,0.0,0.0,0.0,0.0,0.0,0.0,0.0,0.0,0.0,0.0
115,115,0.0,76.74535124362086,0.0,0.0,0.0,0.0,83.4179999606859,0.0,0.0,69.2893338268138,88.44331429439137,93.98567604002702,86.39327919976857,86.80301504384938,81.12907084819818,65.78629591957511,0.0,0.0,0.0,0.0,0.0,0.0,0.0,0.0,0.0,0.0,0.0
116,116,0.0,73.66574092751347,0.0,0.0,0.0,0.0,81.85094246311226,0.0,0.0,68.10148152116112,86.47056032842346,93.64365724800884,86.71279873707384,87.53847646108508,82.09485859519712,64.75836258693668,0.0,0.0,0.0,0.0,0.0,0.0,0.0,0.0,0.0,0.0,0.0
117,117,0.0,74.05403926084374,0.0,0.0,0.0,0.0,81.2415729500208,0.0,0.0,68.49826735934208,88.43354256912896,92.4048218774956,86.00492103539558,87.17842660819132,82.26272990545341,66.41598005825072,0.0,0.0,0.0,0.0,0.0,0.0,0.0,0.0,0.0,0.0,0.0
118,118,0.0,74.76214088173242,0.0,0.0,0.0,0.0,81.98008913158833,0.0,0.0,69.31660154568227,88.06111577352415,94.06298580336238,86.17476644716695,87.2384802256652,82.21024342807735,66.51937308238172,0.0,0.0,0.0,0.0,0.0,0.0,0.0,0.0,0.0,0.0,0.0
119,119,0.0,73.0489050040608,0.0,0.0,0.0,0.0,77.71315201042101,0.0,0.0,68.68907539245717,89.35434862173358,92.66954891223139,88.56146937496025,87.53553305876987,82.71460337198286,67.96745276728122,0.0,0.0,0.0,0.0,0.0,0.0,0.0,0.0,0.0,0.0,0.0
120,120,0.0,72.9535012139935,0.0,0.0,0.0,0.0,78.76663325832861,0.0,0.0,66.26757559492992,88.57232424855,92.58595790241101,86.38766772470993,87.26552207914801,82.57378193987634,67.27465596723587,0.0,0.0,0.0,0.0,0.0,0.0,0.0,0.0,0.0,0.0,0.0
121,121,0.0,73.47365456729644,0.0,0.0,0.0,0.0,79.68760480078456,0.0,0.0,68.28314064520151,86.57926954618523,94.40580255670066,87.91125684079543,89.71175192706643,84.37960806173803,69.80236440296945,0.0,0.0,0.0,0.0,0.0,0.0,0.0,0.0,0.0,0.0,0.0
122,122,0.0,72.76363455422333,0.0,0.0,0.0,0.0,78.78752145616069,0.0,0.0,66.40125974092258,87.93643239012363,96.30661097293537,89.23105759685124,88.89131392610078,83.82411326467961,67.83905385803763,0.0,0.0,0.0,0.0,0.0,0.0,0.0,0.0,0.0,0.0,0.0
123,123,0.0,72.53434502750221,0.0,0.0,0.0,0.0,80.67462506493706,0.0,0.0,67.54393990304675,87.1097399894425,94.62253356743751,86.2785734975774,90.72150532302243,85.58998518826199,67.81185681903757,0.0,0.0,0.0,0.0,0.0,0.0,0.0,0.0,0.0,0.0,0.0
124,124,0.0,71.34081903364306,0.0,0.0,0.0,0.0,76.87747744404717,0.0,0.0,67.16929750630578,87.19322011982396,96.07205119545884,87.58363877939166,88.49464613655344,84.46065988378339,70.68381007529231,0.0,0.0,0.0,0.0,0.0,0.0,0.0,0.0,0.0,0.0,0.0
125,125,0.0,70.46025433454915,0.0,0.0,0.0,0.0,77.76540454929993,0.0,0.0,66.07172572990457,86.50761306396426,95.39387675025955,88.55761510647338,90.05359228878726,85.17059895778061,70.58628907189036,0.0,0.0,0.0,0.0,0.0,0.0,0.0,0.0,0.0,0.0,0.0
126,126,0.0,71.03759404074482,0.0,0.0,0.0,0.0,76.62297865819998,0.0,0.0,66.05670703758634,85.95917593236392,93.56053938773974,87.84735707369965,89.42954000413323,86.77009742856006,71.47682162372966,0.0,0.0,0.0,0.0,0.0,0.0,0.0,0.0,0.0,0.0,0.0
127,127,0.0,70.25766836227558,0.0,0.0,0.0,0.0,77.08212613839761,0.0,0.0,66.6895169166067,85.54256715531243,93.96083016748766,89.36810903453964,89.42846831544473,85.72549477369567,69.95356272794135,0.0,0.0,0.0,0.0,0.0,0.0,0.0,0.0,0.0,0.0,0.0
128,128,0.0,70.19904990576606,0.0,0.0,0.0,0.0,75.37507794199784,0.0,0.0,65.13228863320977,85.018803743996,95.72198898105576,88.4269226725543,90.60821195402698,86.71247229205171,72.27292677856317,0.0,0.0,0.0,0.0,0.0,0.0,0.0,0.0,0.0,0.0,0.0
129,129,0.0,68.86344144714712,0.0,0.0,0.0,0.0,75.14845339062221,0.0,0.0,65.68362254130369,83.08665214973342,93.75317232148264,88.53914873232847,90.47544972591788,87.00438001321412,70.2895606316076,0.0,0.0,0.0,0.0,0.0,0.0,0.0,0.0,0.0,0.0,0.0
130,130,0.0,68.22657491138511,0.0,0.0,0.0,0.0,73.48996102987611,0.0,0.0,65.76663844076268,82.09355344534374,93.63724773392859,88.58692184889365,91.70619659110048,88.9664941465888,70.7601935002101,0.0,0.0,0.0,0.0,0.0,0.0,0.0,0.0,0.0,0.0,0.0
131,131,0.0,68.79563613015993,0.0,0.0,0.0,0.0,74.8290967918094,0.0,0.0,0.0,82.88219360923362,94.6428958777757,88.29201850777798,90.42354153929513,87.56496776575946,72.72965684002959,0.0,0.0,0.0,0.0,0.0,0.0,0.0,0.0,0.0,0.0,0.0
132,132,0.0,67.44945885352777,0.0,0.0,0.0,0.0,73.00742828953238,0.0,0.0,0.0,83.51815282942331,94.46613696329162,89.12442302538298,91.40884051502263,87.56907924618936,73.29711927198677,0.0,0.0,0.0,0.0,0.0,0.0,0.0,0.0,0.0,0.0,0.0
133,133,0.0,66.57410506831644,0.0,0.0,0.0,0.0,74.08027576305706,0.0,0.0,0.0,83.96589967543188,92.89679276960722,88.89668177368145,92.31737856380744,89.46008638961315,72.90875090353194,0.0,0.0,0.0,0.0,0.0,0.0,0.0,0.0,0.0,0.0,0.0
134,134,0.0,67.54475012547132,0.0,0.0,0.0,0.0,74.64603595350876,0.0,0.0,0.0,83.75615004857275,92.43392600287687,90.21638411383947,91.02332802768174,90.26683064346759,73.76095834070306,0.0,0.0,0.0,0.0,0.0,0.0,0.0,0.0,0.0,0.0,0.0
135,135,0.0,64.73614280636446,0.0,0.0,0.0,0.0,73.96986567412047,0.0,0.0,0.0,82.70426674652715,94.70574688362574,89.98279062964482,93.63510717271129,89.35660231465333,74.81833750573726,0.0,0.0,0.0,0.0,0.0,0.0,0.0,0.0,0.0,0.0,0.0
136,136,0.0,65.94261006753192,0.0,0.0,0.0,0.0,72.41734614569279,0.0,0.0,0.0,82.60490978125189,93.1385261399375,89.23725460498162,91.49507624290948,88.66680848043713,74.99984893461738,0.0,0.0,0.0,0.0,0.0,0.0,0.0,0.0,0.0,0.0,0.0
137,137,0.0,66.63879276445368,0.0,0.0,0.0,0.0,71.4494085138294,0.0,0.0,0.0,81.13396349774435,94.56844660616231,88.05454424643969,93.4315415698078,91.26431577714372,75.9026931222138,0.0,0.0,0.0,0.0,0.0,0.0,0.0,0.0,0.0,0.0,0.0
138,138,0.0,64.86985645834154,0.0,0.0,0.0,0.0,71.66790854225651,0.0,0.0,0.0,82.12403862085381,95.72674581694746,89.69622807189327,92.73962825555435,90.08753002673467,75.65777238947044,0.0,0.0,0.0,0.0,0.0,0.0,0.0,0.0,0.0,0.0,0.0
139,139,0.0,0.0,0.0,0.0,0.0,0.0,71.8960015393129,0.0,0.0,0.0,80.91616630971424,90.88578307822792,89.7661220012704,93.79936173205067,89.81087696224766,76.42762556463244,66.72529121762288,0.0,0.0,0.0,0.0,0.0,0.0,0.0,0.0,0.0,0.0
140,140,0.0,0.0,0.0,0.0,0.0,0.0,70.0303735829266,0.0,0.0,0.0,81.07112748557297,91.8521889922448,91.05252128118804,93.85306421896581,91.48628558753938,75.97396798511562,63.664968130194794,0.0,0.0,0.0,0.0,0.0,0.0,0.0,0.0,0.0,0.0
141,141,0.0,0.0,0.0,0.0,0.0,0.0,69.4118270359213,0.0,0.0,0.0,81.85499370895269,90.2429382746491,90.31306431796725,94.87941453713078,91.15830354155133,75.97813705550048,67.1705885438007,0.0,0.0,0.0,0.0,0.0,0.0,0.0,0.0,0.0,0.0
142,142,0.0,0.0,0.0,0.0,0.0,0.0,69.07687179966078,0.0,0.0,0.0,79.11271554240683,90.85960635744611,89.40612789331907,94.05041301176283,91.06253062669742,78.20380534589488,67.14649893632578,0.0,0.0,0.0,0.0,0.0,0.0,0.0,0.0,0.0,0.0
143,143,0.0,0.0,0.0,0.0,0.0,0.0,67.0227124638236,0.0,0.0,0.0,78.98895006539927,91.92465374247729,89.89448277657567,94.70054979266642,90.95407142962475,77.52727240517667,66.43696398107876,0.0,0.0,0.0,0.0,0.0,0.0,0.0,0.0,0.0,0.0
144,144,0.0,0.0,0.0,0.0,0.0,0.0,69.00184259426734,0.0,0.0,0.0,79.86239772740271,90.30421502220118,90.26449068024809,95.81651356380584,92.62188780004203,79.65496695512901,66.75820798762429,0.0,0.0,0.0,0.0,0.0,0.0,0.0,0.0,0.0,0.0
145,145,0.0,0.0,0.0,0.0,0.0,0.0,67.0616404821926,0.0,0.0,0.0,78.34512009940713,91.50288800773913,89.69077063982022,94.03206909755612,90.38702248585555,77.88945401079937,67.48615018671495,0.0,0.0,0.0,0.0,0.0,0.0,0.0,0.0,0.0,0.0
146,146,0.0,0.0,0.0,0.0,0.0,0.0,67.12315720127107,0.0,0.0,0.0,77.25670540961876,92.6418640508193,89.57728294776037,94.49351515288507,94.20521430203392,79.30052210755939,68.31364684290325,0.0,0.0,0.0,0.0,0.0,0.0,0.0,0.0,0.0,0.0
147,147,0.0,0.0,0.0,0.0,0.0,0.0,67.42318385404711,0.0,0.0,0.0,76.48991888318434,90.20277636140638,89.72733421196473,92.72908850950067,92.44545195600321,81.26584660997204,68.57709683764041,0.0,0.0,0.0,0.0,0.0,0.0,0.0,0.0,0.0,0.0
148,148,0.0,0.0,0.0,0.0,0.0,0.0,66.61285756520013,0.0,0.0,0.0,77.82340308768374,89.35922634759945,88.64972092615709,94.07567454195862,92.56381221064446,80.01830124931236,67.8836241174274,0.0,0.0,0.0,0.0,0.0,0.0,0.0,0.0,0.0,0.0
149,149,0.0,0.0,0.0,0.0,0.0,0.0,65.56632114845672,0.0,0.0,0.0,76.56464968431193,91.798092723833,89.35476362720098,93.29442162891358,93.7405711121632,81.0002783203007,66.381944732641,0.0,0.0,0.0,0.0,0.0,0.0,0.0,0.0,0.0,0.0
150,150,0.0,0.0,0.0,0.0,0.0,0.0,67.01119861942088,0.0,0.0,0.0,74.97981249236966,90.19977815264701,88.97605457705909,93.42064026580395,92.64433264522854,79.47613813649016,70.06516273242767,0.0,0.0,0.0,0.0,0.0,0.0,0.0,0.0,0.0,0.0
151,151,0.0,0.0,0.0,0.0,0.0,0.0,65.6197780980942,0.0,0.0,0.0,74.8932731370849,90.67165820774831,88.76623686021998,93.66445869269869,92.85507601220667,80.05798966240947,71.84785548425543,0.0,0.0,0.0,0.0,0.0,0.0,0.0,0.0,0.0,0.0
152,152,0.0,0.0,0.0,0.0,0.0,0.0,0.0,0.0,0.0,0.0,75.05268344841252,88.95615752969415,88.70568793891188,96.96337522129373,94.48328674441342,81.66732476877742,72.03484351167575,0.0,0.0,0.0,0.0,0.0,0.0,0.0,0.0,0.0,0.0
153,153,0.0,0.0,0.0,0.0,0.0,0.0,0.0,0.0,0.0,0.0,73.0745981409102,87.09955085805548,89.8544330686839,94.72040491483565,92.62675023297204,81.2251331241688,71.44064419320932,0.0,0.0,0.0,0.0,0.0,0.0,0.0,0.0,0.0,0.0
154,154,0.0,0.0,0.0,0.0,0.0,0.0,0.0,0.0,0.0,0.0,75.23021171338252,88.24521097103242,89.56494172581574,94.06015800311566,95.55865958519396,83.57533487096434,71.59494037565653,66.42074908312735,0.0,0.0,0.0,0.0,0.0,0.0,0.0,0.0,0.0
155,155,0.0,0.0,0.0,0.0,0.0,0.0,0.0,0.0,0.0,0.0,72.6428491659288,87.49927216237796,87.00987114942284,93.4140600982011,96.09166572790443,83.1990734818824,71.79197157710948,66.91631968618043,0.0,0.0,0.0,0.0,0.0,0.0,0.0,0.0,0.0
156,156,0.0,0.0,0.0,0.0,0.0,0.0,0.0,0.0,0.0,0.0,72.50868401525027,88.06781917419183,87.19549511713872,93.18869745633636,94.67897264630503,83.50566736812738,71.29171343750623,66.32398807198123,0.0,0.0,0.0,0.0,0.0,0.0,0.0,0.0,0.0
157,157,0.0,0.0,0.0,0.0,0.0,0.0,0.0,0.0,0.0,0.0,72.05011889618969,87.0311128558801,88.48240476808209,92.88557929446787,95.90392787676892,83.1718828657139,74.73589644756707,65.04027320630762,0.0,0.0,0.0,0.0,0.0,0.0,0.0,0.0,0.0
158,158,0.0,0.0,0.0,0.0,0.0,0.0,0.0,0.0,0.0,0.0,74.67835773954748,86.89381503217703,89.16381825766719,92.06047843172054,96.39407309555435,82.63280345958869,72.6171805571586,66.70096793827541,0.0,0.0,0.0,0.0,0.0,0.0,0.0,0.0,0.0
159,159,0.0,0.0,0.0,0.0,0.0,0.0,0.0,0.0,0.0,0.0,70.97099257574648,87.5375001255668,87.45648650674154,92.73690557799026,94.63134749943457,82.76980224635169,73.71280822297666,67.428657060274,0.0,0.0,0.0,0.0,0.0,0.0,0.0,0.0,0.0
160,160,0.0,0.0,0.0,0.0,0.0,0.0,0.0,0.0,0.0,0.0,69.6812082877785,85.88607515874118,86.45295508970034,92.81452461333753,96.78897474609683,85.6881761372599,75.73013823730395,68.68965190159915,0.0,0.0,0.0,0.0,0.0,0.0,0.0,0.0,0.0
161,161,0.0,0.0,0.0,0.0,0.0,0.0,0.0,0.0,0.0,0.0,71.63364452471575,87.79039891207637,90.40088981440648,91.98784565452937,95.97877535623851,84.85415764055031,74.37683979751912,66.94285820429323,0.0,0.0,0.0,0.0,0.0,0.0,0.0,0.0,0.0
162,162,0.0,0.0,0.0,0.0,0.0,0.0,0.0,0.0,0.0,0.0,72.92471803924462,85.06325600384706,86.28235525508255,93.15408384099953,95.64470727746281,84.79950239674027,75.11655591164207,68.34035334195738,0.0,0.0,0.0,0.0,0.0,0.0,0.0,0.0,0.0
163,163,0.0,0.0,0.0,0.0,0.0,0.0,0.0,0.0,0.0,0.0,72.38114147994138,85.5295631986287,87.49380412401148,90.58928807975578,94.85174004358744,86.52600991512054,76.12419028451171,69.51355838091851,0.0,0.0,0.0,0.0,0.0,0.0,0.0,0.0,0.0
164,164,0.0,0.0,0.0,0.0,0.0,0.0,0.0,0.0,0.0,0.0,68.70768803839897,84.95836899462735,87.74673087167172,90.78505600223072,95.23269710202011,85.35848362904511,75.84859540480902,70.24893144605761,0.0,0.0,0.0,0.0,0.0,0.0,0.0,0.0,0.0
165,165,0.0,0.0,0.0,0.0,0.0,0.0,0.0,0.0,0.0,0.0,70.46786712257133,84.55383484498107,85.43450294138366,92.31644218360013,97.02281403521752,85.47534826320312,77.37700634503443,68.85504955065753,0.0,0.0,0.0,0.0,0.0,0.0,0.0,0.0,0.0
166,166,0.0,0.0,0.0,0.0,0.0,0.0,0.0,0.0,0.0,0.0,68.20830796624561,85.0877794423691,85.88913621757986,91.18260757574276,93.15538102018583,88.07199217721994,78.15687697780638,69.22054274731045,0.0,0.0,0.0,0.0,0.0,0.0,0.0,0.0,0.0
167,167,0.0,0.0,0.0,0.0,0.0,0.0,0.0,0.0,0.0,0.0,67.59571993805669,84.60372552767585,85.30798669980709,91.21729620078762,96.02258076371626,87.12222429134734,77.29658927009486,70.8065333436891,0.0,0.0,0.0,0.0,0.0,0.0,0.0,0.0,0.0
168,168,0.0,0.0,0.0,0.0,0.0,0.0,0.0,0.0,0.0,0.0,68.46441412774637,84.14557844184125,85.81736233339235,93.1026794065511,96.65024228331117,86.74566518080347,77.06002712933757,71.37714736435186,0.0,0.0,0.0,0.0,0.0,0.0,0.0,0.0,0.0
169,169,0.0,0.0,0.0,0.0,0.0,0.0,0.0,0.0,0.0,0.0,69.49185099808993,80.6642065794552,86.81905006629725,92.87152531907081,94.60837767641485,86.0711831500041,80.50268978221209,72.74470892400942,0.0,0.0,0.0,0.0,0.0,0.0,0.0,0.0,0.0
170,170,0.0,0.0,0.0,0.0,0.0,0.0,0.0,0.0,0.0,0.0,66.58181321135365,84.61093978210916,84.52821653189932,91.69596090687355,95.46657200325552,88.26450955982463,80.39708452372602,74.03201599017036,0.0,0.0,0.0,0.0,0.0,0.0,0.0,0.0,0.0
171,171,0.0,0.0,0.0,0.0,0.0,0.0,0.0,0.0,0.0,0.0,66.31448269091182,81.11193513402033,86.56246921532485,90.45605896858565,94.46035235675359,87.24966582421611,80.71866375687341,71.44043209017003,64.69552781242255,0.0,0.0,0.0,0.0,0.0,0.0,0.0,0.0
172,172,0.0,0.0,0.0,0.0,0.0,0.0,0.0,0.0,0.0,0.0,66.25098007785496,82.22817511909622,84.87817514319318,90.91120345318134,95.68408464441742,87.98367844085438,79.7300923290198,72.9844876086695,66.49902098497675,0.0,0.0,0.0,0.0,0.0,0.0,0.0,0.0
173,173,0.0,0.0,0.0,0.0,0.0,0.0,0.0,0.0,0.0,0.0,68.49312451998557,81.07167530793139,85.65194286436778,87.66327914651558,95.13511993034184,89.57536286657324,81.50086855886433,73.80548866100158,64.81021453804084,0.0,0.0,0.0,0.0,0.0,0.0,0.0,0.0
174,174,0.0,0.0,0.0,0.0,0.0,0.0,0.0,0.0,0.0,0.0,64.76366574066202,80.99195377533516,83.391335080947,90.24183658363323,94.72724800552268,87.47227312775775,81.77288087454029,73.60384247035114,64.9708182393327,0.0,0.0,0.0,0.0,0.0,0.0,0.0,0.0
175,175,0.0,0.0,0.0,0.0,0.0,0.0,0.0,0.0,0.0,0.0,65.04375940663368,81.55362663922774,84.26653192756076,88.73116485270468,94.52478860677145,88.4456794330847,80.97100833132626,74.41262096925253,66.87285966236836,0.0,0.0,0.0,0.0,0.0,0.0,0.0,0.0
176,176,0.0,0.0,0.0,0.0,0.0,0.0,0.0,0.0,0.0,0.0,65.76527702859585,80.50275353519277,84.47961849380728,88.86056298340976,94.41699076799698,89.5478591904174,83.2799216229615,73.9882819693356,66.97294480686648,0.0,0.0,0.0,0.0,0.0,0.0,0.0,0.0
177,177,0.0,0.0,0.0,0.0,0.0,0.0,0.0,0.0,0.0,0.0,0.0,79.07935070043295,83.60207903673444,89.39262666171165,94.58521667041674,88.90716798546998,83.19042153002934,76.0590601961695,68.22219469544625,0.0,0.0,0.0,0.0,0.0,0.0,0.0,0.0
178,178,0.0,0.0,0.0,0.0,0.0,0.0,0.0,0.0,0.0,0.0,0.0,79.9531656257502,83.7345304100207,88.70086725540492,95.70083274075088,89.13849742784745,83.82466181914009,74.55990679950852,67.49512154222644,0.0,0.0,0.0,0.0,0.0,0.0,0.0,0.0
179,179,0.0,0.0,0.0,0.0,0.0,0.0,0.0,0.0,0.0,0.0,0.0,78.52688998322257,81.7833829580834,89.93457504043262,94.91262691294006,89.7460221549865,84.88866279792038,76.5404389327145,68.46552003790345,0.0,0.0,0.0,0.0,0.0,0.0,0.0,0.0
180,180,0.0,0.0,0.0,0.0,0.0,0.0,0.0,0.0,0.0,0.0,0.0,77.20740634861463,84.05579353851014,88.67277077727361,93.41135598144756,88.85705811863028,85.4131444392302,78.82385392164736,69.10143266730712,0.0,0.0,0.0,0.0,0.0,0.0,0.0,0.0
181,181,0.0,0.0,0.0,0.0,0.0,0.0,0.0,0.0,0.0,0.0,0.0,76.86378266159304,81.79517371741503,87.96017679721311,93.22419745943336,90.98019680032732,85.42121997836135,76.95356195813011,70.86131647231242,0.0,0.0,0.0,0.0,0.0,0.0,0.0,0.0
182,182,0.0,0.0,0.0,0.0,0.0,0.0,0.0,0.0,0.0,0.0,0.0,78.30746572846122,81.53791822003055,86.71398602751168,93.26796446613838,89.34137849598099,84.07993989175179,76.39604579488001,69.5585055538176,66.9517827551777,0.0,0.0,0.0,0.0,0.0,0.0,0.0
183,183,0.0,0.0,0.0,0.0,0.0,0.0,0.0,0.0,0.0,0.0,0.0,75.94694828162602,80.81047547028645,86.587012483254,92.62331351142484,91.44231279137428,85.26407815178506,77.52985521116845,66.8234211148581,65.49381380929916,0.0,0.0,0.0,0.0,0.0,0.0,0.0
184,184,0.0,0.0,0.0,0.0,0.0,0.0,0.0,0.0,0.0,0.0,0.0,74.90656071048701,80.83067201746543,85.88880133962952,92.72840598751976,91.04308857061704,87.7731787119126,78.00795855715587,72.35578593308804,64.89517380347189,64.33657941397972,0.0,0.0,0.0,0.0,0.0,0.0
185,185,0.0,0.0,0.0,0.0,0.0,0.0,0.0,0.0,0.0,0.0,0.0,74.89397038499959,79.1227120688806,85.95321600184,92.67241361928987,91.47539736559627,86.22920473561781,77.07728965943804,71.26391509968188,65.97968375964653,67.91354466197903,0.0,0.0,0.0,0.0,0.0,0.0
186,186,0.0,0.0,0.0,0.0,0.0,0.0,0.0,0.0,0.0,0.0,0.0,74.07205705692554,78.82382922783768,86.24369375381829,93.62409006509576,91.93339691035747,87.8841225047944,81.4338511321121,70.37148642311323,68.95966491813638,64.47439320738036,0.0,0.0,0.0,0.0,0.0,0.0
187,187,0.0,0.0,0.0,0.0,0.0,0.0,0.0,0.0,0.0,0.0,0.0,75.31217718783672,78.89517315321164,84.56620780782671,91.61143979815095,90.81721439302572,86.7940505594021,78.69247591221438,72.8734169036713,66.83312755263606,65.75492708431334,0.0,0.0,0.0,0.0,0.0,0.0
188,188,0.0,0.0,0.0,0.0,0.0,0.0,0.0,0.0,0.0,0.0,0.0,73.59324469674596,79.45846318570553,83.66620951302353,91.10034589490617,90.82756465261068,87.31113013421937,80.99130484391995,71.17614912583906,67.2226263705106,64.05384619165925,0.0,0.0,0.0,0.0,0.0,0.0
189,189,0.0,0.0,0.0,0.0,0.0,0.0,0.0,0.0,0.0,0.0,0.0,72.76034431397039,79.53538636619474,84.62635179274322,91.36605295197455,90.97873460254,88.43541106737206,80.27601037889156,70.22784139100429,69.44313304935199,68.31017460187758,0.0,0.0,0.0,0.0,0.0,0.0
190,190,0.0,0.0,0.0,0.0,0.0,0.0,0.0,0.0,0.0,0.0,0.0,72.78613587270578,78.56222529092996,82.64724177416164,92.36512337028553,89.04985360837296,87.64399823340922,82.08747861515016,74.85689328450032,67.79469781141455,66.18949173095521,0.0,0.0,0.0,0.0,0.0,0.0
191,191,0.0,0.0,0.0,0.0,0.0,0.0,0.0,0.0,0.0,0.0,0.0,73.11755296999999,76.249158193978,83.76330135972175,90.40809310547657,91.58165568532156,89.28641081348556,83.16558211517449,71.12208299178855,68.67564744315959,65.67917668868823,0.0,0.0,0.0,0.0,0.0,0.0
192,192,0.0,0.0,0.0,0.0,0.0,0.0,0.0,0.0,0.0,0.0,0.0,71.59305075341719,76.56885555467652,81.27654290137261,90.38096049989521,89.94099827716686,89.31839751787378,82.37062381184157,71.89896740594881,68.52682173950824,66.71481472001284,0.0,0.0,0.0,0.0,0.0,0.0
193,193,0.0,0.0,0.0,0.0,0.0,0.0,0.0,0.0,0.0,0.0,0.0,70.936714349806,76.54235019801554,82.22855416158303,90.76915977790627,90.30195082136349,90.38930047372594,84.49337616271605,73.49275177305152,69.09415514972568,67.45579480063725,0.0,0.0,0.0,0.0,0.0,0.0
194,194,0.0,0.0,0.0,0.0,0.0,0.0,0.0,0.0,0.0,0.0,0.0,72.32056705993999,76.04058061973797,81.63756194211238,89.75307582617943,92.66908744460781,88.46750210638045,82.8603307030659,72.76251785682295,69.54324655464922,66.75887247260567,0.0,0.0,0.0,0.0,0.0,0.0
195,195,0.0,0.0,0.0,0.0,0.0,0.0,0.0,0.0,0.0,0.0,0.0,71.53509295244774,76.45764288395884,81.20724967623589,88.91535760391561,90.67755815521856,92.50836351950028,83.76512185353153,73.38422824614862,71.4355828980786,67.98792416541502,0.0,0.0,0.0,0.0,0.0,0.0
196,196,0.0,0.0,0.0,0.0,0.0,0.0,0.0,0.0,0.0,0.0,0.0,69.36714642469904,74.36409561671468,81.41014270872941,86.59223400566175,91.34182853457409,90.44264868629286,85.32984629587207,73.47055685451166,71.31918566810731,68.58383712130967,0.0,0.0,0.0,0.0,0.0,0.0
197,197,0.0,0.0,0.0,0.0,0.0,0.0,0.0,0.0,0.0,0.0,0.0,68.07081987428649,75.43754865950669,81.87131891429668,87.84051632898237,93.34007097825994,91.14595638524789,84.41799980795227,75.28966214817751,72.12412322921418,68.57605443929697,0.0,0.0,0.0,0.0,0.0,0.0
198,198,0.0,0.0,0.0,0.0,0.0,0.0,0.0,0.0,0.0,0.0,0.0,69.3561538682363,74.61511607165333,81.9074370170129,86.57869918673788,90.63644171829363,90.77425343748301,83.84686661689744,74.36294609275194,72.96853395415522,68.46862153098115,0.0,0.0,0.0,0.0,0.0,0.0
199,199,0.0,0.0,0.0,0.0,0.0,0.0,0.0,0.0,0.0,0.0,0.0,68.47970333559533,74.68903243031014,77.5524220242939,87.53498267206847,90.16435914398441,90.50418385080327,84.81736589405634,74.00080528080979,72.27431084391549,66.54594020074838,0.0,0.0,0.0,0.0,0.0,0.0
200,200,0.0,0.0,0.0,0.0,0.0,0.0,0.0,0.0,0.0,0.0,0.0,68.50924437056999,73.96014517730192,79.04315922749339,88.05973481538526,91.70591937663526,91.02020656839348,87.1569489603262,77.33859551468235,72.95573687660635,66.89958210993927,0.0,0.0,0.0,0.0,0.0,0.0
201,201,0.0,0.0,0.0,0.0,0.0,0.0,0.0,0.0,0.0,0.0,0.0,67.33927632616603,71.73621280186083,80.00159983476394,87.23728343454097,90.3012497529423,90.33586579471451,86.7409776132611,76.33868848790806,71.65533836924565,66.95419874351417,0.0,0.0,0.0,0.0,0.0,0.0
202,202,0.0,0.0,0.0,0.0,0.0,0.0,0.0,0.0,0.0,0.0,0.0,67.84003847309978,72.74887027992604,79.07390144628492,86.32986100177868,91.96365778581408,93.16373689024589,87.96054797396489,76.40059827456743,73.76399799663439,68.11056662315201,0.0,0.0,0.0,0.0,0.0,0.0
203,203,0.0,0.0,0.0,0.0,0.0,0.0,0.0,0.0,0.0,0.0,0.0,68.51655393226368,72.10749721452409,79.47779421688601,85.57046405686226,90.19054990670709,91.61684875416589,87.80859369300121,76.66075045491282,73.91998480450803,69.12821694904977,0.0,0.0,0.0,0.0,0.0,0.0
204,204,0.0,0.0,0.0,0.0,0.0,0.0,0.0,0.0,0.0,0.0,0.0,66.67671530631088,72.56383485641945,78.2726081226637,85.79068732763517,91.76083791737213,91.47337167825039,87.62124017911364,77.45811628383524,74.06198021174089,67.84756873418206,0.0,0.0,0.0,0.0,0.0,0.0
205,205,0.0,0.0,0.0,0.0,0.0,0.0,0.0,0.0,0.0,0.0,0.0,67.19139549775657,69.31898882640606,76.29919825451589,86.01597897332941,89.11482246921325,94.24573469690273,88.30536513550987,75.49675913161215,73.72283308387715,68.47517803511116,0.0,0.0,0.0,0.0,0.0,0.0
206,206,0.0,0.0,0.0,0.0,0.0,0.0,0.0,0.0,0.0,0.0,0.0,66.39976847377653,70.23127105806105,77.58417379805353,85.64805375742351,91.67904379620504,93.60142538368201,89.96802530329212,76.49162271408889,76.260396934098,69.32375123564725,0.0,0.0,0.0,0.0,0.0,0.0
207,207,0.0,0.0,0.0,0.0,0.0,0.0,0.0,0.0,0.0,0.0,0.0,66.41506462563949,69.87470034021135,75.8459106285727,83.88399089696979,90.14280371107216,93.81691586052737,89.85538742001758,77.51927524276412,76.46844198249018,68.4809663422494,0.0,0.0,0.0,0.0,0.0,0.0
208,208,0.0,0.0,0.0,0.0,0.0,0.0,0.0,0.0,0.0,0.0,0.0,65.4804052740592,70.27473104358882,76.8046525018423,82.59449284017252,89.89683343230152,95.79878507285177,89.28803698542757,79.69913851337839,76.60000331393611,66.93850984748323,0.0,0.0,0.0,0.0,0.0,0.0
209,209,0.0,0.0,0.0,0.0,0.0,0.0,0.0,0.0,0.0,0.0,0.0,65.96874159546734,70.47219045262065,76.62955919358595,85.44345101818493,90.69958994286695,95.3015548933777,89.98271427475426,78.51755110050999,76.79443679255982,69.17704628852967,0.0,0.0,0.0,0.0,0.0,0.0
210,210,0.0,0.0,0.0,0.0,0.0,0.0,0.0,0.0,0.0,0.0,0.0,0.0,70.77457587240498,75.38925881958383,84.56748846751682,91.90020627824016,95.34571422076164,90.3805265040626,78.20162234803658,78.54131050249585,69.19406339849672,0.0,0.0,0.0,0.0,0.0,0.0
211,211,0.0,0.0,0.0,0.0,0.0,0.0,0.0,0.0,0.0,0.0,0.0,0.0,71.05545505057104,75.78166327427618,82.03374545582389,90.20620021965212,93.79012794606939,89.32563175420717,79.27562225904636,78.36605944047228,68.93866457204334,0.0,0.0,0.0,0.0,0.0,0.0
212,212,0.0,0.0,0.0,0.0,0.0,0.0,0.0,0.0,0.0,0.0,0.0,0.0,69.56022916596034,74.03553868870083,80.19113276736377,87.81475944064856,96.92527209153138,91.64235060304561,79.70878442037734,79.04833605286984,68.90529139189637,0.0,0.0,0.0,0.0,0.0,0.0
213,213,0.0,0.0,0.0,0.0,0.0,0.0,0.0,0.0,0.0,0.0,0.0,0.0,67.79180018329669,73.2564878198619,81.96544860807866,91.17787546697238,96.73082568312651,90.2912495705338,80.44746794940141,80.14219275837193,69.67970405864439,65.17022932697581,0.0,0.0,0.0,0.0,0.0
214,214,0.0,0.0,0.0,0.0,0.0,0.0,0.0,0.0,0.0,0.0,0.0,0.0,69.37710363427998,73.73931900138417,81.97133419750244,89.56463379826687,93.8831984327987,91.34752289568189,79.75148534330931,75.87872622678864,68.48874307629238,64.30243033731264,0.0,0.0,0.0,0.0,0.0
215,215,0.0,0.0,0.0,0.0,0.0,0.0,0.0,0.0,0.0,0.0,0.0,0.0,67.45727444581267,73.25614457446648,81.99527266771649,88.84120475551629,93.66619059654933,90.99144761957106,81.86152225672586,80.36212632116576,69.34454049490533,65.63114477506684,0.0,0.0,0.0,0.0,0.0
216,216,0.0,0.0,0.0,0.0,0.0,0.0,0.0,0.0,0.0,0.0,0.0,0.0,68.69840493690901,73.45721657111869,78.81131507683254,89.35179189498214,95.50592735663952,90.75688759111016,78.49452718549797,79.36404141485433,68.70320513875677,64.76071598309277,0.0,0.0,0.0,0.0,0.0
217,217,0.0,0.0,0.0,0.0,0.0,0.0,0.0,0.0,0.0,0.0,0.0,0.0,66.32994571915116,72.14571014759932,78.47305940800818,89.87252500172902,93.44711009961296,93.2119334024118,81.4619630008976,81.16284640595144,66.93276308941412,65.52347816369728,0.0,0.0,0.0,0.0,0.0
218,218,0.0,0.0,0.0,0.0,0.0,0.0,0.0,0.0,0.0,0.0,0.0,0.0,66.33206084791698,72.3512681367034,79.77892323883833,88.59352348916084,96.56009044579157,93.2416113067698,81.28448139819322,81.04493023151909,67.28350064497374,66.5176360433182,0.0,0.0,0.0,0.0,0.0
219,219,0.0,0.0,0.0,0.0,0.0,0.0,0.0,0.0,0.0,0.0,0.0,0.0,67.25201471279756,71.28498029832338,76.86672574862936,87.99234335217217,96.77269821327178,95.13437609759538,82.11824884894611,82.96132282873381,69.57904226855334,67.04593808084284,0.0,0.0,0.0,0.0,0.0
220,220,0.0,0.0,0.0,0.0,0.0,0.0,0.0,0.0,0.0,0.0,0.0,0.0,64.62889970643594,71.5224792684913,77.61371089671603,88.26216420555558,96.1855777536762,93.29430664526537,82.88262558650675,80.65763563954822,68.74023342352656,66.945652801368,0.0,0.0,0.0,0.0,0.0
221,221,0.0,0.0,0.0,0.0,0.0,0.0,0.0,0.0,0.0,0.0,0.0,0.0,64.52788240924606,68.87276983492937,77.90346616506258,86.62810594404048,96.26062143100481,93.51027892043159,83.33476687102413,82.24907445556717,70.96672544307701,68.2067828139345,0.0,0.0,0.0,0.0,0.0
222,222,0.0,0.0,0.0,0.0,0.0,0.0,0.0,0.0,0.0,0.0,0.0,0.0,0.0,71.05926187077749,75.31095922701897,87.6368217741469,95.76439552424894,93.26926088866865,83.93889904347336,83.85599509398111,69.46546776724377,70.27661685529314,0.0,0.0,0.0,0.0,0.0
223,223,0.0,0.0,0.0,0.0,0.0,0.0,0.0,0.0,0.0,0.0,0.0,0.0,0.0,71.24308910316523,76.89994939129656,86.67319246620765,96.24791691625877,92.07676505858055,83.01476104008844,82.28921489689156,68.5943269608323,69.08860016287085,0.0,0.0,0.0,0.0,0.0
224,224,0.0,0.0,0.0,0.0,0.0,0.0,0.0,0.0,0.0,0.0,0.0,0.0,0.0,68.67502099758389,78.23657373122775,85.744536296633,98.26319195821294,94.90738617439057,83.78695683387846,83.35995929083475,70.1515692778086,72.30049733376232,0.0,0.0,0.0,0.0,0.0
225,225,0.0,0.0,0.0,0.0,0.0,0.0,0.0,0.0,0.0,0.0,0.0,0.0,0.0,68.88663702041892,75.53086899033009,86.73047980430314,97.54262982301115,95.95108078019817,81.46909645150195,84.35809793363929,70.03112267312815,70.71103886977585,0.0,0.0,0.0,0.0,0.0
226,226,0.0,0.0,0.0,0.0,0.0,0.0,0.0,0.0,0.0,0.0,0.0,0.0,0.0,67.59542818283808,75.41229453919433,87.22374465009699,98.4048370518269,93.8412194630365,85.48618854764808,84.03425356915871,70.61858033008617,70.2767001551445,0.0,0.0,0.0,0.0,0.0
227,227,0.0,0.0,0.0,0.0,0.0,0.0,0.0,0.0,0.0,0.0,0.0,0.0,0.0,67.16168635665643,74.50573722347728,85.17429890890332,95.85455410100344,92.44271620869421,84.00811322699656,82.97979611387736,70.66171659567223,69.61593153662173,0.0,0.0,0.0,0.0,0.0
228,228,0.0,0.0,0.0,0.0,0.0,0.0,0.0,0.0,0.0,0.0,0.0,0.0,0.0,67.42284566421593,75.94524019399053,86.08214591708652,96.37497694611889,95.2600013734029,85.69506453604616,86.80986030603077,70.82824930278156,70.08145777287264,0.0,0.0,0.0,0.0,0.0
229,229,0.0,0.0,0.0,0.0,0.0,0.0,0.0,0.0,0.0,0.0,0.0,0.0,0.0,67.1486077076218,72.78568460423105,83.9282624300319,98.19043876032515,94.32227461934278,83.18765923549402,86.221057273855,67.74038570369903,71.67284225822623,0.0,0.0,0.0,0.0,0.0
230,230,0.0,0.0,0.0,0.0,0.0,0.0,0.0,0.0,0.0,0.0,0.0,0.0,0.0,68.02697505753403,73.5085673352228,83.65897058797556,96.55444779922983,94.56323105699045,83.32368914009349,84.33870261174438,67.98892538150653,71.04733246095208,0.0,0.0,0.0,0.0,0.0
231,231,0.0,0.0,0.0,0.0,0.0,0.0,0.0,0.0,0.0,0.0,0.0,0.0,0.0,66.65379624736987,75.26360446320273,83.99985679524953,96.43750308622289,94.13923011268122,84.42080211119273,85.38351990284092,70.67431171992612,72.88175303442767,0.0,0.0,0.0,0.0,0.0
232,232,0.0,0.0,0.0,0.0,0.0,0.0,0.0,0.0,0.0,0.0,0.0,0.0,0.0,64.7263974772356,73.82930549040724,84.14795846829905,95.91759328890542,94.44660278755752,85.20160124718603,86.09484224435607,70.66026247385773,72.34753103862893,0.0,0.0,0.0,0.0,0.0
233,233,0.0,0.0,0.0,0.0,0.0,0.0,0.0,0.0,0.0,0.0,0.0,0.0,0.0,64.72966204937632,72.40216722793187,82.16463519922074,95.5324431369284,97.7797786578465,83.42691423111472,86.87551633558013,69.60404220580324,73.9940075938158,0.0,0.0,0.0,0.0,0.0
234,234,0.0,0.0,0.0,0.0,0.0,0.0,0.0,0.0,0.0,0.0,0.0,0.0,0.0,0.0,72.01005968429776,81.68042945402506,94.503734555044,96.7147989404244,84.95449430324592,87.27487945847973,70.66981982431243,73.14310227992507,0.0,0.0,0.0,0.0,0.0
235,235,0.0,0.0,0.0,0.0,0.0,0.0,0.0,0.0,0.0,0.0,0.0,0.0,0.0,0.0,71.6884489479206,81.32935994449166,96.00731708570405,94.11756613103942,84.58144413430466,87.92585240744222,68.83759661397033,73.1243939773361,0.0,0.0,0.0,0.0,0.0
236,236,0.0,0.0,0.0,0.0,0.0,0.0,0.0,0.0,0.0,0.0,0.0,0.0,0.0,0.0,70.67682935315277,82.58694447041641,94.67403906590994,95.88675052619233,84.6994950677887,87.59441776193346,68.15961437316001,75.77030699921552,0.0,0.0,0.0,0.0,0.0
237,237,0.0,0.0,0.0,0.0,0.0,0.0,0.0,0.0,0.0,0.0,0.0,0.0,0.0,0.0,70.7670130839048,82.04212828363417,92.39098500292121,95.90310854124085,85.45519616577113,88.9977281360916,68.99871108001064,74.7554775059089,0.0,0.0,0.0,0.0,0.0
238,238,0.0,0.0,0.0,0.0,0.0,0.0,0.0,0.0,0.0,0.0,0.0,0.0,0.0,0.0,68.08701479351238,80.76729960846139,93.66563481728491,95.35430667131644,86.70233012415945,88.64692035556145,69.0899228716996,75.40121595599186,65.36174264302488,0.0,0.0,0.0,0.0
239,239,0.0,0.0,0.0,0.0,0.0,0.0,0.0,0.0,0.0,0.0,0.0,0.0,0.0,0.0,69.34308210742552,80.07993617590975,95.13334952860129,95.99774928958296,86.52526766464715,88.39456087334264,71.39528133301563,75.9125683960191,66.07086589155466,0.0,0.0,0.0,0.0
240,240,0.0,0.0,0.0,0.0,0.0,0.0,0.0,0.0,0.0,0.0,0.0,0.0,0.0,0.0,69.79424628615533,81.52338758951811,94.38581437105844,95.90945925327958,86.21627110274682,90.44052453042863,68.86405326713472,75.80485973537836,66.78682614691623,0.0,0.0,0.0,0.0
241,241,0.0,0.0,0.0,0.0,0.0,0.0,0.0,0.0,0.0,0.0,0.0,0.0,0.0,0.0,69.17174270884243,80.69072856384102,94.25791224069249,96.4493009356337,85.8239681943203,90.1954415926333,68.74594709553523,75.62089366589959,65.11229652340232,0.0,0.0,0.0,0.0
242,242,0.0,0.0,0.0,0.0,0.0,0.0,0.0,0.0,0.0,0.0,0.0,0.0,0.0,0.0,68.63415807320973,79.47428823192962,93.44989070133738,96.33285633645512,85.18253959935332,90.2370421284498,66.74209526899199,76.15667351269686,66.89489886310442,0.0,0.0,0.0,0.0
243,243,0.0,0.0,0.0,0.0,0.0,0.0,0.0,0.0,0.0,0.0,0.0,0.0,0.0,0.0,66.92752212310185,80.52437909504053,94.67756514912216,95.94812480208626,84.25409465969763,88.52999117844901,68.39493617682267,75.89894508134277,66.50605361898673,0.0,0.0,0.0,0.0
244,244,0.0,0.0,0.0,0.0,0.0,0.0,0.0,0.0,0.0,0.0,0.0,0.0,0.0,0.0,69.06749002283,78.2253824075639,92.89162244387751,96.74412639399185,85.84388639449091,89.74612064629027,68.61735386815135,79.30687868835486,67.8058916691202,0.0,0.0,0.0,0.0
245,245,0.0,0.0,0.0,0.0,0.0,0.0,0.0,0.0,0.0,0.0,0.0,0.0,0.0,0.0,66.87789694387524,80.62952996368384,93.5109755118831,95.69109548177444,87.0962052337349,90.43815642453099,68.7074428663013,80.14401364771224,68.50241218453081,0.0,0.0,0.0,0.0
246,246,0.0,0.0,0.0,0.0,0.0,0.0,0.0,0.0,0.0,0.0,0.0,0.0,0.0,0.0,65.37970216309735,78.36366428213032,92.68594361508123,93.48454188309994,83.70550253673002,90.72350970306961,68.21300504406332,79.23574911103084,67.8965976766041,0.0,0.0,0.0,0.0
247,247,0.0,0.0,0.0,0.0,0.0,0.0,0.0,0.0,0.0,0.0,0.0,0.0,0.0,0.0,66.75671221272641,76.45896856286919,93.83859493442787,97.97448997311105,85.60104511699795,92.10116042667615,68.35658116383082,80.5158670366846,70.2116496773225,0.0,0.0,0.0,0.0
248,248,0.0,0.0,0.0,0.0,0.0,0.0,0.0,0.0,0.0,0.0,0.0,0.0,0.0,0.0,65.0422542439411,75.86157562270499,92.30674255721301,94.29695948471456,85.53755457780558,91.16242184054126,67.75864982805135,79.86685804367832,70.13936444019471,65.14622657379462,0.0,0.0,0.0
249,249,0.0,0.0,0.0,0.0,0.0,0.0,0.0,0.0,0.0,0.0,0.0,0.0,0.0,0.0,66.45612990071513,78.26624571732013,91.65967363488272,96.73575511712063,86.04737516736799,91.03495837082005,67.80428456713238,80.57315535081264,69.52829212883084,65.54784418272598,0.0,0.0,0.0
250,250,0.0,0.0,0.0,0.0,0.0,0.0,0.0,0.0,0.0,0.0,0.0,0.0,0.0,0.0,64.71509296845939,73.9176215371967,91.0646954073873,94.7137958758374,86.46900025527839,92.76689663507221,67.77383026339061,82.42247357936836,71.44486031076755,65.44145226758768,0.0,0.0,0.0
251,251,0.0,0.0,0.0,0.0,0.0,0.0,0.0,0.0,0.0,0.0,0.0,0.0,0.0,0.0,0.0,77.99920168100068,90.91086781361588,94.67931756241008,84.26559390885524,92.76693156583241,66.30824027496111,79.99471731629292,69.30648101816969,66.60858582374296,63.7727604199581,0.0,0.0
252,252,0.0,0.0,0.0,0.0,0.0,0.0,0.0,0.0,0.0,0.0,0.0,0.0,0.0,0.0,0.0,74.78055018749616,90.76905751005404,94.15029289910512,85.83066909508125,91.225569895659,66.54235362453929,80.11167905564008,70.23133394071031,65.75217359346136,64.27899858280297,0.0,0.0
253,253,0.0,0.0,0.0,0.0,0.0,0.0,0.0,0.0,0.0,0.0,0.0,0.0,0.0,0.0,0.0,74.13381768332205,89.6682024285729,95.48040298572231,85.31548775531027,92.99421866644461,65.96606254094388,79.85123108017272,70.88578809572121,66.60932142834012,65.73840146739177,0.0,0.0
254,254,0.0,0.0,0.0,0.0,0.0,0.0,0.0,0.0,0.0,0.0,0.0,0.0,0.0,0.0,0.0,75.19505003030247,89.4835719362355,94.29419396233018,86.2460952294056,91.81280987439375,68.06328571152798,82.60828168260228,72.3562551310268,67.2642480813354,64.72364953279143,0.0,0.0
255,255,0.0,0.0,0.0,0.0,0.0,0.0,0.0,0.0,0.0,0.0,0.0,0.0,0.0,0.0,0.0,73.20674161731758,90.67231552017175,92.8554222482765,84.40387188097199,92.93542716949045,67.05141582212237,83.45285610312449,72.84521499686781,69.4653593809394,66.58323119061811,0.0,0.0
256,256,0.0,0.0,0.0,0.0,0.0,0.0,0.0,0.0,0.0,0.0,0.0,0.0,0.0,0.0,0.0,74.89794843060514,90.39974519488413,91.91327403173517,85.94693159331581,92.0800644536476,66.81233083955433,83.999322823441,73.20345726085961,67.56794176680987,66.8378049204907,0.0,0.0
257,257,0.0,0.0,0.0,0.0,0.0,0.0,0.0,0.0,0.0,0.0,0.0,0.0,0.0,0.0,0.0,73.17659423667976,89.00944277716768,92.69509178686508,82.38039503485496,92.57932990586956,67.68480388124772,83.30471989934279,73.83850194124243,69.07288379896686,68.54287481398842,0.0,0.0
258,258,0.0,0.0,0.0,0.0,0.0,0.0,0.0,0.0,0.0,0.0,0.0,0.0,0.0,0.0,0.0,72.74393867030516,89.25509266711045,91.87989537495469,83.1251830320862,92.54300020595383,65.94932222675962,84.39323673794108,76.5533904388721,68.52860771502822,67.71492054388116,0.0,0.0
259,259,0.0,0.0,0.0,0.0,0.0,0.0,0.0,0.0,0.0,0.0,0.0,0.0,0.0,0.0,0.0,71.95474273992161,89.62854098839969,91.89419313984997,85.57208607230515,92.92174250681674,66.3593074583698,84.22370510841182,75.26705573669204,69.72741955849523,69.30460090884655,0.0,0.0
260,260,0.0,0.0,0.0,0.0,0.0,0.0,0.0,0.0,0.0,0.0,0.0,0.0,0.0,0.0,0.0,72.65382576542505,88.46691237331048,90.08665807398746,82.9375065885533,93.6608839140577,64.54134334038538,84.3987853745018,75.48186528478378,68.95850700195592,67.89335545686586,0.0,0.0
261,261,0.0,0.0,0.0,0.0,0.0,0.0,0.0,0.0,0.0,0.0,0.0,0.0,0.0,0.0,0.0,73.39392088666398,87.65060894331098,92.7269781382519,86.10267891464693,90.76011910393655,65.68849914006577,87.51249066606138,74.79623465077357,70.73996338793907,69.39770147433097,0.0,0.0
262,262,0.0,0.0,0.0,0.0,0.0,0.0,0.0,0.0,0.0,0.0,0.0,0.0,0.0,0.0,0.0,72.23602787664835,88.59721320610839,91.09778231109667,84.64887027806313,93.91217242867594,63.06004983778425,84.97210381665093,75.88927318084997,70.22500601471543,68.9871145815913,0.0,0.0
263,263,0.0,0.0,0.0,0.0,0.0,0.0,0.0,0.0,0.0,0.0,0.0,0.0,0.0,0.0,0.0,71.31944806506667,87.75539981339924,92.13568227717724,82.81740393783222,92.1578422702079,66.32478228348765,84.19354068203876,76.08681597794619,71.2890022585573,69.40786080669301,0.0,0.0
264,264,0.0,0.0,0.0,0.0,0.0,0.0,0.0,0.0,0.0,0.0,0.0,0.0,0.0,0.0,0.0,70.65863394995921,85.7063348237271,91.68008193196826,84.7930624620707,92.09504845809349,0.0,87.9664793707995,76.98902955967193,72.025272033236,71.1950818305165,0.0,0.0
265,265,0.0,0.0,0.0,0.0,0.0,0.0,0.0,0.0,0.0,0.0,0.0,0.0,0.0,0.0,0.0,70.25393224038693,87.2137761723669,90.21687038508286,84.54936078914798,93.54154991159282,0.0,85.07173747136953,77.33115273317976,72.15245566543373,70.40529607922304,0.0,0.0
266,266,0.0,0.0,0.0,0.0,0.0,0.0,0.0,0.0,0.0,0.0,0.0,0.0,0.0,0.0,0.0,69.44920966405115,85.16123012234968,90.02389304097024,81.32474687678445,94.11297935615822,0.0,85.59352651101003,77.78711718547898,70.19646899804164,69.61745275264508,0.0,0.0
267,267,0.0,0.0,0.0,0.0,0.0,0.0,0.0,0.0,0.0,0.0,0.0,0.0,0.0,0.0,0.0,70.22869685230735,84.22270220717773,91.36186863488453,82.57908631442957,93.81385941219459,0.0,87.16978011676467,79.00843189513789,72.47849893408531,70.91407688204832,0.0,0.0
268,268,0.0,0.0,0.0,0.0,0.0,0.0,0.0,0.0,0.0,0.0,0.0,0.0,0.0,0.0,0.0,68.6638484025886,86.50345358682976,88.71039778508263,82.51146784300032,91.49611654199819,0.0,87.56302878967699,80.89750143193902,71.81699763737863,71.25397079676208,0.0,0.0
269,269,0.0,0.0,0.0,0.0,0.0,0.0,0.0,0.0,0.0,0.0,0.0,0.0,0.0,0.0,0.0,68.52173230768948,83.74422511911877,89.52292529256825,81.86268696895894,94.35709774468674,0.0,88.29796279916202,79.30653867482884,71.959385502019,74.29822697687364,0.0,0.0
270,270,0.0,0.0,0.0,0.0,0.0,0.0,0.0,0.0,0.0,0.0,0.0,0.0,0.0,0.0,0.0,68.51874072374241,82.7755841673812,91.61858631917154,82.75544780675348,93.31999479985075,0.0,89.20363547635499,80.60506322020251,73.6666045432322,72.09215331317088,0.0,0.0
271,271,0.0,0.0,0.0,0.0,0.0,0.0,0.0,0.0,0.0,0.0,0.0,0.0,0.0,0.0,0.0,67.40620519255299,82.40054199990576,88.62945636269426,81.51495084899425,92.63554294222749,0.0,87.18039336244564,80.17745511299347,71.99652398053523,75.5347149562073,0.0,0.0
272,272,0.0,0.0,0.0,0.0,0.0,0.0,0.0,0.0,0.0,0.0,0.0,0.0,0.0,0.0,0.0,67.15204700818981,84.33635907409472,88.66561764077787,81.61077165722965,92.98407276063831,0.0,88.39381023430646,79.2658842677172,72.51019851538298,75.48124171168709,0.0,0.0
273,273,0.0,0.0,0.0,0.0,0.0,0.0,0.0,0.0,0.0,0.0,0.0,0.0,0.0,0.0,0.0,67.19058121888587,82.29203646179052,88.06523517070136,82.66778487190098,92.9959409872393,0.0,88.86293962223041,81.3181714495514,74.59520830252028,74.53969120271552,0.0,0.0
274,274,0.0,0.0,0.0,0.0,0.0,0.0,0.0,0.0,0.0,0.0,0.0,0.0,0.0,0.0,0.0,64.09609327478849,82.09398740367651,86.04317660077449,81.41978210560606,92.8808588234201,0.0,89.00250297296336,82.44431626491854,73.35782090112146,76.00947276964669,0.0,0.0
275,275,0.0,0.0,0.0,0.0,0.0,0.0,0.0,0.0,0.0,0.0,0.0,0.0,0.0,0.0,0.0,65.18661736058124,80.13800994835024,87.31151800788138,80.20386173205432,92.9015200496411,0.0,89.03293250847682,82.85308983007111,74.60372535771987,75.49742892596353,0.0,0.0
276,276,0.0,0.0,0.0,0.0,0.0,0.0,0.0,0.0,0.0,0.0,0.0,0.0,0.0,0.0,0.0,65.97208610229265,80.90476659596737,84.21954024427494,81.99965701466867,91.54542722148993,0.0,88.11601708841249,81.15515574088298,74.76946430576623,75.90120518806313,0.0,0.0
277,277,0.0,0.0,0.0,0.0,0.0,0.0,0.0,0.0,0.0,0.0,0.0,0.0,0.0,0.0,0.0,64.59348307578162,77.93717045636578,86.84412612023023,79.78420100189062,93.51199388246376,0.0,91.34412068941229,82.59590122757346,74.97321778579212,78.33577069258975,0.0,0.0
278,278,0.0,0.0,0.0,0.0,0.0,0.0,0.0,0.0,0.0,0.0,0.0,0.0,0.0,0.0,0.0,0.0,79.66109090581807,87.22494256721409,80.2160003811096,90.95676334651203,0.0,90.27933647214681,82.46762385879498,75.56075000260864,76.41681297964827,0.0,0.0
279,279,0.0,0.0,0.0,0.0,0.0,0.0,0.0,0.0,0.0,0.0,0.0,0.0,0.0,0.0,0.0,0.0,80.11040478780244,85.59445399813758,80.61742087487973,90.9032433922038,0.0,91.26915508232665,84.87802221001044,76.15075180270456,78.15872185510803,0.0,0.0
280,280,0.0,0.0,0.0,0.0,0.0,0.0,0.0,0.0,0.0,0.0,0.0,0.0,0.0,0.0,0.0,0.0,79.26286707837762,83.80059236089544,79.85457150352339,90.06318266621366,0.0,90.58335384876918,83.93952542423166,75.47347581336582,79.0502172020832,0.0,0.0
281,281,0.0,0.0,0.0,0.0,0.0,0.0,0.0,0.0,0.0,0.0,0.0,0.0,0.0,0.0,0.0,0.0,78.86474926641483,83.61056944970098,78.67814677794959,92.21732629800691,0.0,91.677047219457,83.34521314828575,76.95107943785945,77.01516546938717,0.0,0.0
282,282,0.0,0.0,0.0,0.0,0.0,0.0,0.0,0.0,0.0,0.0,0.0,0.0,0.0,0.0,0.0,0.0,77.15718996610084,83.54964346181113,78.17374843553276,91.53334538311451,0.0,92.2973642083821,86.42100731269322,75.95262500387935,80.56130296416833,0.0,0.0
283,283,0.0,0.0,0.0,0.0,0.0,0.0,0.0,0.0,0.0,0.0,0.0,0.0,0.0,0.0,0.0,0.0,75.45506618900146,82.52111601167947,78.5097262420566,92.20818604453969,0.0,91.97731233745189,86.57627865147548,76.87098867004414,79.43245816088694,0.0,0.0
284,284,0.0,0.0,0.0,0.0,0.0,0.0,0.0,0.0,0.0,0.0,0.0,0.0,0.0,0.0,0.0,0.0,76.695145305252,83.95189634422722,78.86985403994527,90.80131910874617,0.0,91.44400197499608,85.06892601983306,76.72924208820635,78.60949670632436,64.97965008002056,0.0
285,285,0.0,0.0,0.0,0.0,0.0,0.0,0.0,0.0,0.0,0.0,0.0,0.0,0.0,0.0,0.0,0.0,76.50188978822754,83.0858077462958,80.1938306361615,91.38939245440459,0.0,91.74054528529392,85.51986744653031,78.21396253481953,79.91102525918359,66.2174520442688,0.0
286,286,0.0,0.0,0.0,0.0,0.0,0.0,0.0,0.0,0.0,0.0,0.0,0.0,0.0,0.0,0.0,0.0,76.1490999223118,81.12184709885985,78.14393016089377,90.82489152814622,0.0,92.2129967769039,88.4361137447453,77.06852647830907,80.87571186871862,65.37417048754438,0.0
287,287,0.0,0.0,0.0,0.0,0.0,0.0,0.0,0.0,0.0,0.0,0.0,0.0,0.0,0.0,0.0,0.0,73.9749799616317,82.6582392750243,76.87475160639482,87.79420695851793,0.0,92.5843583194109,86.70377966793258,77.46085971212418,83.0997151113492,66.64668972269114,65.96682449626468
288,288,0.0,0.0,0.0,0.0,0.0,0.0,0.0,0.0,0.0,0.0,0.0,0.0,0.0,0.0,0.0,0.0,76.6675282307348,80.49415372691506,76.69088266336274,89.5674594872846,0.0,93.64637825517272,86.83947668443523,78.25772752821958,80.36061261106902,67.56392315019605,65.33071667754997
289,289,0.0,0.0,0.0,0.0,0.0,0.0,0.0,0.0,0.0,0.0,0.0,0.0,0.0,0.0,0.0,0.0,74.16387881128357,80.19443997908343,76.1479519901981,90.29790826741943,0.0,91.4101619199601,88.50965580994999,78.17834952233368,80.67930298958304,68.36622670472154,65.78852476492158
290,290,0.0,0.0,0.0,0.0,0.0,0.0,0.0,0.0,0.0,0.0,0.0,0.0,0.0,0.0,0.0,0.0,72.80485784783215,80.25228611208847,76.219634373247,87.90543461229669,0.0,92.35411409673584,87.92591903289062,80.19257271733485,83.27624223909669,68.30787680858953,66.52430437558453
291,291,0.0,0.0,0.0,0.0,0.0,0.0,0.0,0.0,0.0,0.0,0.0,0.0,0.0,0.0,0.0,0.0,73.80174020499109,80.36677526926916,74.22829643937519,87.23294949557237,0.0,90.35490276237778,89.44269031510564,78.11180049873379,84.54536997244975,67.50762746522517,67.78243026113485
292,292,0.0,0.0,0.0,0.0,0.0,0.0,0.0,0.0,0.0,0.0,0.0,0.0,0.0,0.0,0.0,0.0,71.37155540955446,79.26914179901614,75.80884224537088,88.42244342683772,0.0,92.5019757005695,91.07015561009764,79.31672251327913,83.6853920023208,67.05605189271604,66.0299099287834
293,293,0.0,0.0,0.0,0.0,0.0,0.0,0.0,0.0,0.0,0.0,0.0,0.0,0.0,0.0,0.0,0.0,71.26130722793425,79.69858829543024,76.30159688172088,87.750065259968,0.0,91.82861309806935,89.83593016747595,78.74490255940333,84.8729220049696,70.10567829442043,65.77983061441199
294,294,0.0,0.0,0.0,0.0,0.0,0.0,0.0,0.0,0.0,0.0,0.0,0.0,0.0,0.0,0.0,0.0,73.81422434613505,78.65853960730688,76.3113472041453,87.12022458166848,0.0,92.28428455302463,89.93312610897523,79.65129716646224,85.98660491409322,70.98560092035258,67.09970466027282
295,295,0.0,0.0,0.0,0.0,0.0,0.0,0.0,0.0,0.0,0.0,0.0,0.0,0.0,0.0,0.0,0.0,71.16410578524176,79.80772459952132,73.64914444756444,86.51247500109241,0.0,92.3931324545234,91.93568415018353,81.18530343110515,85.64945552369866,70.12061243244521,67.34115595462984
296,296,0.0,0.0,0.0,0.0,0.0,0.0,0.0,0.0,0.0,0.0,0.0,0.0,0.0,0.0,0.0,0.0,71.38196957277407,77.5435285642564,75.18151340505173,87.50278981277614,0.0,92.88193538107966,90.89045620427389,79.10966835132629,86.09278166272797,68.62513009511954,66.18958347664268
297,297,0.0,0.0,0.0,0.0,0.0,0.0,0.0,0.0,0.0,0.0,0.0,0.0,0.0,0.0,0.0,0.0,70.93279492853497,75.43576497982585,74.06565224048066,85.8765268255894,0.0,94.70536125254178,90.64793446837844,79.41783906357419,86.12479352876798,70.23738821469279,67.66888883179222
298,298,0.0,0.0,0.0,0.0,0.0,0.0,0.0,0.0,0.0,0.0,0.0,0.0,0.0,0.0,0.0,0.0,70.0217421643638,74.7414613457247,73.35400127674285,88.75412011290825,0.0,92.8360367967914,92.23056441529273,79.13093653594052,86.21060599534617,69.69622658481634,67.96831352082708
299,299,0.0,0.0,0.0,0.0,0.0,0.0,0.0,0.0,0.0,0.0,0.0,0.0,0.0,0.0,0.0,0.0,70.26050848088306,76.46712658525142,73.23686044364278,85.302653078658,0.0,90.54315667215445,91.23741217687672,78.41576286238444,86.39129768893903,70.4672697692109,68.61811696619229
