,time,180,225,247,292,314,158,359,270,337,203,136,315,248,181,293,226,360,159
0,0,74.99534837238215,73.44355091160098,74.40425950151261,77.40753526627458,65.45110459937725,0.0,0.0,0.0,0.0,0.0,0.0,0.0,0.0,0.0,0.0,0.0,0.0,0.0
1,1,76.12924018792712,74.81343401481729,76.44607214162127,76.36990802947072,0.0,0.0,0.0,0.0,0.0,0.0,0.0,0.0,0.0,0.0,0.0,0.0,0.0,0.0
2,2,75.48324396220676,74.66784564695864,72.74691342973993,76.21219563342635,0.0,0.0,0.0,0.0,0.0,0.0,0.0,0.0,0.0,0.0,0.0,0.0,0.0,0.0
3,3,75.88780071765683,74.25170520717613,73.33870953580572,76.59256528118208,0.0,0.0,0.0,0.0,0.0,0.0,0.0,0.0,0.0,0.0,0.0,0.0,0.0,0.0
4,4,73.27733951439423,73.83503470089317,71.99699083710253,78.25572080501757,0.0,0.0,0.0,0.0,0.0,0.0,0.0,0.0,0.0,0.0,0.0,0.0,0.0,0.0
5,5,72.31401671863259,75.75053062851099,73.45883586858454,76.32598324035986,0.0,0.0,0.0,0.0,0.0,0.0,0.0,0.0,0.0,0.0,0.0,0.0,0.0,0.0
6,6,73.41923602147426,76.67047784832587,74.4592274648974,77.4655558255142,0.0,0.0,0.0,0.0,0.0,0.0,0.0,0.0,0.0,0.0,0.0,0.0,0.0,0.0
7,7,73.20793260652646,76.57681086913131,73.00334551335935,77.45787331338617,0.0,0.0,0.0,0.0,0.0,0.0,0.0,0.0,0.0,0.0,0.0,0.0,0.0,0.0
8,8,72.48777644091527,73.93700663820081,71.93265032344368,77.94150648032273,0.0,64.53377065662751,0.0,0.0,0.0,0.0,0.0,0.0,0.0,0.0,0.0,0.0,0.0,0.0
9,9,72.24825768633812,77.2060289170689,74.0588329150866,79.16378494149903,0.0,64.31105895588912,0.0,0.0,0.0,0.0,0.0,0.0,0.0,0.0,0.0,0.0,0.0,0.0
10,10,71.45369843506555,77.92068325030496,70.95589267751961,79.98081184032338,0.0,65.3894564522575,0.0,0.0,0.0,0.0,0.0,0.0,0.0,0.0,0.0,0.0,0.0,0.0
11,11,72.11734121547103,77.40509007277569,70.69196574688368,79.3659149629773,0.0,65.21533899413234,0.0,0.0,0.0,0.0,0.0,0.0,0.0,0.0,0.0,0.0,0.0,0.0
12,12,73.05336910080841,77.91599902225947,69.00064863228225,78.54066514906452,0.0,67.08740906229133,0.0,0.0,0.0,0.0,0.0,0.0,0.0,0.0,0.0,0.0,0.0,0.0
13,13,70.66073349503932,79.83441250932296,70.49092322748234,78.70591055378222,0.0,65.81870941300251,0.0,0.0,0.0,0.0,0.0,0.0,0.0,0.0,0.0,0.0,0.0,0.0
14,14,70.62942978516638,79.86430483255994,69.01166729313185,80.93817907415097,0.0,67.1584585997773,0.0,0.0,0.0,0.0,0.0,0.0,0.0,0.0,0.0,0.0,0.0,0.0
15,15,71.19754573079317,79.08721323565038,68.50073601128214,80.75519963341834,0.0,67.18705777196826,0.0,0.0,0.0,0.0,0.0,0.0,0.0,0.0,0.0,0.0,0.0,0.0
16,16,71.77721326140124,80.44812554821009,69.3896120564873,79.40177038101929,0.0,66.48610781362082,0.0,0.0,0.0,0.0,0.0,0.0,0.0,0.0,0.0,0.0,0.0,0.0
17,17,69.92688389349753,78.18981692175612,69.31409613630407,80.63306060323879,0.0,67.5191171992147,64.53194145706281,0.0,0.0,0.0,0.0,0.0,0.0,0.0,0.0,0.0,0.0,0.0
18,18,71.46076695737433,80.05062407323955,67.3192922084249,79.16304116116973,0.0,68.08203961267209,65.11746960315837,0.0,0.0,0.0,0.0,0.0,0.0,0.0,0.0,0.0,0.0,0.0
19,19,70.24675760811218,80.04293578195008,68.17504602691896,82.08667768579379,0.0,67.92617692666799,64.54056873358144,0.0,0.0,0.0,0.0,0.0,0.0,0.0,0.0,0.0,0.0,0.0
20,20,67.99557154545505,82.61600478180976,67.301592715609,80.34882875929664,0.0,68.83086480413544,65.27084769593606,0.0,0.0,0.0,0.0,0.0,0.0,0.0,0.0,0.0,0.0,0.0
21,21,69.81492792280461,81.71216523451153,66.89643868611455,80.24769979889102,0.0,67.82201532657487,65.8893985395784,0.0,0.0,0.0,0.0,0.0,0.0,0.0,0.0,0.0,0.0,0.0
22,22,67.72679073460995,79.77117890562438,66.12535410779749,81.18194694366974,0.0,67.95515315896992,64.60078945136267,0.0,0.0,0.0,0.0,0.0,0.0,0.0,0.0,0.0,0.0,0.0
23,23,68.09306130869571,81.83790961142653,66.60745388438416,81.40022142941463,0.0,70.41375004968013,65.26408185793701,0.0,0.0,0.0,0.0,0.0,0.0,0.0,0.0,0.0,0.0,0.0
24,24,67.75739327874199,81.99546301597744,65.01225022877856,80.22361811757848,0.0,67.97244730974946,67.35218089413046,0.0,0.0,0.0,0.0,0.0,0.0,0.0,0.0,0.0,0.0,0.0
25,25,67.76123421151813,82.44975291416863,66.92855588203135,80.51966981667321,0.0,68.22086966933628,64.03257239464247,0.0,0.0,0.0,0.0,0.0,0.0,0.0,0.0,0.0,0.0,0.0
26,26,66.29656311770137,81.693571927882,65.01649217801182,80.47010162365204,0.0,68.22465702670003,63.383109834146886,0.0,0.0,0.0,0.0,0.0,0.0,0.0,0.0,0.0,0.0,0.0
27,27,66.66241995794624,82.99018284856533,64.41593372841037,82.18804747106441,0.0,70.45390099367266,65.83776465965025,0.0,0.0,0.0,0.0,0.0,0.0,0.0,0.0,0.0,0.0,0.0
28,28,68.0481177105396,82.26073597559994,0.0,81.02336228559305,0.0,72.21174361621925,64.98014716147307,0.0,0.0,0.0,0.0,0.0,0.0,0.0,0.0,0.0,0.0,0.0
29,29,65.20492157228146,82.26418738203388,0.0,80.39898852531137,0.0,70.9422245441711,0.0,0.0,0.0,0.0,0.0,0.0,0.0,0.0,0.0,0.0,0.0,0.0
30,30,64.81011154421121,82.39808006271042,0.0,81.53890202305313,0.0,71.40419068391631,0.0,0.0,0.0,0.0,0.0,0.0,0.0,0.0,0.0,0.0,0.0,0.0
31,31,67.79706409231525,82.1593990090247,0.0,81.56434155419024,0.0,70.40475149471776,0.0,0.0,0.0,0.0,0.0,0.0,0.0,0.0,0.0,0.0,0.0,0.0
32,32,64.73535985897624,83.7362213918364,0.0,82.76264664633366,0.0,70.8165442199901,0.0,0.0,0.0,0.0,0.0,0.0,0.0,0.0,0.0,0.0,0.0,0.0
33,33,65.56320639770236,82.79648977514874,0.0,81.59414039842024,0.0,69.6980319367807,0.0,0.0,0.0,0.0,0.0,0.0,0.0,0.0,0.0,0.0,0.0,0.0
34,34,0.0,84.57457154732509,0.0,82.16403857101567,0.0,71.13787273476754,0.0,0.0,0.0,0.0,0.0,0.0,0.0,0.0,0.0,0.0,0.0,0.0
35,35,0.0,84.24881731576701,0.0,83.15498261799462,0.0,70.00351790171985,0.0,0.0,0.0,0.0,0.0,0.0,0.0,0.0,0.0,0.0,0.0,0.0
36,36,0.0,83.26724121510519,0.0,81.30290920277167,0.0,71.16350071043887,0.0,0.0,0.0,0.0,0.0,0.0,0.0,0.0,0.0,0.0,0.0,0.0
37,37,0.0,82.05203999377511,0.0,83.51296899309148,0.0,71.39060115444096,0.0,0.0,0.0,0.0,0.0,0.0,0.0,0.0,0.0,0.0,0.0,0.0
38,38,0.0,82.9188094446099,0.0,80.38000202318985,0.0,72.18822005781809,0.0,0.0,0.0,0.0,0.0,0.0,0.0,0.0,0.0,0.0,0.0,0.0
39,39,0.0,83.81914900709558,0.0,79.57498435849047,0.0,73.96669666722225,0.0,0.0,0.0,0.0,0.0,0.0,0.0,0.0,0.0,0.0,0.0,0.0
40,40,0.0,83.84115689011477,0.0,81.86105262383026,0.0,72.30746678194613,0.0,0.0,0.0,0.0,0.0,0.0,0.0,0.0,0.0,0.0,0.0,0.0
41,41,0.0,82.21197943308732,0.0,81.08651959807793,0.0,70.04771525772803,0.0,0.0,0.0,0.0,0.0,0.0,0.0,0.0,0.0,0.0,0.0,0.0
42,42,0.0,84.26531842603374,0.0,80.42400672030269,0.0,72.62260402831667,0.0,0.0,0.0,0.0,0.0,0.0,0.0,0.0,0.0,0.0,0.0,0.0
43,43,0.0,83.10637532624119,0.0,80.71915315599138,0.0,73.31506323848286,0.0,0.0,0.0,0.0,0.0,0.0,0.0,0.0,0.0,0.0,0.0,0.0
44,44,0.0,83.5070331929581,0.0,79.7844729113072,0.0,72.4063075144287,0.0,0.0,0.0,0.0,0.0,0.0,0.0,0.0,0.0,0.0,0.0,0.0
45,45,0.0,84.9128473403807,0.0,80.57391727290646,0.0,72.89755696932772,0.0,0.0,0.0,0.0,0.0,0.0,0.0,0.0,0.0,0.0,0.0,0.0
46,46,0.0,83.26482258907728,0.0,79.4280474514383,0.0,71.74023943918448,0.0,0.0,0.0,0.0,0.0,0.0,0.0,0.0,0.0,0.0,0.0,0.0
47,47,0.0,84.23450683215967,0.0,79.29152668252662,0.0,72.64219017144674,0.0,0.0,0.0,0.0,0.0,0.0,0.0,0.0,0.0,0.0,0.0,0.0
48,48,0.0,86.25652053784985,0.0,81.23190863812091,0.0,73.13536045614097,0.0,0.0,0.0,0.0,0.0,0.0,0.0,0.0,0.0,0.0,0.0,0.0
49,49,0.0,84.16207655756621,0.0,81.08553254695022,0.0,71.66246487992449,0.0,0.0,0.0,0.0,0.0,0.0,0.0,0.0,0.0,0.0,0.0,0.0
50,50,0.0,84.75680834907834,0.0,79.73228277817815,0.0,75.22636251970025,0.0,0.0,0.0,0.0,0.0,0.0,0.0,0.0,0.0,0.0,0.0,0.0
51,51,0.0,85.1497812906191,0.0,81.01630764863643,0.0,73.51899403597828,0.0,0.0,0.0,0.0,0.0,0.0,0.0,0.0,0.0,0.0,0.0,0.0
52,52,0.0,84.23042500619556,0.0,79.28025287124753,0.0,72.12783815446909,0.0,0.0,0.0,0.0,0.0,0.0,0.0,0.0,0.0,0.0,0.0,0.0
53,53,0.0,84.20031063381273,0.0,80.87963711259205,0.0,72.87066514829769,0.0,0.0,0.0,0.0,0.0,0.0,0.0,0.0,0.0,0.0,0.0,0.0
54,54,0.0,84.03639037874943,0.0,78.16482783934656,0.0,74.63851120078195,0.0,0.0,0.0,0.0,0.0,0.0,0.0,0.0,0.0,0.0,0.0,0.0
55,55,0.0,84.82481293597594,0.0,79.01886357754191,0.0,73.18716393433357,0.0,63.68347670010573,0.0,0.0,0.0,0.0,0.0,0.0,0.0,0.0,0.0,0.0
56,56,0.0,84.25666741579742,0.0,78.2916823600976,0.0,75.13855285297134,0.0,65.62354979369412,0.0,0.0,0.0,0.0,0.0,0.0,0.0,0.0,0.0,0.0
57,57,0.0,83.75573432400384,0.0,79.16362718777586,0.0,74.80966465361816,0.0,65.85846341974356,0.0,0.0,0.0,0.0,0.0,0.0,0.0,0.0,0.0,0.0
58,58,0.0,84.00035324195835,0.0,78.24610784326053,0.0,73.88503972276487,0.0,66.13878480015725,0.0,0.0,0.0,0.0,0.0,0.0,0.0,0.0,0.0,0.0
59,59,0.0,82.53293104932288,0.0,78.37103882675765,0.0,73.4647317536876,0.0,66.48098513479668,0.0,0.0,0.0,0.0,0.0,0.0,0.0,0.0,0.0,0.0
60,60,0.0,81.95723979949274,0.0,78.14649260731625,0.0,72.87968075250986,0.0,66.67603580858314,0.0,0.0,0.0,0.0,0.0,0.0,0.0,0.0,0.0,0.0
61,61,0.0,84.40151064562173,0.0,77.24578734287537,0.0,73.89502087451797,0.0,68.75724825417113,0.0,0.0,0.0,0.0,0.0,0.0,0.0,0.0,0.0,0.0
62,62,0.0,85.51423334024813,0.0,77.60709723194708,0.0,73.49553979968822,0.0,65.51910749596532,0.0,0.0,0.0,0.0,0.0,0.0,0.0,0.0,0.0,0.0
63,63,0.0,82.30739186923246,0.0,78.57639421509859,0.0,71.64249928640908,0.0,68.27966756914937,0.0,0.0,0.0,0.0,0.0,0.0,0.0,0.0,0.0,0.0
64,64,0.0,83.89564884373499,0.0,77.42140255892866,0.0,73.4793253731322,0.0,68.74442927852118,0.0,0.0,0.0,0.0,0.0,0.0,0.0,0.0,0.0,0.0
65,65,0.0,83.85177595397518,0.0,75.51394929682631,0.0,72.522461477693,0.0,69.5000809537325,0.0,0.0,0.0,0.0,0.0,0.0,0.0,0.0,0.0,0.0
66,66,0.0,81.66065546487005,0.0,76.4429963453196,0.0,74.28502452449614,0.0,67.83445175001123,66.36778481549223,0.0,0.0,0.0,0.0,0.0,0.0,0.0,0.0,0.0
67,67,0.0,82.52289851606845,0.0,76.63693143685715,0.0,72.09180416456196,0.0,69.78224693057399,63.697979453169864,0.0,0.0,0.0,0.0,0.0,0.0,0.0,0.0,0.0
68,68,0.0,83.4032526378709,0.0,74.22626214953013,0.0,73.65265967782427,0.0,70.29016496380407,65.94905466127776,0.0,0.0,0.0,0.0,0.0,0.0,0.0,0.0,0.0
69,69,0.0,83.0124444454379,0.0,76.60202759544397,0.0,72.3800836931798,0.0,71.21620409585597,65.05698268828839,0.0,0.0,0.0,0.0,0.0,0.0,0.0,0.0,0.0
70,70,0.0,82.82355862679746,0.0,75.19354831686465,0.0,72.67834312831079,0.0,72.67693859112245,66.05909391404755,0.0,0.0,0.0,0.0,0.0,0.0,0.0,0.0,0.0
71,71,0.0,81.5598753946944,0.0,73.66446289274312,0.0,72.43184396232463,0.0,71.77712428619978,65.20697444071722,0.0,0.0,0.0,0.0,0.0,0.0,0.0,0.0,0.0
72,72,0.0,82.94677018656536,0.0,74.43003391547083,0.0,72.91410252955713,0.0,72.51507164934384,65.79505452077498,0.0,0.0,0.0,0.0,0.0,0.0,0.0,0.0,0.0
73,73,0.0,80.67799473140316,0.0,75.09242202015412,0.0,73.50821467033452,0.0,71.42933010951357,67.00519706491366,64.31320996807088,0.0,0.0,0.0,0.0,0.0,0.0,0.0,0.0
74,74,0.0,80.36761531737167,0.0,73.97806897196081,0.0,73.45522499850962,0.0,72.78916194705654,68.77920351674797,66.56055381610939,0.0,0.0,0.0,0.0,0.0,0.0,0.0,0.0
75,75,0.0,81.29751437375337,0.0,75.16800082711028,0.0,75.53860164512683,0.0,72.4672017897111,65.40781531239386,65.64629458636821,0.0,0.0,0.0,0.0,0.0,0.0,0.0,0.0
76,76,0.0,79.56038186479529,0.0,73.39207785824632,0.0,72.3652375842872,0.0,72.00328237456469,69.07419316907627,66.14973325937909,0.0,0.0,0.0,0.0,0.0,0.0,0.0,0.0
77,77,0.0,78.41892164371659,0.0,72.84283222469564,0.0,71.51498501705655,0.0,73.86976247200705,66.36812780084782,67.46766561241088,0.0,0.0,0.0,0.0,0.0,0.0,0.0,0.0
78,78,0.0,78.4326144540198,0.0,72.39376211449263,0.0,72.80733847581769,0.0,72.97066515601236,66.0953773091991,68.21726281140913,0.0,0.0,0.0,0.0,0.0,0.0,0.0,0.0
79,79,0.0,80.54910415681212,0.0,72.72750879243661,0.0,71.73593171434973,0.0,73.53956244387172,69.06458658479427,65.5874629200434,0.0,0.0,0.0,0.0,0.0,0.0,0.0,0.0
80,80,0.0,81.21471406016481,0.0,72.86729935938737,0.0,72.202859876811,0.0,72.34065864424065,68.00640608627342,68.02954841877416,0.0,0.0,0.0,0.0,0.0,0.0,0.0,0.0
81,81,0.0,78.59860782643518,0.0,72.50653829693216,0.0,71.42042677341945,0.0,76.03097189397542,67.91682335179709,67.7008484432119,0.0,0.0,0.0,0.0,0.0,0.0,0.0,0.0
82,82,0.0,78.93375215752688,0.0,71.41567484772273,0.0,71.7386070796546,0.0,73.84047523086609,69.03408245778144,68.04931092810703,0.0,0.0,0.0,0.0,0.0,0.0,0.0,0.0
83,83,0.0,76.88112834031789,0.0,71.53691977556619,0.0,71.66770502346944,0.0,75.02701200578949,68.31721292339789,70.27711125200508,0.0,0.0,0.0,0.0,0.0,0.0,0.0,0.0
84,84,0.0,79.40774168812665,0.0,69.39474454594982,0.0,72.48806525765359,0.0,77.28331527773837,67.78394700774719,69.63123573310412,0.0,0.0,0.0,0.0,0.0,0.0,0.0,0.0
85,85,0.0,77.74953117775544,0.0,73.31714868365493,0.0,72.56693580941419,0.0,75.06515006542057,70.25529650747752,70.23111007648993,0.0,0.0,0.0,0.0,0.0,0.0,0.0,0.0
86,86,0.0,76.35490233200352,0.0,71.69798351560208,0.0,71.1433085423732,0.0,74.09941266427224,70.06972076150153,70.30830664419439,0.0,0.0,0.0,0.0,0.0,0.0,0.0,0.0
87,87,0.0,76.06825810380148,0.0,69.9163742926304,0.0,71.41978254157397,0.0,75.92005194952532,69.92940332071288,71.25628180767343,0.0,0.0,0.0,0.0,0.0,0.0,0.0,0.0
88,88,0.0,79.2134186325671,0.0,69.32839702954183,0.0,72.85883710222512,0.0,77.37242082479823,71.64250995177323,71.30980379232587,0.0,0.0,0.0,0.0,0.0,0.0,0.0,0.0
89,89,0.0,76.34292078883927,0.0,69.07008621131065,0.0,70.93336272145659,0.0,76.19730245910733,69.94732832061209,70.14551983417383,0.0,0.0,0.0,0.0,0.0,0.0,0.0,0.0
90,90,0.0,77.98499182917246,0.0,68.08792806489201,0.0,71.17343667268021,0.0,78.38029273224032,69.68508535373634,69.727241118795,0.0,0.0,0.0,0.0,0.0,0.0,0.0,0.0
91,91,0.0,76.79872770368101,0.0,70.1207509470783,0.0,69.78696162101694,0.0,77.86968996531127,69.16809747692517,71.87914705787094,0.0,0.0,0.0,0.0,0.0,0.0,0.0,0.0
92,92,0.0,74.96275707587387,0.0,68.69403815803058,0.0,69.63120021692633,0.0,76.98604565830763,70.52526200565961,70.8634079955361,0.0,0.0,0.0,0.0,0.0,0.0,0.0,0.0
93,93,0.0,78.01217150385412,0.0,66.21139444967133,0.0,71.83982309389783,0.0,78.71141307716552,70.6754578321415,72.15674955480559,0.0,0.0,0.0,0.0,0.0,0.0,0.0,0.0
94,94,0.0,75.53229556818619,0.0,69.21029833715673,0.0,71.99363916347826,0.0,78.5288580648248,72.16246726833774,70.78767221032597,0.0,0.0,0.0,0.0,0.0,0.0,0.0,0.0
95,95,0.0,74.74484666291555,0.0,67.81318754142292,0.0,71.42331593348356,0.0,78.42216240738117,69.67198261956767,73.32590545307845,0.0,0.0,0.0,0.0,0.0,0.0,0.0,0.0
96,96,0.0,75.23365863527474,0.0,67.10267956413114,0.0,68.64708875629492,0.0,78.43387475399794,70.45783366273214,73.31086525973335,0.0,0.0,0.0,0.0,0.0,0.0,0.0,0.0
97,97,0.0,72.6601673092253,0.0,69.28171956505194,0.0,70.21605636605483,0.0,79.58663111303935,70.58289620013548,75.23132360258435,0.0,0.0,0.0,0.0,0.0,0.0,0.0,0.0
98,98,0.0,75.46665775128692,0.0,67.12943888544275,0.0,68.93517258084337,0.0,78.89602246020847,70.76141910386148,75.74997472933526,0.0,0.0,0.0,0.0,0.0,0.0,0.0,0.0
99,99,0.0,74.76019623813698,0.0,64.94485234360765,0.0,70.46158215242876,0.0,79.83038463069934,71.2805104127233,73.42020531578454,0.0,0.0,0.0,0.0,0.0,0.0,0.0,0.0
100,100,0.0,72.45710483188913,0.0,67.2080907265775,0.0,67.84481183328403,0.0,78.77342351787715,69.89943117139353,74.12057531787951,0.0,0.0,0.0,0.0,0.0,0.0,0.0,0.0
101,101,0.0,73.33817601033525,0.0,66.41880549263426,0.0,67.03433492149627,0.0,79.85547990106093,70.55637642848778,74.19529089735495,0.0,0.0,0.0,0.0,0.0,0.0,0.0,0.0
102,102,0.0,71.38731196210071,0.0,65.37498878684983,0.0,68.76494709222953,0.0,80.82919170037849,70.54286338241266,75.53215277603462,0.0,0.0,0.0,0.0,0.0,0.0,0.0,0.0
103,103,0.0,71.32377229319171,0.0,0.0,0.0,68.37646947676089,0.0,79.53298261826001,71.80276093722424,75.75040289157087,0.0,0.0,0.0,0.0,0.0,0.0,0.0,0.0
104,104,0.0,71.55526260109072,0.0,0.0,0.0,67.805558851006,0.0,82.66959046743136,73.3970393282027,75.66046761718083,0.0,0.0,0.0,0.0,0.0,0.0,0.0,0.0
105,105,0.0,70.82210424474268,0.0,0.0,0.0,67.79171047204721,0.0,81.53173645575895,71.92718124034505,75.23582140604013,0.0,0.0,0.0,0.0,0.0,0.0,0.0,0.0
106,106,0.0,71.40218142770082,0.0,0.0,0.0,67.33860847761649,0.0,82.18534158257522,72.22490396837773,73.35741205374381,0.0,0.0,0.0,0.0,0.0,0.0,0.0,0.0
107,107,0.0,70.679245253283,0.0,0.0,0.0,67.82566253340545,0.0,82.05601054644647,71.02794323557328,74.23890242791002,0.0,0.0,0.0,0.0,0.0,0.0,0.0,0.0
108,108,0.0,70.96452788131482,0.0,0.0,0.0,65.22772068725233,0.0,80.94704068512279,72.77459866394526,75.45486254287843,0.0,0.0,0.0,0.0,0.0,0.0,0.0,0.0
109,109,0.0,71.02432783242494,0.0,0.0,0.0,67.93888407004548,0.0,82.16504638341468,71.21115699266277,76.61585267553556,0.0,0.0,0.0,0.0,0.0,0.0,0.0,0.0
110,110,0.0,68.18929127632649,0.0,0.0,0.0,67.53779629628092,0.0,81.67625240665484,71.49510823513707,76.93819919658985,0.0,0.0,0.0,0.0,0.0,0.0,0.0,0.0
111,111,0.0,68.08308547655194,0.0,0.0,0.0,66.31176734644488,0.0,81.3390089233358,73.19082259366608,77.17135908817431,0.0,0.0,0.0,0.0,0.0,0.0,0.0,0.0
112,112,0.0,68.52904341215226,0.0,0.0,0.0,67.04273998201361,0.0,83.16697314097092,72.32780427926349,76.72813203750533,0.0,0.0,0.0,0.0,0.0,0.0,0.0,0.0
113,113,0.0,69.47400853075028,0.0,0.0,0.0,66.21346014469299,0.0,81.42319243238256,72.7042284609889,77.58603269492454,0.0,0.0,0.0,0.0,0.0,0.0,0.0,0.0
114,114,0.0,67.71088672451447,0.0,0.0,0.0,67.85558564250479,0.0,82.95329552980392,70.34509601306564,77.08900232716779,0.0,0.0,0.0,0.0,0.0,0.0,0.0,0.0
115,115,0.0,69.08681220014898,0.0,0.0,0.0,65.35379904258147,0.0,83.58746495608538,73.20180897744602,78.9354353978141,0.0,0.0,0.0,0.0,0.0,0.0,0.0,0.0
116,116,0.0,68.1284244707808,0.0,0.0,0.0,0.0,0.0,82.12426997432047,71.34700713381437,78.33594428603325,0.0,0.0,0.0,0.0,0.0,0.0,0.0,0.0
117,117,0.0,67.94449916679406,0.0,0.0,0.0,0.0,0.0,82.22112518470169,71.5976380911466,78.37003513199959,0.0,0.0,0.0,0.0,0.0,0.0,0.0,0.0
118,118,0.0,65.05001266937795,0.0,0.0,0.0,0.0,0.0,84.14830319908285,72.67229234756967,78.53757554911748,0.0,0.0,0.0,0.0,0.0,0.0,0.0,0.0
119,119,0.0,65.45354704382103,0.0,0.0,0.0,0.0,0.0,82.57312597367996,71.74668171171814,79.41938136291684,0.0,0.0,0.0,0.0,0.0,0.0,0.0,0.0
120,120,0.0,66.39216128435693,0.0,0.0,0.0,0.0,0.0,83.33999824108368,70.08984272750673,79.3325454283927,0.0,0.0,0.0,0.0,0.0,0.0,0.0,0.0
121,121,0.0,65.72318676197801,0.0,0.0,0.0,0.0,0.0,84.18346833457159,70.77398751600802,79.05206816936145,0.0,0.0,0.0,0.0,0.0,0.0,0.0,0.0
122,122,0.0,66.32864610777645,0.0,0.0,0.0,0.0,0.0,84.13290635870442,73.60346407996715,81.08797969413554,0.0,0.0,0.0,0.0,0.0,0.0,0.0,0.0
123,123,0.0,0.0,0.0,0.0,0.0,0.0,0.0,82.1771881540989,71.94939133533683,77.9136547474726,0.0,0.0,0.0,0.0,0.0,0.0,0.0,0.0
124,124,0.0,0.0,0.0,0.0,0.0,0.0,0.0,84.03148590089013,71.88799333928392,79.7995348997648,0.0,0.0,0.0,0.0,0.0,0.0,0.0,0.0
125,125,0.0,0.0,0.0,0.0,0.0,0.0,0.0,85.25835258123664,72.31475381186046,82.58031997277266,0.0,0.0,0.0,0.0,0.0,0.0,0.0,0.0
126,126,0.0,0.0,0.0,0.0,0.0,0.0,0.0,84.57992429353799,72.14156856091041,81.13301647543497,0.0,0.0,0.0,0.0,0.0,0.0,0.0,0.0
127,127,0.0,0.0,0.0,0.0,0.0,0.0,0.0,83.69167610305479,71.11902292903459,81.23905787122152,0.0,0.0,0.0,0.0,0.0,0.0,0.0,0.0
128,128,0.0,0.0,0.0,0.0,0.0,0.0,0.0,84.65172147441766,74.01819739079711,82.25746896034534,0.0,0.0,0.0,0.0,0.0,0.0,0.0,0.0
129,129,0.0,0.0,0.0,0.0,0.0,0.0,0.0,83.26815532529506,70.74866112349818,80.40185947754907,0.0,0.0,0.0,0.0,0.0,0.0,0.0,0.0
130,130,0.0,0.0,0.0,0.0,0.0,0.0,0.0,83.32621232397504,71.61833421691244,80.21436477914439,64.84801021760792,0.0,0.0,0.0,0.0,0.0,0.0,0.0
131,131,0.0,0.0,0.0,0.0,0.0,0.0,0.0,85.75040088598823,70.60618088541712,81.38327485723234,66.15660549489299,0.0,0.0,0.0,0.0,0.0,0.0,0.0
132,132,0.0,0.0,0.0,0.0,0.0,0.0,0.0,84.58505205734133,69.23453655768934,82.20005320742014,65.46236310587527,0.0,0.0,0.0,0.0,0.0,0.0,0.0
133,133,0.0,0.0,0.0,0.0,0.0,0.0,0.0,84.6839181564921,70.50589289123373,80.61716097489865,65.95047896670441,0.0,0.0,0.0,0.0,0.0,0.0,0.0
134,134,0.0,0.0,0.0,0.0,0.0,0.0,0.0,83.21154606207239,70.45610109020174,80.6201878016521,63.95013851984671,0.0,0.0,0.0,0.0,0.0,0.0,0.0
135,135,0.0,0.0,0.0,0.0,0.0,0.0,0.0,82.71980165969796,69.80324563068591,81.01642436764476,64.59136806841383,0.0,0.0,0.0,0.0,0.0,0.0,0.0
136,136,0.0,0.0,0.0,0.0,0.0,0.0,0.0,84.55359201368579,70.77101138251535,81.5383397557672,65.1424560291884,0.0,0.0,0.0,0.0,0.0,0.0,0.0
137,137,0.0,0.0,0.0,0.0,0.0,0.0,0.0,85.25540052075047,70.45763863478012,83.12959808424482,65.97444384108292,0.0,0.0,0.0,0.0,0.0,0.0,0.0
138,138,0.0,0.0,0.0,0.0,0.0,0.0,0.0,83.40745171220924,69.91692419061212,82.07181836224387,66.01090214889966,0.0,0.0,0.0,0.0,0.0,0.0,0.0
139,139,0.0,0.0,0.0,0.0,0.0,0.0,0.0,84.51878177411673,70.8017621555518,81.46046931393946,64.88491526238124,0.0,0.0,0.0,0.0,0.0,0.0,0.0
140,140,0.0,0.0,0.0,0.0,0.0,0.0,0.0,83.50815058595776,69.3624541440437,83.47796919748697,64.9880630379714,0.0,0.0,0.0,0.0,0.0,0.0,0.0
141,141,0.0,0.0,0.0,0.0,0.0,0.0,0.0,82.2009988882772,70.19631415499816,82.48825636811782,65.8287233405932,0.0,0.0,0.0,0.0,0.0,0.0,0.0
142,142,0.0,0.0,0.0,0.0,0.0,0.0,0.0,83.5980907154566,68.6781365864391,82.44931710204845,64.72380452673423,0.0,0.0,0.0,0.0,0.0,0.0,0.0
143,143,0.0,0.0,0.0,0.0,0.0,0.0,0.0,83.3474126396968,69.3287425751034,81.5476910874583,65.79633825917118,0.0,0.0,0.0,0.0,0.0,0.0,0.0
144,144,0.0,0.0,0.0,0.0,0.0,0.0,0.0,83.03839703128088,69.01029982009793,82.76446273238012,65.92688374010288,0.0,0.0,0.0,0.0,0.0,0.0,0.0
145,145,0.0,0.0,0.0,0.0,0.0,0.0,0.0,81.43237979222846,69.22163841190965,83.79039870474045,67.74824186184827,0.0,0.0,0.0,0.0,0.0,0.0,0.0
146,146,0.0,0.0,0.0,0.0,0.0,0.0,0.0,80.32220272568317,68.02297894598532,83.257095347542,67.24108861110253,65.79290393082542,0.0,0.0,0.0,0.0,0.0,0.0
147,147,0.0,0.0,0.0,0.0,0.0,0.0,0.0,81.71285775825766,68.39176946961116,80.830302216884,65.52028657467405,65.56276267814063,0.0,0.0,0.0,0.0,0.0,0.0
148,148,0.0,0.0,0.0,0.0,0.0,0.0,0.0,82.35429208185815,69.83668435135733,82.04671760925986,64.8207247795964,64.25282683733529,0.0,0.0,0.0,0.0,0.0,0.0
149,149,0.0,0.0,0.0,0.0,0.0,0.0,0.0,81.90450514403418,67.64243361589699,81.75556112014904,65.31144565916554,65.67412997869668,0.0,0.0,0.0,0.0,0.0,0.0
150,150,0.0,0.0,0.0,0.0,0.0,0.0,0.0,82.93141906022107,70.68172975193393,80.54236316019559,67.38095509488683,65.39412064989486,65.06932918759954,0.0,0.0,0.0,0.0,0.0
151,151,0.0,0.0,0.0,0.0,0.0,0.0,0.0,80.89553121890751,67.3810106078825,84.37953008249136,66.4971651795416,67.78319466944845,64.2956087311095,0.0,0.0,0.0,0.0,0.0
152,152,0.0,0.0,0.0,0.0,0.0,0.0,0.0,81.92305837411826,68.21585273808684,81.89175758286707,67.29345797622855,66.07042712091982,66.23400101853294,0.0,0.0,0.0,0.0,0.0
153,153,0.0,0.0,0.0,0.0,0.0,0.0,0.0,80.70084283846772,68.26770111813619,82.25764265965377,66.71872704168763,69.01954831477332,66.46310089503795,0.0,0.0,0.0,0.0,0.0
154,154,0.0,0.0,0.0,0.0,0.0,0.0,0.0,81.59889804490709,67.15917531049789,81.96522663585363,67.38637359667578,66.92949614715437,66.92590170893214,0.0,0.0,0.0,0.0,0.0
155,155,0.0,0.0,0.0,0.0,0.0,0.0,0.0,80.19222832155604,68.32062417345615,82.19528149824258,66.71957865182743,67.99785913482287,66.05165340945845,0.0,0.0,0.0,0.0,0.0
156,156,0.0,0.0,0.0,0.0,0.0,0.0,0.0,79.96669215481137,67.817457576926,79.61922500990669,67.43182969012932,67.73388075078152,68.6911454669278,0.0,0.0,0.0,0.0,0.0
157,157,0.0,0.0,0.0,0.0,0.0,0.0,0.0,79.43780315019544,66.11318839904665,82.45017270736456,66.71383836598508,69.31336961232248,66.85435011187798,0.0,0.0,0.0,0.0,0.0
158,158,0.0,0.0,0.0,0.0,0.0,0.0,0.0,79.13983110819336,65.83252412310128,82.23491104405012,64.73630920997033,69.26575754479295,67.31419824683739,0.0,0.0,0.0,0.0,0.0
159,159,0.0,0.0,0.0,0.0,0.0,0.0,0.0,80.65503002777032,67.10346452013304,79.36056515147602,66.1659332842596,68.53625508153935,70.23528654049204,0.0,0.0,0.0,0.0,0.0
160,160,0.0,0.0,0.0,0.0,0.0,0.0,0.0,77.7095646918372,66.49634483010655,78.76081917693027,65.93774740221306,69.45277616610771,69.58202014699575,0.0,0.0,0.0,0.0,0.0
161,161,0.0,0.0,0.0,0.0,0.0,0.0,0.0,78.55527543400402,66.50351046929333,80.84562006030583,64.72920242057438,68.86730433923225,69.05219408153253,0.0,0.0,0.0,0.0,0.0
162,162,0.0,0.0,0.0,0.0,0.0,0.0,0.0,78.93588472191584,65.80060281608532,80.23179422496936,67.67435452327013,70.82208365191485,70.29791600591881,0.0,0.0,0.0,0.0,0.0
163,163,0.0,0.0,0.0,0.0,0.0,0.0,0.0,77.85876256703233,65.84914465143883,81.2014455461538,66.19583433759455,67.97754400895738,69.18639545454984,0.0,0.0,0.0,0.0,0.0
164,164,0.0,0.0,0.0,0.0,0.0,0.0,0.0,79.26072617781324,65.07257534452583,77.8341715052062,66.79611898647762,70.79595637572716,70.37774770827002,0.0,0.0,0.0,0.0,0.0
165,165,0.0,0.0,0.0,0.0,0.0,0.0,0.0,77.21496187715579,66.31292864718709,78.87311125428675,68.55997330336083,69.07961912397872,72.63120950289617,0.0,0.0,0.0,0.0,0.0
166,166,0.0,0.0,0.0,0.0,0.0,0.0,0.0,78.4619740765225,0.0,81.26178917940923,66.1440857106173,70.020771275171,72.35626263220705,0.0,0.0,0.0,0.0,0.0
167,167,0.0,0.0,0.0,0.0,0.0,0.0,0.0,76.4589302047646,0.0,78.63120999056764,66.84863978458866,69.64083969620982,71.33793506696205,0.0,0.0,0.0,0.0,0.0
168,168,0.0,0.0,0.0,0.0,0.0,0.0,0.0,76.97446204204921,0.0,78.82531298715939,68.09191296342756,72.00270321127388,72.82803795997611,0.0,0.0,0.0,0.0,0.0
169,169,0.0,0.0,0.0,0.0,0.0,0.0,0.0,74.22219547962806,0.0,77.50458953564704,66.1667900936998,71.26741609664234,71.99998341208274,0.0,0.0,0.0,0.0,0.0
170,170,0.0,0.0,0.0,0.0,0.0,0.0,0.0,75.74926799094692,0.0,79.17748737937974,66.71824313840851,72.34374662302288,71.5594817163294,0.0,0.0,0.0,0.0,0.0
171,171,0.0,0.0,0.0,0.0,0.0,0.0,0.0,75.35229084851584,0.0,78.70757209131482,65.81104477350513,72.67921414532178,72.9073163983436,0.0,0.0,0.0,0.0,0.0
172,172,0.0,0.0,0.0,0.0,0.0,0.0,0.0,73.0373703897566,0.0,80.49379600244345,66.47757942501563,71.98496031325296,73.57280208373021,0.0,0.0,0.0,0.0,0.0
173,173,0.0,0.0,0.0,0.0,0.0,0.0,0.0,73.88415505335306,0.0,79.31179291450937,65.51630418868957,73.55251331778462,73.71591123268277,0.0,0.0,0.0,0.0,0.0
174,174,0.0,0.0,0.0,0.0,0.0,0.0,0.0,75.37550989898591,0.0,79.23659419390289,65.4082285635173,72.99163470445264,76.38903928150647,0.0,0.0,0.0,0.0,0.0
175,175,0.0,0.0,0.0,0.0,0.0,0.0,0.0,74.65069744106661,0.0,77.00545236364785,67.85700023301256,72.34927514857245,74.91957725471215,65.28378111891048,0.0,0.0,0.0,0.0
176,176,0.0,0.0,0.0,0.0,0.0,0.0,0.0,74.59775167765544,0.0,76.41439820043915,65.30461102658985,73.65661763645794,75.49673997860214,64.4702332738937,0.0,0.0,0.0,0.0
177,177,0.0,0.0,0.0,0.0,0.0,0.0,0.0,73.57722480066703,0.0,77.08747264975088,63.21338812436477,75.47064375194432,73.9526640980191,66.35818856221405,0.0,0.0,0.0,0.0
178,178,0.0,0.0,0.0,0.0,0.0,0.0,0.0,72.51952837486982,0.0,75.9055952183169,64.17872857823494,74.22422564831527,76.54591273948108,66.71281374827552,0.0,0.0,0.0,0.0
179,179,0.0,0.0,0.0,0.0,0.0,0.0,0.0,71.68882091420885,0.0,77.17514285820069,66.8377720748349,75.49309783745029,74.26353226027875,66.21133833426246,0.0,0.0,0.0,0.0
180,180,0.0,0.0,0.0,0.0,0.0,0.0,0.0,72.68139522250678,0.0,76.78291948704583,0.0,74.51988674456051,75.90734909805698,65.38475198458447,0.0,0.0,0.0,0.0
181,181,0.0,0.0,0.0,0.0,0.0,0.0,0.0,73.16923311090657,0.0,74.38721579376741,0.0,74.61272147657779,77.02848158492361,67.34394282927755,0.0,0.0,0.0,0.0
182,182,0.0,0.0,0.0,0.0,0.0,0.0,0.0,70.513844647296,0.0,76.78478268324257,0.0,75.00465465070135,78.46297135817241,67.09313759538344,0.0,0.0,0.0,0.0
183,183,0.0,0.0,0.0,0.0,0.0,0.0,0.0,71.71668274090474,0.0,75.35017390222028,0.0,75.0539585133946,78.64339078250835,67.7524591172989,0.0,0.0,0.0,0.0
184,184,0.0,0.0,0.0,0.0,0.0,0.0,0.0,70.35001333225196,0.0,75.46345638477553,0.0,74.39147611920957,77.38070545649879,67.33554095539769,0.0,0.0,0.0,0.0
185,185,0.0,0.0,0.0,0.0,0.0,0.0,0.0,73.5015198979865,0.0,76.42924085357976,0.0,76.2784590842017,77.64536688230865,67.79903424561152,0.0,0.0,0.0,0.0
186,186,0.0,0.0,0.0,0.0,0.0,0.0,0.0,71.35701336159424,0.0,74.83837783413495,0.0,75.19338360614353,79.44457764635563,68.13338178797855,0.0,0.0,0.0,0.0
187,187,0.0,0.0,0.0,0.0,0.0,0.0,0.0,68.12555920296364,0.0,72.82221871742878,0.0,76.56743759926933,79.43799346534018,69.36706077911317,0.0,0.0,0.0,0.0
188,188,0.0,0.0,0.0,0.0,0.0,0.0,0.0,69.55007444291269,0.0,74.09693302275313,0.0,75.48514964560567,80.17993519506777,68.53753763222963,0.0,0.0,0.0,0.0
189,189,0.0,0.0,0.0,0.0,0.0,0.0,0.0,69.66978375203598,0.0,72.16499950852436,0.0,75.52663864738601,79.22830747671452,68.29617329082615,0.0,0.0,0.0,0.0
190,190,0.0,0.0,0.0,0.0,0.0,0.0,0.0,68.42839218277439,0.0,74.78653809783499,0.0,75.7640469114946,78.94871905998816,67.13857845913853,0.0,0.0,0.0,0.0
191,191,0.0,0.0,0.0,0.0,0.0,0.0,0.0,67.79373659186082,0.0,73.03718575650886,0.0,76.36378363747764,80.21884198337938,69.07069794946013,0.0,0.0,0.0,0.0
192,192,0.0,0.0,0.0,0.0,0.0,0.0,0.0,68.75063374965579,0.0,73.47842250556833,0.0,76.93338933150997,81.24195459757809,69.55849048909764,0.0,0.0,0.0,0.0
193,193,0.0,0.0,0.0,0.0,0.0,0.0,0.0,68.60883090830194,0.0,73.04107008231868,0.0,77.29759417122399,79.88168989090661,68.66139839211631,0.0,0.0,0.0,0.0
194,194,0.0,0.0,0.0,0.0,0.0,0.0,0.0,67.64032427790005,0.0,72.36055597945963,0.0,76.92315806801751,81.75490878078756,70.95917159208128,0.0,0.0,0.0,0.0
195,195,0.0,0.0,0.0,0.0,0.0,0.0,0.0,65.54364089902376,0.0,72.2001731917816,0.0,77.16189089952944,80.27210382625536,69.77985599599168,0.0,0.0,0.0,0.0
196,196,0.0,0.0,0.0,0.0,0.0,0.0,0.0,66.47252491123659,0.0,71.16702580018165,0.0,77.21040639787797,79.26054637194882,72.14151503405532,0.0,0.0,0.0,0.0
197,197,0.0,0.0,0.0,0.0,0.0,0.0,0.0,67.48904638137168,0.0,70.42266682731069,0.0,77.23468635158547,82.20928710245055,71.66805932757859,0.0,0.0,0.0,0.0
198,198,0.0,0.0,0.0,0.0,0.0,0.0,0.0,66.1581510229831,0.0,69.90036042199998,0.0,75.87665087865139,81.92551807191359,71.00202579955047,0.0,0.0,0.0,0.0
199,199,0.0,0.0,0.0,0.0,0.0,0.0,0.0,65.88024350861926,0.0,70.80622134623945,0.0,77.54079458946008,82.7927428065749,72.80629000613466,0.0,0.0,0.0,0.0
200,200,0.0,0.0,0.0,0.0,0.0,0.0,0.0,64.8579598336309,0.0,69.85258806849737,0.0,78.93863944700878,82.77349765499012,72.4237337643636,0.0,0.0,0.0,0.0
201,201,0.0,0.0,0.0,0.0,0.0,0.0,0.0,66.22466036618997,0.0,71.24161030337346,0.0,77.32204300686831,82.96313912112608,74.26214699423387,0.0,0.0,0.0,0.0
202,202,0.0,0.0,0.0,0.0,0.0,0.0,0.0,0.0,0.0,70.58951982454846,0.0,78.53949415189304,82.9448285759505,73.63741395626462,0.0,0.0,0.0,0.0
203,203,0.0,0.0,0.0,0.0,0.0,0.0,0.0,0.0,0.0,68.50008305496117,0.0,76.9556350050342,82.73830355496298,72.45866186274696,0.0,0.0,0.0,0.0
204,204,0.0,0.0,0.0,0.0,0.0,0.0,0.0,0.0,0.0,67.75840276844492,0.0,77.28181629369995,82.35413087109643,75.13631546246187,0.0,0.0,0.0,0.0
205,205,0.0,0.0,0.0,0.0,0.0,0.0,0.0,0.0,0.0,67.83316388485127,0.0,79.81745009458402,84.34458468720219,74.48125673568546,0.0,0.0,0.0,0.0
206,206,0.0,0.0,0.0,0.0,0.0,0.0,0.0,0.0,0.0,67.75814503030637,0.0,78.51016449821043,84.84015465826789,74.49339007141084,0.0,0.0,0.0,0.0
207,207,0.0,0.0,0.0,0.0,0.0,0.0,0.0,0.0,0.0,69.16316556798394,0.0,78.46740908316855,83.3388781971665,74.49135151306632,0.0,0.0,0.0,0.0
208,208,0.0,0.0,0.0,0.0,0.0,0.0,0.0,0.0,0.0,67.27889196993351,0.0,78.55002671496861,82.97303246939421,73.33340317243038,0.0,0.0,0.0,0.0
209,209,0.0,0.0,0.0,0.0,0.0,0.0,0.0,0.0,0.0,66.86367649831593,0.0,76.4751313618485,83.1773313752108,76.20717087195736,0.0,0.0,0.0,0.0
210,210,0.0,0.0,0.0,0.0,0.0,0.0,0.0,0.0,0.0,67.18866113791806,0.0,78.51407794267955,83.38490651844107,76.13106644420034,0.0,0.0,0.0,0.0
211,211,0.0,0.0,0.0,0.0,0.0,0.0,0.0,0.0,0.0,66.32382986690907,0.0,76.3437631641505,83.57659369969103,75.31427404413047,0.0,0.0,0.0,0.0
212,212,0.0,0.0,0.0,0.0,0.0,0.0,0.0,0.0,0.0,65.88641694297833,0.0,77.25499105095884,81.8950316265475,74.86355844053317,0.0,0.0,0.0,0.0
213,213,0.0,0.0,0.0,0.0,0.0,0.0,0.0,0.0,0.0,65.49646777792393,0.0,76.2713208335792,84.27679101942958,76.19002381029185,0.0,0.0,0.0,0.0
214,214,0.0,0.0,0.0,0.0,0.0,0.0,0.0,0.0,0.0,66.56548547335301,0.0,77.80734019191428,83.09504840915515,77.13074555622518,0.0,0.0,0.0,0.0
215,215,0.0,0.0,0.0,0.0,0.0,0.0,0.0,0.0,0.0,0.0,0.0,77.38568713179232,84.58065138203136,75.39692793774869,0.0,0.0,0.0,0.0
216,216,0.0,0.0,0.0,0.0,0.0,0.0,0.0,0.0,0.0,0.0,0.0,77.6996618210238,83.48128362585308,75.05626741496047,0.0,0.0,0.0,0.0
217,217,0.0,0.0,0.0,0.0,0.0,0.0,0.0,0.0,0.0,0.0,0.0,77.0953972014731,85.31425581888323,76.20189030330992,0.0,0.0,0.0,0.0
218,218,0.0,0.0,0.0,0.0,0.0,0.0,0.0,0.0,0.0,0.0,0.0,77.80973876393962,83.20426015500968,76.35726590048189,0.0,0.0,0.0,0.0
219,219,0.0,0.0,0.0,0.0,0.0,0.0,0.0,0.0,0.0,0.0,0.0,78.28734661013252,87.2540056600647,77.2896430531605,0.0,0.0,0.0,0.0
220,220,0.0,0.0,0.0,0.0,0.0,0.0,0.0,0.0,0.0,0.0,0.0,77.55535379275675,86.25529807522982,75.66140252549854,0.0,0.0,0.0,0.0
221,221,0.0,0.0,0.0,0.0,0.0,0.0,0.0,0.0,0.0,0.0,0.0,78.35546486227882,86.16909118203289,76.79463127298234,0.0,0.0,0.0,0.0
222,222,0.0,0.0,0.0,0.0,0.0,0.0,0.0,0.0,0.0,0.0,0.0,77.12063494733455,85.84204157603988,78.3982228723961,0.0,0.0,0.0,0.0
223,223,0.0,0.0,0.0,0.0,0.0,0.0,0.0,0.0,0.0,0.0,0.0,78.39964229528971,85.14895086290771,75.84598358367076,0.0,0.0,0.0,0.0
224,224,0.0,0.0,0.0,0.0,0.0,0.0,0.0,0.0,0.0,0.0,0.0,76.36274001955023,85.27064219523719,77.5840607252697,0.0,0.0,0.0,0.0
225,225,0.0,0.0,0.0,0.0,0.0,0.0,0.0,0.0,0.0,0.0,0.0,78.32217050129844,85.70122497389117,77.82705084000136,0.0,0.0,0.0,0.0
226,226,0.0,0.0,0.0,0.0,0.0,0.0,0.0,0.0,0.0,0.0,0.0,74.60237123553472,85.4721370078697,77.97735172642797,0.0,0.0,0.0,0.0
227,227,0.0,0.0,0.0,0.0,0.0,0.0,0.0,0.0,0.0,0.0,0.0,77.12861966715711,84.90687944392768,78.39005353126088,0.0,0.0,0.0,0.0
228,228,0.0,0.0,0.0,0.0,0.0,0.0,0.0,0.0,0.0,0.0,0.0,76.93977852069118,84.79931177325862,78.8424654434921,0.0,0.0,0.0,0.0
229,229,0.0,0.0,0.0,0.0,0.0,0.0,0.0,0.0,0.0,0.0,0.0,76.86675925567005,85.03835221391053,77.4562233904844,0.0,0.0,0.0,0.0
230,230,0.0,0.0,0.0,0.0,0.0,0.0,0.0,0.0,0.0,0.0,0.0,77.57785916257625,84.22378618207917,77.84153950071367,0.0,0.0,0.0,0.0
231,231,0.0,0.0,0.0,0.0,0.0,0.0,0.0,0.0,0.0,0.0,0.0,75.96377766752374,85.50360923170989,76.9153634034145,0.0,0.0,0.0,0.0
232,232,0.0,0.0,0.0,0.0,0.0,0.0,0.0,0.0,0.0,0.0,0.0,74.76987313490773,85.60637437145694,78.14146641571443,0.0,0.0,0.0,0.0
233,233,0.0,0.0,0.0,0.0,0.0,0.0,0.0,0.0,0.0,0.0,0.0,77.17202284371942,83.88961366594953,77.72358358514236,0.0,0.0,0.0,0.0
234,234,0.0,0.0,0.0,0.0,0.0,0.0,0.0,0.0,0.0,0.0,0.0,75.66949505967011,84.41290647142192,79.77971172389663,65.38199454555449,0.0,0.0,0.0
235,235,0.0,0.0,0.0,0.0,0.0,0.0,0.0,0.0,0.0,0.0,0.0,76.07578938822387,83.60883292646,79.70035781123417,67.04915005639353,0.0,0.0,0.0
236,236,0.0,0.0,0.0,0.0,0.0,0.0,0.0,0.0,0.0,0.0,0.0,74.97327359544869,83.81690266599563,78.26883412259521,63.42372375314862,0.0,0.0,0.0
237,237,0.0,0.0,0.0,0.0,0.0,0.0,0.0,0.0,0.0,0.0,0.0,75.49160978328115,85.57379566294547,78.17421191368274,66.73490518194616,0.0,0.0,0.0
238,238,0.0,0.0,0.0,0.0,0.0,0.0,0.0,0.0,0.0,0.0,0.0,75.54342005934754,84.38149178256734,77.9848416145866,67.4157205798793,0.0,0.0,0.0
239,239,0.0,0.0,0.0,0.0,0.0,0.0,0.0,0.0,0.0,0.0,0.0,75.26896246454028,83.14939642509509,79.25666085885663,66.34723307148884,0.0,0.0,0.0
240,240,0.0,0.0,0.0,0.0,0.0,0.0,0.0,0.0,0.0,0.0,0.0,74.47263476286659,84.06450074873588,77.88894400767228,69.54444036047951,0.0,0.0,0.0
241,241,0.0,0.0,0.0,0.0,0.0,0.0,0.0,0.0,0.0,0.0,0.0,74.35581895558764,83.36789691501349,76.74715320742257,66.96484483557752,0.0,0.0,0.0
242,242,0.0,0.0,0.0,0.0,0.0,0.0,0.0,0.0,0.0,0.0,0.0,73.55054646401531,83.82028069718483,76.36265538480768,71.99403200771178,0.0,0.0,0.0
243,243,0.0,0.0,0.0,0.0,0.0,0.0,0.0,0.0,0.0,0.0,0.0,72.39902996743128,83.41638253214825,77.93516573927309,68.86808723076122,0.0,0.0,0.0
244,244,0.0,0.0,0.0,0.0,0.0,0.0,0.0,0.0,0.0,0.0,0.0,73.59217198199084,81.5181475839052,76.26506425778149,68.88758540484794,0.0,0.0,0.0
245,245,0.0,0.0,0.0,0.0,0.0,0.0,0.0,0.0,0.0,0.0,0.0,73.3678464548635,81.93746696740975,78.54121341006456,69.89891413424733,0.0,0.0,0.0
246,246,0.0,0.0,0.0,0.0,0.0,0.0,0.0,0.0,0.0,0.0,0.0,72.36360766152134,82.26538529312738,76.22319444340512,71.25139078090814,64.06859670461652,0.0,0.0
247,247,0.0,0.0,0.0,0.0,0.0,0.0,0.0,0.0,0.0,0.0,0.0,73.16485269791423,81.8775007992199,76.06818223801258,70.89471820728437,66.14546853968871,0.0,0.0
248,248,0.0,0.0,0.0,0.0,0.0,0.0,0.0,0.0,0.0,0.0,0.0,71.30825061963762,79.41794344838839,77.67105004748774,69.48716955618342,66.38177083390858,0.0,0.0
249,249,0.0,0.0,0.0,0.0,0.0,0.0,0.0,0.0,0.0,0.0,0.0,71.5227342154005,81.6958475652654,78.93778145535398,69.62147983052773,65.95598947787393,0.0,0.0
250,250,0.0,0.0,0.0,0.0,0.0,0.0,0.0,0.0,0.0,0.0,0.0,70.8698633036779,80.03746817657725,77.66353269892925,70.15872773235611,65.83126972240571,0.0,0.0
251,251,0.0,0.0,0.0,0.0,0.0,0.0,0.0,0.0,0.0,0.0,0.0,71.535901312401,79.98098836647291,77.85784391070901,71.85661367500225,68.42023578421895,0.0,0.0
252,252,0.0,0.0,0.0,0.0,0.0,0.0,0.0,0.0,0.0,0.0,0.0,71.27684736541845,79.36005347855341,76.40478818657911,71.09973591125218,67.13618829140796,0.0,0.0
253,253,0.0,0.0,0.0,0.0,0.0,0.0,0.0,0.0,0.0,0.0,0.0,69.54969260133839,79.757572862579,76.08736822873902,71.3900419318695,65.11062900819921,0.0,0.0
254,254,0.0,0.0,0.0,0.0,0.0,0.0,0.0,0.0,0.0,0.0,0.0,70.23493398031783,79.56014997337886,76.6568964060417,72.73070843104132,67.76376813816854,0.0,0.0
255,255,0.0,0.0,0.0,0.0,0.0,0.0,0.0,0.0,0.0,0.0,0.0,71.04474182071627,78.89751615296836,76.26056637041215,72.55047032275183,69.15585073391918,0.0,0.0
256,256,0.0,0.0,0.0,0.0,0.0,0.0,0.0,0.0,0.0,0.0,0.0,66.54604151854896,80.33535853272551,76.88286413549629,71.64262838659064,69.64900667462373,0.0,0.0
257,257,0.0,0.0,0.0,0.0,0.0,0.0,0.0,0.0,0.0,0.0,0.0,70.22758689525106,80.43154151904267,75.66141705660458,73.3229095912201,69.78753367203423,0.0,0.0
258,258,0.0,0.0,0.0,0.0,0.0,0.0,0.0,0.0,0.0,0.0,0.0,70.95848219096447,78.04986003208869,75.1833998998688,74.44604027793076,68.09526949888797,0.0,0.0
259,259,0.0,0.0,0.0,0.0,0.0,0.0,0.0,0.0,0.0,0.0,0.0,69.34879963714079,79.44749805418834,76.64645571972883,71.54888389105987,69.62904946033771,0.0,0.0
260,260,0.0,0.0,0.0,0.0,0.0,0.0,0.0,0.0,0.0,0.0,0.0,68.55079790191319,80.74712648930458,77.30541214755984,74.13916954440927,70.81212215507615,0.0,0.0
261,261,0.0,0.0,0.0,0.0,0.0,0.0,0.0,0.0,0.0,0.0,0.0,68.3925875073598,79.31792910268373,75.81624263264341,74.8499724683186,69.35860552877969,0.0,0.0
262,262,0.0,0.0,0.0,0.0,0.0,0.0,0.0,0.0,0.0,0.0,0.0,68.44357626151834,79.25270412514163,75.60401956823841,74.20228504466552,69.97596299735696,0.0,0.0
263,263,0.0,0.0,0.0,0.0,0.0,0.0,0.0,0.0,0.0,0.0,0.0,68.73255917517501,77.73834241737643,73.94078953848106,74.80529423247484,70.31810196343076,0.0,0.0
264,264,0.0,0.0,0.0,0.0,0.0,0.0,0.0,0.0,0.0,0.0,0.0,69.26816894277786,74.97751929017521,75.35022190831702,74.0295404491827,70.47339738463506,0.0,0.0
265,265,0.0,0.0,0.0,0.0,0.0,0.0,0.0,0.0,0.0,0.0,0.0,68.4938467002152,77.79183183640343,76.7575728537674,74.6101388887372,69.76882946028897,0.0,0.0
266,266,0.0,0.0,0.0,0.0,0.0,0.0,0.0,0.0,0.0,0.0,0.0,67.89774557845851,77.24475788143329,75.95234644603512,76.04749000208653,72.48026244128292,0.0,0.0
267,267,0.0,0.0,0.0,0.0,0.0,0.0,0.0,0.0,0.0,0.0,0.0,64.02733859264654,78.13960134382893,75.01064348530065,78.62062597253534,72.94296867815902,0.0,0.0
268,268,0.0,0.0,0.0,0.0,0.0,0.0,0.0,0.0,0.0,0.0,0.0,66.88509386046222,75.85250405962529,75.80758149400029,76.06588187280704,73.13280876687485,62.65312203430703,0.0
269,269,0.0,0.0,0.0,0.0,0.0,0.0,0.0,0.0,0.0,0.0,0.0,67.29344222651305,75.81840752498083,74.42416716970295,76.72152044279193,73.50371402078696,66.55802603732936,0.0
270,270,0.0,0.0,0.0,0.0,0.0,0.0,0.0,0.0,0.0,0.0,0.0,65.81054099463203,75.00972052276204,75.18106280876744,78.44779963404291,72.5563547191316,64.52470717027894,0.0
271,271,0.0,0.0,0.0,0.0,0.0,0.0,0.0,0.0,0.0,0.0,0.0,67.30040544059105,74.63575209056482,72.83509560711765,75.75317865022157,74.73347387234165,66.83831769792751,0.0
272,272,0.0,0.0,0.0,0.0,0.0,0.0,0.0,0.0,0.0,0.0,0.0,66.09823390090064,74.33220977745175,73.77999161204316,78.10077659724377,74.00775549083006,66.18384002663147,0.0
273,273,0.0,0.0,0.0,0.0,0.0,0.0,0.0,0.0,0.0,0.0,0.0,64.85779660367965,73.55828131144452,73.38091944065934,78.60978529625679,74.34815008558576,64.92119072067302,0.0
274,274,0.0,0.0,0.0,0.0,0.0,0.0,0.0,0.0,0.0,0.0,0.0,0.0,73.91760840322902,73.66586385965037,78.19394250284218,75.74988894414895,67.68987140084076,0.0
275,275,0.0,0.0,0.0,0.0,0.0,0.0,0.0,0.0,0.0,0.0,0.0,0.0,75.44565837299453,73.50745756281717,77.49750891325108,75.72447391392656,65.57664144793186,0.0
276,276,0.0,0.0,0.0,0.0,0.0,0.0,0.0,0.0,0.0,0.0,0.0,0.0,73.25201366402193,73.34955735638772,78.26588958813568,76.3615866150145,67.0773601751021,0.0
277,277,0.0,0.0,0.0,0.0,0.0,0.0,0.0,0.0,0.0,0.0,0.0,0.0,73.89834381797883,72.00828565004616,77.96198903979568,75.00110492242236,65.91371698545449,0.0
278,278,0.0,0.0,0.0,0.0,0.0,0.0,0.0,0.0,0.0,0.0,0.0,0.0,75.12436596383392,71.5609997539914,80.35245868515575,75.96550411373292,64.96842677954116,0.0
279,279,0.0,0.0,0.0,0.0,0.0,0.0,0.0,0.0,0.0,0.0,0.0,0.0,72.8824857322567,71.01063109930159,76.38698885959793,76.15973208686775,65.19665538786316,0.0
280,280,0.0,0.0,0.0,0.0,0.0,0.0,0.0,0.0,0.0,0.0,0.0,0.0,69.77912640826379,71.79585325713013,81.15192923267368,75.20982122982652,65.99911061126477,0.0
281,281,0.0,0.0,0.0,0.0,0.0,0.0,0.0,0.0,0.0,0.0,0.0,0.0,68.87392800053424,72.47048373902417,80.28764743656988,75.39053652903625,66.74532039531984,0.0
282,282,0.0,0.0,0.0,0.0,0.0,0.0,0.0,0.0,0.0,0.0,0.0,0.0,69.45266370207509,71.6532708335939,80.06484614351976,77.1494611865444,66.2667966676399,0.0
283,283,0.0,0.0,0.0,0.0,0.0,0.0,0.0,0.0,0.0,0.0,0.0,0.0,70.90822362925647,71.78487382779392,79.94820063084339,77.43901301394592,66.271179231946,64.72190816992848
284,284,0.0,0.0,0.0,0.0,0.0,0.0,0.0,0.0,0.0,0.0,0.0,0.0,69.75368461106824,69.57161815414837,80.03088768528374,77.67075113916927,67.0294709325618,65.8558069399034
285,285,0.0,0.0,0.0,0.0,0.0,0.0,0.0,0.0,0.0,0.0,0.0,0.0,71.39820855643787,69.23449173575767,79.97572121130386,78.01338036877378,66.53256932817251,67.84869906369053
286,286,0.0,0.0,0.0,0.0,0.0,0.0,0.0,0.0,0.0,0.0,0.0,0.0,69.60842062810868,68.95411870886124,78.7655717514297,78.92322073951554,68.09006737885964,66.19748515845623
287,287,0.0,0.0,0.0,0.0,0.0,0.0,0.0,0.0,0.0,0.0,0.0,0.0,69.26727319035672,69.92995876745722,80.53463781564487,79.50729967978542,64.15930759727367,67.12709151975731
288,288,0.0,0.0,0.0,0.0,0.0,0.0,0.0,0.0,0.0,0.0,0.0,0.0,69.77922150434115,71.46835277929002,81.77674962838057,79.9376785959067,69.17425409239075,65.77675184140755
289,289,0.0,0.0,0.0,0.0,0.0,0.0,0.0,0.0,0.0,0.0,0.0,0.0,68.14226111518731,69.83553510540109,81.41600805034611,80.96899523853354,67.36834071578735,67.52623521274471
290,290,0.0,0.0,0.0,0.0,0.0,0.0,0.0,0.0,0.0,0.0,0.0,0.0,67.59474074798705,69.29417900538739,82.29780033302914,80.49138344780687,67.14342468188383,67.58575657773237
291,291,0.0,0.0,0.0,0.0,0.0,0.0,0.0,0.0,0.0,0.0,0.0,0.0,67.63316169960905,67.76645910187655,81.68736284838482,80.15778223788786,66.45571338826623,65.99745933760425
292,292,0.0,0.0,0.0,0.0,0.0,0.0,0.0,0.0,0.0,0.0,0.0,0.0,67.48064712309369,68.1428537625009,82.54521735351973,80.01848707308928,65.38763946954363,65.88713268603107
293,293,0.0,0.0,0.0,0.0,0.0,0.0,0.0,0.0,0.0,0.0,0.0,0.0,67.72716841007158,67.51092185315929,80.85929404425278,81.19757142988294,66.0815202426623,69.21668600697431
294,294,0.0,0.0,0.0,0.0,0.0,0.0,0.0,0.0,0.0,0.0,0.0,0.0,66.69223495841275,66.05322785264781,79.99384325887566,80.07193738852357,66.69932790036113,70.62362071160827
295,295,0.0,0.0,0.0,0.0,0.0,0.0,0.0,0.0,0.0,0.0,0.0,0.0,66.65969304380167,67.719717098421,81.40316958875164,80.85203207446416,66.97099091334749,67.43086255730692
296,296,0.0,0.0,0.0,0.0,0.0,0.0,0.0,0.0,0.0,0.0,0.0,0.0,67.0785481013428,66.77179795198768,82.74491214538494,80.0566415033632,67.94742022442269,66.97635713705792
297,297,0.0,0.0,0.0,0.0,0.0,0.0,0.0,0.0,0.0,0.0,0.0,0.0,66.16734538464043,66.34540640250492,83.13953288774779,80.92129791775258,65.71119147260951,70.21395118783548
298,298,0.0,0.0,0.0,0.0,0.0,0.0,0.0,0.0,0.0,0.0,0.0,0.0,67.29586512112036,66.06342836105851,80.59615771291521,79.53703993347469,66.02059556489701,70.61771294059514
299,299,0.0,0.0,0.0,0.0,0.0,0.0,0.0,0.0,0.0,0.0,0.0,0.0,0.0,65.22730151336059,81.59387942915616,82.37218518549787,66.8408073977792,68.3649234755686
