,time,732,754,799,821,866,911,933,978,1000,844,1045,777,956,1023,889,822,755,1001,934,867,800,979,912,733,1046,845
0,0,69.41302960718025,73.0590436143366,92.24312017638071,71.18237442306659,95.895777547297,69.70074821389217,92.27171542044378,79.62183800043253,77.397806978592,0.0,0.0,0.0,0.0,0.0,0.0,0.0,0.0,0.0,0.0,0.0,0.0,0.0,0.0,0.0,0.0,0.0
1,1,69.8608693001853,73.95663208036162,92.2246939705439,72.1491180181817,96.63843094237411,69.6483666237837,92.12987992124036,79.20656290768463,75.04609526146228,0.0,0.0,0.0,0.0,0.0,0.0,0.0,0.0,0.0,0.0,0.0,0.0,0.0,0.0,0.0,0.0,0.0
2,2,70.91120476100684,73.00975141272478,91.40269928502175,68.85822408062926,95.1730282634674,70.8577631892237,91.9991243537915,81.4762293491626,75.28471123727236,0.0,0.0,0.0,0.0,0.0,0.0,0.0,0.0,0.0,0.0,0.0,0.0,0.0,0.0,0.0,0.0,0.0
3,3,69.22653523368562,72.82458123376958,90.25422281793408,70.27390716096113,95.76997487128608,72.38741100732481,89.45830551483061,81.08404397736538,73.21722934237044,0.0,0.0,0.0,0.0,0.0,0.0,0.0,0.0,0.0,0.0,0.0,0.0,0.0,0.0,0.0,0.0,0.0
4,4,70.95040318702186,70.44884532754136,92.9525495699771,68.68513818016756,96.11838842427157,73.58512903507848,91.01454125186541,81.02292385865776,72.18073781479033,0.0,0.0,0.0,0.0,0.0,0.0,0.0,0.0,0.0,0.0,0.0,0.0,0.0,0.0,0.0,0.0,0.0
5,5,71.56283937912312,72.96252613202049,92.24476849009051,68.37203387989167,95.00827636913932,70.89737474464067,90.54339925728222,80.71000222216529,73.84451258752635,0.0,0.0,0.0,0.0,0.0,0.0,0.0,0.0,0.0,0.0,0.0,0.0,0.0,0.0,0.0,0.0,0.0
6,6,70.86262855353063,71.08291368604787,92.60408390231532,66.47845008108689,95.46725283627418,74.8249430411697,88.60778777059248,82.09125459715973,73.06430078042071,0.0,0.0,0.0,0.0,0.0,0.0,0.0,0.0,0.0,0.0,0.0,0.0,0.0,0.0,0.0,0.0,0.0
7,7,70.72685102583499,72.58893985385953,92.30363814541982,68.52880907981867,94.20055108527957,73.9424816329551,89.47361737677443,82.00855680031941,73.07134295569708,0.0,0.0,0.0,0.0,0.0,0.0,0.0,0.0,0.0,0.0,0.0,0.0,0.0,0.0,0.0,0.0,0.0
8,8,69.89486867192797,71.98024182067476,92.7901432827474,68.77077507870162,96.21824700011716,74.64718896348296,88.66582758127765,82.582791318958,73.67407163198276,0.0,0.0,0.0,0.0,0.0,0.0,0.0,0.0,0.0,0.0,0.0,0.0,0.0,0.0,0.0,0.0,0.0
9,9,71.21217034130703,72.86284313056929,93.5923357751854,66.92605991265081,94.89798450756628,75.6247170424814,89.75625792851427,83.70359747917551,71.78923447575622,0.0,0.0,0.0,0.0,0.0,0.0,0.0,0.0,0.0,0.0,0.0,0.0,0.0,0.0,0.0,0.0,0.0
10,10,70.76412611286324,70.5033893500678,94.83037579028871,64.82608187047963,95.08393042042975,75.11958697449015,88.29774426463503,84.34406504096947,71.87975551118198,0.0,0.0,0.0,0.0,0.0,0.0,0.0,0.0,0.0,0.0,0.0,0.0,0.0,0.0,0.0,0.0,0.0
11,11,72.21686761015489,70.79591139818396,95.17031635204765,66.60367173752746,94.26272547964489,74.43453019639142,87.00104089444808,84.3298801155748,72.78027424118055,0.0,0.0,0.0,0.0,0.0,0.0,0.0,0.0,0.0,0.0,0.0,0.0,0.0,0.0,0.0,0.0,0.0
12,12,71.0329047276824,69.64194938940138,93.40920020112257,65.88788174757106,95.2837608586569,75.94344650755569,87.33938085697397,82.60707144940383,70.38370719931014,0.0,0.0,0.0,0.0,0.0,0.0,0.0,0.0,0.0,0.0,0.0,0.0,0.0,0.0,0.0,0.0,0.0
13,13,75.7719955038814,68.79787438134082,94.26075465811583,67.02620502421435,93.63936454006647,74.37395954908239,87.10360254783731,85.21454260615934,69.89168435247089,0.0,0.0,0.0,0.0,0.0,0.0,0.0,0.0,0.0,0.0,0.0,0.0,0.0,0.0,0.0,0.0,0.0
14,14,73.92344201792787,68.98067515687633,93.075796151281,66.69846800872695,93.6252620201923,77.17105492197516,88.08828207370269,82.78505126051253,70.48367736249067,0.0,0.0,0.0,0.0,0.0,0.0,0.0,0.0,0.0,0.0,0.0,0.0,0.0,0.0,0.0,0.0,0.0
15,15,74.22094955920355,67.1366933906416,93.66515405085217,0.0,94.25657733696364,77.34903736325619,85.26998909820173,83.96684269322095,70.16979815770286,65.36202401075046,0.0,0.0,0.0,0.0,0.0,0.0,0.0,0.0,0.0,0.0,0.0,0.0,0.0,0.0,0.0,0.0
16,16,73.00568879973855,68.98758211553803,95.1236692175491,0.0,93.00357824892662,77.24221369345268,85.15432432211996,85.17918244225542,69.57605261061676,65.03847879927619,0.0,0.0,0.0,0.0,0.0,0.0,0.0,0.0,0.0,0.0,0.0,0.0,0.0,0.0,0.0,0.0
17,17,73.20890596569694,66.6791720912086,94.72289209488216,0.0,93.77658596652726,81.22879735959552,83.75701039955452,85.98713787142832,68.89661417456637,67.15739425562427,0.0,0.0,0.0,0.0,0.0,0.0,0.0,0.0,0.0,0.0,0.0,0.0,0.0,0.0,0.0,0.0
18,18,72.6381594579989,68.12285579937591,95.38088134620206,0.0,94.31437666737328,77.48683962344114,87.06689085130296,86.89444981348059,69.00908862937258,65.45671231334848,0.0,0.0,0.0,0.0,0.0,0.0,0.0,0.0,0.0,0.0,0.0,0.0,0.0,0.0,0.0,0.0
19,19,74.12754125545258,66.09084109229588,94.91986501910166,0.0,94.62829618183432,79.31961715981386,82.57556594240255,86.7519979717537,69.35154000678213,64.67053243559498,0.0,0.0,0.0,0.0,0.0,0.0,0.0,0.0,0.0,0.0,0.0,0.0,0.0,0.0,0.0,0.0
20,20,73.47216240723212,64.79464783449473,94.44234270131926,0.0,94.10756770459848,80.89332128283614,82.55506114870309,86.94459270213888,67.70316478537947,66.6052870382547,0.0,0.0,0.0,0.0,0.0,0.0,0.0,0.0,0.0,0.0,0.0,0.0,0.0,0.0,0.0,0.0
21,21,74.2998926137246,67.04584565718744,97.58426501185636,0.0,93.62176839268257,79.37928062631893,82.59394075959295,89.02950506473226,68.22141650279919,68.41231462566371,0.0,0.0,0.0,0.0,0.0,0.0,0.0,0.0,0.0,0.0,0.0,0.0,0.0,0.0,0.0,0.0
22,22,75.13993197495196,65.91498217418747,94.70204911468343,0.0,92.9870184460803,82.5744885154415,82.69317093854352,86.5443971915626,66.80853604488458,67.02248145201814,0.0,0.0,0.0,0.0,0.0,0.0,0.0,0.0,0.0,0.0,0.0,0.0,0.0,0.0,0.0,0.0
23,23,74.04522973637077,65.27677150911182,97.07972307379852,0.0,94.0152641377769,81.87057716915751,80.95487399130505,88.31557805391714,67.20137086661873,68.3896223658929,0.0,0.0,0.0,0.0,0.0,0.0,0.0,0.0,0.0,0.0,0.0,0.0,0.0,0.0,0.0,0.0
24,24,74.34598857863193,64.40373796410387,95.13386151583448,0.0,91.08673170649978,82.50310433065322,81.754751399646,89.26553653180825,67.43920931174563,68.36488850014833,64.03839675266897,0.0,0.0,0.0,0.0,0.0,0.0,0.0,0.0,0.0,0.0,0.0,0.0,0.0,0.0,0.0
25,25,75.83562452146934,0.0,96.12618446524456,0.0,90.87623800375759,81.02608117622992,81.42059509261688,88.85195751986294,64.55750265887539,70.13266645763558,65.74296158136202,0.0,0.0,0.0,0.0,0.0,0.0,0.0,0.0,0.0,0.0,0.0,0.0,0.0,0.0,0.0
26,26,73.68157761371964,0.0,94.9133289310837,0.0,90.43254757377606,83.49080036929409,80.900515645528,88.4301625454049,66.48654492327887,68.8916482411796,65.71217767885005,0.0,0.0,0.0,0.0,0.0,0.0,0.0,0.0,0.0,0.0,0.0,0.0,0.0,0.0,0.0
27,27,75.73276162996925,0.0,96.04846441389721,0.0,90.38828630528027,83.28634927281821,80.83032641997487,89.21363163791426,65.33864337789296,69.02326145968122,66.13270567197075,0.0,0.0,0.0,0.0,0.0,0.0,0.0,0.0,0.0,0.0,0.0,0.0,0.0,0.0,0.0
28,28,76.368069431741,0.0,96.24738416674116,0.0,90.08252947363452,83.89780894370104,78.61472458484826,89.43095550434906,64.19525358352251,71.73723343067354,65.43740551720161,0.0,0.0,0.0,0.0,0.0,0.0,0.0,0.0,0.0,0.0,0.0,0.0,0.0,0.0,0.0
29,29,75.73112786697527,0.0,95.28906249197831,0.0,90.37221372257815,84.65645350264221,80.65668665560948,90.45960026203812,0.0,72.26180764415962,66.27262804005137,0.0,0.0,0.0,0.0,0.0,0.0,0.0,0.0,0.0,0.0,0.0,0.0,0.0,0.0,0.0
30,30,74.95715193754924,0.0,96.02061927337233,0.0,89.00708637566404,85.03172967505695,80.14172006276925,92.06700183968351,0.0,70.95273939347796,67.81106036258895,0.0,0.0,0.0,0.0,0.0,0.0,0.0,0.0,0.0,0.0,0.0,0.0,0.0,0.0,0.0
31,31,75.66560892597059,0.0,97.03611436674974,0.0,88.90901803112044,86.13635102208343,79.34771798555145,89.90418322205434,0.0,72.69607305095856,65.25088926888206,0.0,0.0,0.0,0.0,0.0,0.0,0.0,0.0,0.0,0.0,0.0,0.0,0.0,0.0,0.0
32,32,75.03261933895536,0.0,95.79023137914238,0.0,90.70996779347578,85.50422862038661,79.67113659507498,89.00129762302649,0.0,72.54653365507005,65.88235507496142,0.0,0.0,0.0,0.0,0.0,0.0,0.0,0.0,0.0,0.0,0.0,0.0,0.0,0.0,0.0
33,33,75.59414123073218,0.0,94.15652420182978,0.0,88.74600841091883,87.64850858220234,77.52918015805079,90.32005237774675,0.0,73.34686428830292,65.83268308537225,0.0,0.0,0.0,0.0,0.0,0.0,0.0,0.0,0.0,0.0,0.0,0.0,0.0,0.0,0.0
34,34,74.31190117566427,0.0,95.65959568442328,0.0,87.88911177104514,85.18684082018358,79.54120571055098,91.71142166111628,0.0,73.64582177429918,67.54265316921548,0.0,0.0,0.0,0.0,0.0,0.0,0.0,0.0,0.0,0.0,0.0,0.0,0.0,0.0,0.0
35,35,75.4785768875955,0.0,95.54044722825122,0.0,87.86156728889463,86.49653458416299,76.73194920522486,91.14407780985037,0.0,73.93784858583406,66.0404104928397,0.0,0.0,0.0,0.0,0.0,0.0,0.0,0.0,0.0,0.0,0.0,0.0,0.0,0.0,0.0
36,36,76.45747567523601,0.0,96.48745445769093,0.0,88.76706427083438,87.16027614819542,75.74344085354902,91.20610788394393,0.0,73.60289437054045,65.94951609524902,0.0,0.0,0.0,0.0,0.0,0.0,0.0,0.0,0.0,0.0,0.0,0.0,0.0,0.0,0.0
37,37,74.78114679236546,0.0,96.0116792417375,0.0,88.23307815251631,87.85444418576057,74.2565598363595,91.8965669514464,0.0,75.28980642099748,65.29936959635229,0.0,0.0,0.0,0.0,0.0,0.0,0.0,0.0,0.0,0.0,0.0,0.0,0.0,0.0,0.0
38,38,76.60984411048514,0.0,93.49354641901321,0.0,85.82464552062947,90.13311724239945,75.3721354296009,92.09506254826968,0.0,75.6712925850629,65.17218967554201,0.0,0.0,0.0,0.0,0.0,0.0,0.0,0.0,0.0,0.0,0.0,0.0,0.0,0.0,0.0
39,39,76.11851585371991,0.0,96.84722521378124,0.0,85.9338825770921,88.33897643427304,74.94104440985978,90.85049022822918,0.0,75.76516113357981,66.52138658837633,0.0,0.0,0.0,0.0,0.0,0.0,0.0,0.0,0.0,0.0,0.0,0.0,0.0,0.0,0.0
40,40,75.75404977277786,0.0,95.08468153857788,0.0,87.5083216798927,89.83068581455268,76.22249446040978,92.11019708505751,0.0,76.59797502851933,66.30687065615243,0.0,0.0,0.0,0.0,0.0,0.0,0.0,0.0,0.0,0.0,0.0,0.0,0.0,0.0,0.0
41,41,77.45892895512438,0.0,93.0650525836413,0.0,86.63359375919008,86.78916534054362,73.0787323056906,93.33063898923052,0.0,77.87317081784126,65.48250780303317,0.0,0.0,0.0,0.0,0.0,0.0,0.0,0.0,0.0,0.0,0.0,0.0,0.0,0.0,0.0
42,42,75.29800098073866,0.0,93.86190085336821,0.0,84.66469121145042,90.42497222202971,73.31918077814517,90.9719248799819,0.0,78.09896031052327,66.05011532014221,65.72082000564258,0.0,0.0,0.0,0.0,0.0,0.0,0.0,0.0,0.0,0.0,0.0,0.0,0.0,0.0
43,43,76.34562362646798,0.0,93.4212037490027,0.0,84.72036339392895,89.43020967070154,72.2328649815438,92.47408048057818,0.0,76.5573278371767,66.51318751052587,66.14409251573038,0.0,0.0,0.0,0.0,0.0,0.0,0.0,0.0,0.0,0.0,0.0,0.0,0.0,0.0
44,44,75.35404036874466,0.0,93.61378320643993,0.0,83.95044380976167,89.56798120027085,71.6889446618961,92.31582076835376,0.0,78.94918128239374,65.20674773285458,68.68931766925806,0.0,0.0,0.0,0.0,0.0,0.0,0.0,0.0,0.0,0.0,0.0,0.0,0.0,0.0
45,45,76.37568915982469,0.0,95.15649116372681,0.0,84.40227645179942,90.81798266474489,71.7389342094173,92.82466557921815,0.0,80.30159126179502,65.23600938937722,66.50038957188268,0.0,0.0,0.0,0.0,0.0,0.0,0.0,0.0,0.0,0.0,0.0,0.0,0.0,0.0
46,46,76.56240280218933,0.0,93.11609138182317,0.0,83.91361927623622,91.3019511526906,71.27374110284195,92.6524794249785,0.0,78.94697669616397,66.24359610800626,66.20489404477816,0.0,0.0,0.0,0.0,0.0,0.0,0.0,0.0,0.0,0.0,0.0,0.0,0.0,0.0
47,47,76.60625904720536,0.0,93.21017590050124,0.0,82.9280386717533,92.27905163190623,69.36576568194576,91.6599712553621,0.0,78.93969636830742,65.705932999626,67.58628622431183,0.0,0.0,0.0,0.0,0.0,0.0,0.0,0.0,0.0,0.0,0.0,0.0,0.0,0.0
48,48,75.84762895410526,0.0,92.4681695346716,0.0,81.46680558054508,91.92947514437776,71.30332275835518,92.67839766615546,0.0,79.46931769723847,65.01833326525443,66.0751070998436,0.0,0.0,0.0,0.0,0.0,0.0,0.0,0.0,0.0,0.0,0.0,0.0,0.0,0.0
49,49,75.47123687720195,0.0,93.92069116370071,0.0,82.2225548416376,92.80657528315247,70.2834944780317,91.89853481102068,0.0,81.35020461046537,65.93234456947057,67.27600564559846,0.0,0.0,0.0,0.0,0.0,0.0,0.0,0.0,0.0,0.0,0.0,0.0,0.0,0.0
50,50,75.12003705144555,0.0,91.18952109070345,0.0,82.27606546003825,91.69522832572639,68.35993058034363,92.08597368607842,0.0,82.48244744589412,0.0,67.81116637607889,0.0,0.0,0.0,0.0,0.0,0.0,0.0,0.0,0.0,0.0,0.0,0.0,0.0,0.0
51,51,75.96527766693627,0.0,91.38118189928544,0.0,80.46582065516442,92.94447831456368,68.27177718278993,93.20284824745563,0.0,81.51109837389015,0.0,68.90145655473276,0.0,0.0,0.0,0.0,0.0,0.0,0.0,0.0,0.0,0.0,0.0,0.0,0.0,0.0
52,52,75.2355118013284,0.0,91.51505596539333,0.0,79.87787995010977,94.00466501837657,69.03829416489118,91.95013893014544,0.0,81.00760788166652,0.0,67.5411738347358,0.0,0.0,0.0,0.0,0.0,0.0,0.0,0.0,0.0,0.0,0.0,0.0,0.0,0.0
53,53,75.05465607054629,0.0,91.91700688234341,0.0,79.641876642442,94.43796908883613,67.589286884351,92.44142835569458,0.0,81.53695107791532,0.0,71.26204038625153,0.0,0.0,0.0,0.0,0.0,0.0,0.0,0.0,0.0,0.0,0.0,0.0,0.0,0.0
54,54,75.82969390946258,0.0,89.34553489267383,0.0,79.23580573994042,94.73111176549877,66.99518964897293,91.00220000558764,0.0,83.07180046373756,0.0,70.54975868510131,0.0,0.0,0.0,0.0,0.0,0.0,0.0,0.0,0.0,0.0,0.0,0.0,0.0,0.0
55,55,75.58965900565501,0.0,90.24946043905183,0.0,80.28567698637717,93.70363547583665,67.26706112795416,94.27805678316204,0.0,83.69348879783121,0.0,70.9009157673387,0.0,0.0,0.0,0.0,0.0,0.0,0.0,0.0,0.0,0.0,0.0,0.0,0.0,0.0
56,56,75.82214628993131,0.0,89.23188911217575,0.0,78.76453543091547,93.21568044742139,68.18384560554858,92.48700398042693,0.0,85.86265567668936,0.0,70.19703521722298,0.0,0.0,0.0,0.0,0.0,0.0,0.0,0.0,0.0,0.0,0.0,0.0,0.0,0.0
57,57,76.94238116784626,0.0,90.37230654662265,0.0,77.96563797511038,94.25368218365377,64.82171021356666,93.70115855185355,0.0,84.32434683843785,0.0,72.187701111457,0.0,0.0,0.0,0.0,0.0,0.0,0.0,0.0,0.0,0.0,0.0,0.0,0.0,0.0
58,58,74.63853726885668,0.0,89.02159739633727,0.0,78.14591389081272,95.41753293569647,67.35936888821398,92.91235999799389,0.0,86.04598607524848,0.0,74.10412858887241,0.0,0.0,0.0,0.0,0.0,0.0,0.0,0.0,0.0,0.0,0.0,0.0,0.0,0.0
59,59,74.95902534789076,0.0,88.38501434513229,0.0,77.92209105388108,94.34460499544664,65.27707644220945,91.7460261075029,0.0,84.65775721446573,0.0,71.3579410770961,0.0,0.0,0.0,0.0,0.0,0.0,0.0,0.0,0.0,0.0,0.0,0.0,0.0,0.0
60,60,73.28051744380598,0.0,87.30591755186417,0.0,77.26636130244486,95.64150493361844,66.09184241684133,92.39618013904098,0.0,87.69333998636073,0.0,71.9878540295041,0.0,0.0,0.0,0.0,0.0,0.0,0.0,0.0,0.0,0.0,0.0,0.0,0.0,0.0
61,61,74.21242564481999,0.0,90.09484477022043,0.0,76.58262260031206,98.21047752975196,0.0,92.78527538245318,0.0,87.68536487818893,0.0,71.87316833636466,0.0,0.0,0.0,0.0,0.0,0.0,0.0,0.0,0.0,0.0,0.0,0.0,0.0,0.0
62,62,73.5558028635822,0.0,86.72839721482919,0.0,75.77590419376857,96.73325407230215,0.0,90.60602972013258,0.0,88.81332918609321,0.0,73.40985820669603,65.59114725450489,0.0,0.0,0.0,0.0,0.0,0.0,0.0,0.0,0.0,0.0,0.0,0.0,0.0
63,63,74.08093863963596,0.0,87.9477977703558,0.0,75.02433455875824,95.46724911419454,0.0,93.1279298950657,0.0,87.00354377858118,0.0,74.75917554755752,65.88589908641954,0.0,0.0,0.0,0.0,0.0,0.0,0.0,0.0,0.0,0.0,0.0,0.0,0.0
64,64,73.66749777397939,0.0,86.39786960048471,0.0,73.72806542608683,96.80894929855717,0.0,90.24344514094194,0.0,88.35286557962397,0.0,74.06501403745892,66.1129770039647,0.0,0.0,0.0,0.0,0.0,0.0,0.0,0.0,0.0,0.0,0.0,0.0,0.0
65,65,73.5168275628108,0.0,86.95705695248681,0.0,73.94987142288502,96.37270482232428,0.0,90.83066600285174,0.0,87.79300772145066,0.0,74.59494869977856,64.88479483208737,0.0,0.0,0.0,0.0,0.0,0.0,0.0,0.0,0.0,0.0,0.0,0.0,0.0
66,66,73.83929616075476,0.0,86.3753338033132,0.0,73.68847157327889,96.86560287113359,0.0,91.44697570018815,0.0,87.7253232316449,0.0,75.16446757718245,67.06889443000505,0.0,0.0,0.0,0.0,0.0,0.0,0.0,0.0,0.0,0.0,0.0,0.0,0.0
67,67,74.04296163534299,0.0,84.67700268811504,0.0,74.483298894372,96.98773180455147,0.0,90.85415375079269,0.0,88.6428290651823,0.0,76.80725440645949,67.30191687199307,0.0,0.0,0.0,0.0,0.0,0.0,0.0,0.0,0.0,0.0,0.0,0.0,0.0
68,68,73.32800426613322,0.0,86.39523139170642,0.0,72.49120335884304,95.82003021692158,0.0,89.73519912234136,0.0,89.65538438083294,0.0,76.84175484816278,68.37250352180652,0.0,0.0,0.0,0.0,0.0,0.0,0.0,0.0,0.0,0.0,0.0,0.0,0.0
69,69,72.59647938621008,0.0,85.7870448684722,0.0,71.8957374231536,96.54152895194629,0.0,89.45817716634336,0.0,89.20520209673863,0.0,76.4833008093997,67.68009159893444,65.69322970135717,0.0,0.0,0.0,0.0,0.0,0.0,0.0,0.0,0.0,0.0,0.0,0.0
70,70,75.44656801832772,0.0,84.16563997583438,0.0,71.34166157618253,98.22076432475278,0.0,89.19362323211567,0.0,91.11852847631434,0.0,77.05813734348588,67.98812615917127,65.3790948691907,0.0,0.0,0.0,0.0,0.0,0.0,0.0,0.0,0.0,0.0,0.0,0.0
71,71,74.19727475580014,0.0,84.01601958183002,0.0,71.21043165714359,96.52320251556682,0.0,89.46302648236278,0.0,89.90790768223422,0.0,77.62225596235231,68.67449712946654,66.44013675342167,0.0,0.0,0.0,0.0,0.0,0.0,0.0,0.0,0.0,0.0,0.0,0.0
72,72,75.29577950814011,0.0,84.08799568630849,0.0,70.73383336276382,96.53509135718676,0.0,89.92884673480107,0.0,91.87025394801313,0.0,78.84623694902902,67.44360571596745,65.67058109376029,0.0,0.0,0.0,0.0,0.0,0.0,0.0,0.0,0.0,0.0,0.0,0.0
73,73,73.47923291166697,0.0,81.79421468168776,0.0,70.35775514552341,95.30355815732237,0.0,89.7099433614786,0.0,91.99803715794185,0.0,77.88458152482426,69.99504287953953,67.23738381920464,0.0,0.0,0.0,0.0,0.0,0.0,0.0,0.0,0.0,0.0,0.0,0.0
74,74,74.11932008864055,0.0,82.63615105431283,0.0,69.53279510517018,96.61622324006707,0.0,85.64020823944684,0.0,91.07047810673795,0.0,78.98291456073707,70.98800149473972,65.62878359248367,0.0,0.0,0.0,0.0,0.0,0.0,0.0,0.0,0.0,0.0,0.0,0.0
75,75,71.67647957333429,0.0,80.964906791799,0.0,70.43914325876422,97.3739297306296,0.0,88.16647425146841,0.0,92.37617837800786,0.0,78.6004476766145,70.8174680276139,68.78541517054222,0.0,0.0,0.0,0.0,0.0,0.0,0.0,0.0,0.0,0.0,0.0,0.0
76,76,73.30419214422055,0.0,79.70317358589429,0.0,70.23222092684634,96.98925746316476,0.0,87.30343749342924,0.0,93.5628845650558,0.0,78.71186950982407,71.7333172015535,68.59105901681257,0.0,0.0,0.0,0.0,0.0,0.0,0.0,0.0,0.0,0.0,0.0,0.0
77,77,72.34179900563285,0.0,81.03414717636859,0.0,67.0107128360767,96.37410369072275,0.0,87.50179923783652,0.0,91.46400707167473,0.0,80.62844488087767,71.7789826991934,67.65779160578737,0.0,0.0,0.0,0.0,0.0,0.0,0.0,0.0,0.0,0.0,0.0,0.0
78,78,72.6224286437531,0.0,82.31750001239203,0.0,68.1463585766365,94.38604503913717,0.0,86.69682504826912,0.0,93.04259797923932,0.0,80.47766410485964,70.53729002549841,67.92524394899046,0.0,0.0,0.0,0.0,0.0,0.0,0.0,0.0,0.0,0.0,0.0,0.0
79,79,69.47823622442579,0.0,79.64803129855339,0.0,69.2446074151152,95.63082337311955,0.0,86.90776194231061,0.0,92.94808555389044,0.0,80.73696227344776,71.35826646957283,67.74629815135849,0.0,0.0,0.0,0.0,0.0,0.0,0.0,0.0,0.0,0.0,0.0,0.0
80,80,70.90165080851473,0.0,78.68946162184183,0.0,67.9792702387461,96.82996853712919,0.0,87.14771098492128,0.0,93.15222738724657,0.0,81.72150576494101,74.2514136610238,68.48110788096567,0.0,0.0,0.0,0.0,0.0,0.0,0.0,0.0,0.0,0.0,0.0,0.0
81,81,71.30880152931869,0.0,79.16630558687294,0.0,66.40685678998783,96.5105819452015,0.0,85.20987025655633,0.0,94.29981409193522,0.0,79.61570698666472,73.35119372876696,68.2451732763107,0.0,0.0,0.0,0.0,0.0,0.0,0.0,0.0,0.0,0.0,0.0,0.0
82,82,70.75003937503604,0.0,78.36687447195331,0.0,66.21653461096997,95.27631485415759,0.0,85.1330642601968,0.0,93.56953506483515,0.0,81.6812064416967,72.29772333511066,70.7600517854662,0.0,0.0,0.0,0.0,0.0,0.0,0.0,0.0,0.0,0.0,0.0,0.0
83,83,70.47397211327987,0.0,78.80785110221863,0.0,66.69505262698723,96.46154862202908,0.0,85.4836362295429,0.0,95.00787690563025,0.0,82.5035921239384,74.87216368195106,70.41288413375943,0.0,0.0,0.0,0.0,0.0,0.0,0.0,0.0,0.0,0.0,0.0,0.0
84,84,70.93360200053286,0.0,76.54256818305085,0.0,66.30731396147117,96.37061089616948,0.0,83.70278390465214,0.0,95.37540976348353,0.0,82.30129961353074,75.00042600883478,67.81175508766486,0.0,0.0,0.0,0.0,0.0,0.0,0.0,0.0,0.0,0.0,0.0,0.0
85,85,72.84279630198486,0.0,76.34789312620168,0.0,64.89380967831295,94.99211710588261,0.0,84.23664503721241,0.0,93.7096497126695,0.0,83.65151274393621,73.67593401887957,71.63719752299967,0.0,0.0,0.0,0.0,0.0,0.0,0.0,0.0,0.0,0.0,0.0,0.0
86,86,70.02248123425876,0.0,75.89433899313683,0.0,64.30721472540084,94.91685226461921,0.0,85.13820417530566,0.0,94.83079568348496,0.0,84.1941597881875,77.22858092297335,69.12121574247978,0.0,0.0,0.0,0.0,0.0,0.0,0.0,0.0,0.0,0.0,0.0,0.0
87,87,70.26889099211819,0.0,74.97851687058834,0.0,0.0,94.72867648133807,0.0,84.03724181205382,0.0,95.32435978526168,0.0,84.49990436035013,74.64773722682025,69.79098993532546,63.797718298917566,0.0,0.0,0.0,0.0,0.0,0.0,0.0,0.0,0.0,0.0,0.0
88,88,67.4733427144539,0.0,77.18399488102276,0.0,0.0,94.40642937734637,0.0,85.38410618432663,0.0,93.8462720633344,0.0,83.7914814484913,76.81577063772502,71.8112302251652,65.06150788820571,0.0,0.0,0.0,0.0,0.0,0.0,0.0,0.0,0.0,0.0,0.0
89,89,68.62688858533957,0.0,73.71617928942966,0.0,0.0,95.67576467798995,0.0,83.67456837998726,0.0,97.33674612671992,0.0,85.25366329890451,75.90676787271333,73.85378626934656,65.20521759635892,0.0,0.0,0.0,0.0,0.0,0.0,0.0,0.0,0.0,0.0,0.0
90,90,69.40320600203529,0.0,74.26816063869067,0.0,0.0,93.25662800807,0.0,83.77624125966769,0.0,96.49845088957593,0.0,85.20139983582773,79.247611997338,70.56890854021525,68.75489403130652,0.0,0.0,0.0,0.0,0.0,0.0,0.0,0.0,0.0,0.0,0.0
91,91,72.33002433563553,0.0,73.7776323520476,0.0,0.0,93.54586190981478,0.0,82.76112812421553,0.0,94.73180622471806,0.0,85.5994279765965,77.41252891937125,72.01818909643733,66.48497037732861,0.0,0.0,0.0,0.0,0.0,0.0,0.0,0.0,0.0,0.0,0.0
92,92,69.05523546981672,0.0,73.84002588023394,0.0,0.0,93.90293748100378,0.0,79.61365744045776,0.0,95.78047698490582,0.0,86.55517630179968,79.29092243762905,72.22421022626702,67.3206986472479,0.0,0.0,0.0,0.0,0.0,0.0,0.0,0.0,0.0,0.0,0.0
93,93,68.44353549180241,0.0,74.10663772183102,0.0,0.0,93.22229589791769,0.0,82.92872579906152,0.0,97.13930454696593,0.0,87.0801865100131,77.72990880792409,72.18479156762403,70.08790615917903,0.0,0.0,0.0,0.0,0.0,0.0,0.0,0.0,0.0,0.0,0.0
94,94,68.46967735237047,0.0,73.20485091637262,0.0,0.0,93.28096965188348,0.0,79.7402518308457,0.0,95.88791244125642,0.0,87.14773184424014,79.60148117614196,73.39977277364405,70.17628777502458,0.0,0.0,0.0,0.0,0.0,0.0,0.0,0.0,0.0,0.0,0.0
95,95,65.08222578683201,0.0,73.30425701185389,0.0,0.0,95.33512744570842,0.0,80.7008070771115,0.0,95.98323489096693,0.0,88.04319144650698,80.64541153415693,72.11191422540448,66.97968236227669,0.0,0.0,0.0,0.0,0.0,0.0,0.0,0.0,0.0,0.0,0.0
96,96,67.3664964932347,0.0,71.20789562749181,0.0,0.0,92.5519606238132,0.0,80.51015864883568,0.0,95.72852388652784,0.0,87.87050616349367,80.02842714890927,72.0662479113569,67.87703465670793,0.0,0.0,0.0,0.0,0.0,0.0,0.0,0.0,0.0,0.0,0.0
97,97,66.05661887582043,0.0,72.4988773483906,0.0,0.0,91.19263403133928,0.0,79.4787365729556,0.0,96.94628183640909,0.0,87.73775093516808,80.04638405599212,74.55073910108761,68.72184790855297,0.0,0.0,0.0,0.0,0.0,0.0,0.0,0.0,0.0,0.0,0.0
98,98,68.27092577793039,0.0,71.24710507503538,0.0,0.0,93.03235681101881,0.0,81.87664144584106,0.0,96.99402636756363,0.0,86.6495264174967,80.8134381201282,73.0880271628815,69.52111973149057,0.0,0.0,0.0,0.0,0.0,0.0,0.0,0.0,0.0,0.0,0.0
99,99,66.59144156754145,0.0,70.64906698745874,0.0,0.0,90.08317141465042,0.0,81.38675066871143,0.0,96.9812593174491,0.0,86.94934874821612,82.83266751121654,73.51037556004134,70.76039110771644,0.0,0.0,0.0,0.0,0.0,0.0,0.0,0.0,0.0,0.0,0.0
100,100,67.69053682197745,0.0,68.9996839560388,0.0,0.0,91.47153230496967,0.0,78.66202767870996,0.0,96.41148104850602,0.0,88.12532339922997,81.70202256456665,73.2094436140782,71.4914939154365,0.0,0.0,0.0,0.0,0.0,0.0,0.0,0.0,0.0,0.0,0.0
101,101,65.59713013927049,0.0,69.86602578897123,0.0,0.0,91.86337679519882,0.0,78.77786483759536,0.0,94.90465791540728,0.0,88.48585289201156,84.54549234993301,73.78458043477654,70.46791879541937,0.0,0.0,0.0,0.0,0.0,0.0,0.0,0.0,0.0,0.0,0.0
102,102,64.50409030744683,0.0,67.946248763267,0.0,0.0,90.5994522859307,0.0,76.82127960615655,0.0,96.6365820324051,0.0,87.4660081279043,81.89489457074572,73.13594949690872,72.91329840168238,0.0,0.0,0.0,0.0,0.0,0.0,0.0,0.0,0.0,0.0,0.0
103,103,0.0,0.0,68.03984858451085,0.0,0.0,89.36912577056543,0.0,74.85282141479841,0.0,95.18725183424483,0.0,90.02324475777642,85.30313150767992,74.21535878265884,72.81302304648959,0.0,0.0,0.0,0.0,0.0,0.0,0.0,0.0,0.0,0.0,0.0
104,104,0.0,0.0,68.49853578125092,0.0,0.0,91.45007009655414,0.0,76.94435450533852,0.0,97.55913094085751,0.0,91.6100290416598,84.88191562319145,76.09861134823973,72.29629750183508,0.0,0.0,0.0,0.0,0.0,0.0,0.0,0.0,0.0,0.0,0.0
105,105,0.0,0.0,66.64684619894575,0.0,0.0,91.01049371254692,0.0,74.78123320416043,0.0,97.32159191415778,0.0,89.56334182905867,85.88415861337373,75.0611219899834,74.99230534453234,0.0,0.0,0.0,0.0,0.0,0.0,0.0,0.0,0.0,0.0,0.0
106,106,0.0,0.0,67.12128762742326,0.0,0.0,89.77227800884222,0.0,77.04333853474995,0.0,96.3263762538091,0.0,89.45725766760349,85.67347870521857,75.89039147645165,72.29636646518912,0.0,0.0,0.0,0.0,0.0,0.0,0.0,0.0,0.0,0.0,0.0
107,107,0.0,0.0,67.60208229341202,0.0,0.0,88.15429772955595,0.0,76.83679807969946,0.0,96.65219673830886,0.0,89.44017640657646,85.42992898908074,75.45626447580693,73.48162010908925,0.0,0.0,0.0,0.0,0.0,0.0,0.0,0.0,0.0,0.0,0.0
108,108,0.0,0.0,67.57639376556959,0.0,0.0,88.39720876273879,0.0,75.41534296783196,0.0,96.3955846163945,0.0,89.41635029830722,84.89305881537562,74.70433117029225,74.03219299223346,0.0,0.0,0.0,0.0,0.0,0.0,0.0,0.0,0.0,0.0,0.0
109,109,0.0,0.0,66.74816366874813,0.0,0.0,88.44794750453921,0.0,75.2014286352124,0.0,95.52608163586773,0.0,90.66726005496808,85.60904587379024,73.99148724684473,73.68967763459783,0.0,0.0,0.0,0.0,0.0,0.0,0.0,0.0,0.0,0.0,0.0
110,110,0.0,0.0,65.67574594912458,0.0,0.0,88.70721402487764,0.0,74.72428444063365,0.0,96.06289317143042,0.0,90.58983723099766,86.37278576015802,75.83701215413588,77.27581247147683,0.0,0.0,0.0,0.0,0.0,0.0,0.0,0.0,0.0,0.0,0.0
111,111,0.0,0.0,65.43050786057485,0.0,0.0,87.93383076796627,0.0,72.86069709188695,0.0,95.06446284190697,0.0,89.9535573754971,86.55572257809906,75.05771164357624,74.9366638702112,0.0,0.0,0.0,0.0,0.0,0.0,0.0,0.0,0.0,0.0,0.0
112,112,0.0,0.0,0.0,0.0,0.0,86.70527046218241,0.0,73.42952183476531,0.0,94.7787958442873,0.0,90.3196515403186,88.52865751632311,76.1903976279363,76.83721041345852,0.0,0.0,0.0,0.0,0.0,0.0,0.0,0.0,0.0,0.0,0.0
113,113,0.0,0.0,0.0,0.0,0.0,86.25712527383338,0.0,74.41207029646085,0.0,96.54228943319669,0.0,93.1547582209788,86.67552966580897,74.8932953361371,78.29458177741068,64.06853803339325,0.0,0.0,0.0,0.0,0.0,0.0,0.0,0.0,0.0,0.0
114,114,0.0,0.0,0.0,0.0,0.0,84.14091127925103,0.0,73.06875055974183,0.0,94.6895990775086,0.0,91.9366256136502,88.67416395248192,74.55847152580937,78.13261570379717,68.71956267797073,0.0,0.0,0.0,0.0,0.0,0.0,0.0,0.0,0.0,0.0
115,115,0.0,0.0,0.0,0.0,0.0,85.5437137093858,0.0,74.24437489010155,0.0,96.49824583581518,0.0,92.31618334579773,88.44005557138478,75.03235007461011,77.33202543683032,64.68379969238981,0.0,0.0,0.0,0.0,0.0,0.0,0.0,0.0,0.0,0.0
116,116,0.0,0.0,0.0,0.0,0.0,85.64423418428767,0.0,71.32224283624785,0.0,94.3494284784013,0.0,91.03106435182502,89.77433390000043,75.01774680759007,78.138057730521,64.94379848908113,0.0,0.0,0.0,0.0,0.0,0.0,0.0,0.0,0.0,0.0
117,117,0.0,0.0,0.0,0.0,0.0,84.44874805348826,0.0,71.85959564191553,0.0,95.09194952153862,0.0,92.42957281673442,89.60815598699865,75.79973096443568,80.24054654167736,66.34281093123396,0.0,0.0,0.0,0.0,0.0,0.0,0.0,0.0,0.0,0.0
118,118,0.0,0.0,0.0,0.0,0.0,82.19255278882494,0.0,71.5359338904676,0.0,93.21881593696993,0.0,90.65001186739303,89.7916655956836,76.12817258746755,77.1426461946269,65.90654943793622,0.0,0.0,0.0,0.0,0.0,0.0,0.0,0.0,0.0,0.0
119,119,0.0,0.0,0.0,0.0,0.0,82.55263040026426,0.0,70.0722796081485,0.0,93.10693360483653,0.0,92.04353714216141,90.28021567846935,76.45871476808475,80.38233264857439,67.02416289888006,0.0,0.0,0.0,0.0,0.0,0.0,0.0,0.0,0.0,0.0
120,120,0.0,0.0,0.0,0.0,0.0,83.25569384164878,0.0,69.35464898215714,0.0,95.37941698197822,0.0,92.36463069528774,91.05703839830134,75.67638950796018,79.90553328310068,68.28407443421645,0.0,0.0,0.0,0.0,0.0,0.0,0.0,0.0,0.0,0.0
121,121,0.0,0.0,0.0,0.0,0.0,80.56812670397095,0.0,72.21789214483587,0.0,93.97238756570006,0.0,91.47763561438973,90.87014236678102,75.719079493501,82.32674825429837,69.2882825720729,0.0,0.0,0.0,0.0,0.0,0.0,0.0,0.0,0.0,0.0
122,122,0.0,0.0,0.0,0.0,0.0,81.83231610657533,0.0,67.23037622317513,0.0,93.39662908352321,0.0,91.41008696071522,90.51405092581933,78.25631405277254,81.36684285780836,68.55535753094419,0.0,0.0,0.0,0.0,0.0,0.0,0.0,0.0,0.0,0.0
123,123,0.0,0.0,0.0,0.0,0.0,82.44139009764632,0.0,70.17386801143033,0.0,92.71769416320059,0.0,93.1463315456902,93.55477671976077,76.11570301393034,80.91414549586638,70.88837354621865,0.0,0.0,0.0,0.0,0.0,0.0,0.0,0.0,0.0,0.0
124,124,0.0,0.0,0.0,0.0,0.0,82.03834888668672,0.0,68.71021344000589,0.0,93.46308950776198,0.0,91.39158852609994,92.18726491561942,77.33134608885585,82.34917815545701,69.11676819137101,0.0,0.0,0.0,0.0,0.0,0.0,0.0,0.0,0.0,0.0
125,125,0.0,0.0,0.0,0.0,0.0,81.77838762255753,0.0,69.45833649727864,0.0,92.45387978730766,0.0,92.69985241588796,91.75248757687594,78.21237865984419,82.714216361466,70.66727699986892,0.0,0.0,0.0,0.0,0.0,0.0,0.0,0.0,0.0,0.0
126,126,0.0,0.0,0.0,0.0,0.0,79.5711536380076,0.0,66.63820575101856,0.0,91.65738848529885,0.0,92.58352628148411,92.9529716982739,77.95238695248756,82.53662098125383,71.32359015638956,0.0,0.0,0.0,0.0,0.0,0.0,0.0,0.0,0.0,0.0
127,127,0.0,0.0,0.0,0.0,0.0,79.97735103079762,0.0,67.15035538056344,0.0,88.91222737450626,0.0,91.10217977582198,91.28312997273592,77.453322960674,83.38493266415317,71.92256841416504,0.0,0.0,0.0,0.0,0.0,0.0,0.0,0.0,0.0,0.0
128,128,0.0,0.0,0.0,0.0,0.0,79.80536657598326,0.0,65.21883989315108,0.0,92.65507979227475,0.0,91.47629073895564,92.91214554355992,76.65510633882924,83.76935185802633,70.58296836375622,0.0,0.0,0.0,0.0,0.0,0.0,0.0,0.0,0.0,0.0
129,129,0.0,0.0,0.0,0.0,0.0,78.79735001163756,0.0,66.31984880931833,0.0,90.69304465909221,0.0,93.2581053244577,96.17387831209611,77.14238083256376,83.16816493648805,71.27981253367578,0.0,0.0,0.0,0.0,0.0,0.0,0.0,0.0,0.0,0.0
130,130,0.0,0.0,0.0,0.0,0.0,78.19571455033817,0.0,64.46604272207851,0.0,90.75995886720376,0.0,92.56093677543873,93.83412933370964,77.97228743914957,84.61022576545818,73.7466349109221,0.0,0.0,0.0,0.0,0.0,0.0,0.0,0.0,0.0,0.0
131,131,0.0,0.0,0.0,0.0,0.0,77.84824946032354,0.0,67.82449908522439,0.0,89.80706393638644,0.0,91.49891481783881,95.30438185339567,77.86892098681173,84.94716032591774,74.80515417656669,0.0,0.0,0.0,0.0,0.0,0.0,0.0,0.0,0.0,0.0
132,132,0.0,0.0,0.0,0.0,0.0,76.91897800625127,0.0,64.79465998014372,0.0,89.62765404500068,0.0,92.07507465713569,93.52828007382837,76.36687067367342,85.76183157188117,72.3752705445631,0.0,0.0,0.0,0.0,0.0,0.0,0.0,0.0,0.0,0.0
133,133,0.0,0.0,0.0,0.0,0.0,76.55449902346541,0.0,0.0,0.0,89.26014976874741,0.0,90.49147254753471,95.43596579743684,77.47745951100633,85.82522095450729,74.6303472537001,0.0,0.0,0.0,0.0,0.0,0.0,0.0,0.0,0.0,0.0
134,134,0.0,0.0,0.0,0.0,0.0,76.89614098424761,0.0,0.0,0.0,88.4205367601384,0.0,92.2419324969531,94.91110093103318,79.37285830051277,86.04448882392168,74.61951475531453,0.0,0.0,0.0,0.0,0.0,0.0,0.0,0.0,0.0,0.0
135,135,0.0,0.0,0.0,0.0,0.0,75.47846585630667,0.0,0.0,0.0,88.25953195916142,0.0,91.31994845023877,95.26900996102682,74.58463000519451,84.72228625066029,75.4623669062561,0.0,0.0,0.0,0.0,0.0,0.0,0.0,0.0,0.0,0.0
136,136,0.0,0.0,0.0,0.0,0.0,76.2383531184941,0.0,0.0,0.0,89.07823283743095,0.0,92.01606791035735,93.82391745811981,76.83645807546594,86.68456475078493,76.18624930336263,0.0,0.0,0.0,0.0,0.0,0.0,0.0,0.0,0.0,0.0
137,137,0.0,0.0,0.0,0.0,0.0,74.57959175538568,0.0,0.0,0.0,87.74834519959427,0.0,90.72290005967326,94.14891333381992,76.50741605088638,86.77080773552099,76.12278943525095,0.0,0.0,0.0,0.0,0.0,0.0,0.0,0.0,0.0,0.0
138,138,0.0,0.0,0.0,0.0,0.0,74.59842570364123,0.0,0.0,0.0,88.31024972651261,0.0,90.06440224811303,95.75734713398938,78.36944287033619,86.33326536724748,75.92782546144991,0.0,0.0,0.0,0.0,0.0,0.0,0.0,0.0,0.0,0.0
139,139,0.0,0.0,0.0,0.0,0.0,72.22762037137554,0.0,0.0,0.0,87.89131930096853,0.0,91.87509530654755,93.73838449427416,75.06296911621715,89.73575174491931,75.3826864501679,0.0,0.0,0.0,0.0,0.0,0.0,0.0,0.0,0.0,0.0
140,140,0.0,0.0,0.0,0.0,0.0,73.6407065673916,0.0,0.0,0.0,87.10539579460165,0.0,91.82610547941744,96.54858277841758,76.97952492091206,88.00400358331953,76.55652713394424,0.0,0.0,0.0,0.0,0.0,0.0,0.0,0.0,0.0,0.0
141,141,0.0,0.0,0.0,0.0,0.0,70.73380544638975,0.0,0.0,0.0,86.37567366429882,0.0,90.88428743804455,95.16122246608464,74.56465794173815,89.73286766512015,76.70596276652857,0.0,0.0,0.0,0.0,0.0,0.0,0.0,0.0,0.0,0.0
142,142,0.0,0.0,0.0,0.0,0.0,72.61224925219264,0.0,0.0,0.0,85.40327155916505,0.0,88.45747610335242,95.6236110546501,74.89084384983316,90.39387960581074,78.30123772333233,0.0,0.0,0.0,0.0,0.0,0.0,0.0,0.0,0.0,0.0
143,143,0.0,0.0,0.0,0.0,0.0,70.8557448875259,0.0,0.0,0.0,87.22567570493413,0.0,89.2203952350571,94.9236119865203,77.16027350072376,89.34514558780033,77.78886639641561,0.0,0.0,0.0,0.0,0.0,0.0,0.0,0.0,0.0,0.0
144,144,0.0,0.0,0.0,0.0,0.0,70.6065531385936,0.0,0.0,0.0,84.16843462864585,0.0,89.40976363835944,96.71899739321397,77.33335162243881,91.17703465285395,79.47363494660341,0.0,0.0,0.0,0.0,0.0,0.0,0.0,0.0,0.0,0.0
145,145,0.0,0.0,0.0,0.0,0.0,69.99114070014531,0.0,0.0,0.0,84.30709616976813,0.0,90.2379205071937,95.74374311591133,75.51058674039794,89.2445987285607,81.25260321737184,0.0,0.0,0.0,0.0,0.0,0.0,0.0,0.0,0.0,0.0
146,146,0.0,0.0,0.0,0.0,0.0,70.62968080404386,0.0,0.0,0.0,83.49101426954697,0.0,88.36964756023582,96.38451060060464,75.7833189872985,90.70088202935135,79.35656806678725,0.0,0.0,0.0,0.0,0.0,0.0,0.0,0.0,0.0,0.0
147,147,0.0,0.0,0.0,0.0,0.0,68.9737663732617,0.0,0.0,0.0,80.91891757353508,0.0,87.42240068497622,95.73565296118444,74.86667751280437,90.70320374366474,79.57928477312984,65.92698978701146,0.0,0.0,0.0,0.0,0.0,0.0,0.0,0.0,0.0
148,148,0.0,0.0,0.0,0.0,0.0,69.52789771046105,0.0,0.0,0.0,79.66830808944484,0.0,89.72913705872742,95.368926007772,72.95829852036951,91.57595625259047,81.14841455366346,65.34676946270989,64.55973294041263,0.0,0.0,0.0,0.0,0.0,0.0,0.0,0.0
149,149,0.0,0.0,0.0,0.0,0.0,69.62112895303119,0.0,0.0,0.0,81.66181502563,0.0,86.2627213727989,96.8716538454721,76.6359727168947,90.07438937407434,82.39686506588467,66.00991639965683,63.72827752972777,0.0,0.0,0.0,0.0,0.0,0.0,0.0,0.0
150,150,0.0,0.0,0.0,0.0,0.0,69.0120015862634,0.0,0.0,0.0,79.5957184397493,0.0,88.9080186156099,94.77039421910412,73.92914198124662,91.99298235019752,81.74010357795584,67.0947890194589,63.47667026016128,0.0,0.0,0.0,0.0,0.0,0.0,0.0,0.0
151,151,0.0,0.0,0.0,0.0,0.0,67.2863284192934,0.0,0.0,0.0,80.20339780606325,0.0,87.76266955750891,96.61913393497052,73.93246439178755,93.55567782470091,82.0299378412211,67.97816206724947,67.21389608047933,0.0,0.0,0.0,0.0,0.0,0.0,0.0,0.0
152,152,0.0,0.0,0.0,0.0,0.0,69.72116145501344,0.0,0.0,0.0,81.20732993046832,0.0,87.8612570645568,95.85007130435602,74.01088680708533,93.14338209702802,84.09299692762033,68.05946612509,66.51081093985312,0.0,0.0,0.0,0.0,0.0,0.0,0.0,0.0
153,153,0.0,0.0,0.0,0.0,0.0,68.01623383917503,0.0,0.0,0.0,80.45727770026656,0.0,86.48659577185755,94.40487683373138,73.9593872355384,92.42913245002327,83.54827874076982,67.1270949133233,66.28547123543338,0.0,0.0,0.0,0.0,0.0,0.0,0.0,0.0
154,154,0.0,0.0,0.0,0.0,0.0,65.9179981943462,0.0,0.0,0.0,80.11316021992006,0.0,88.44795247643161,95.62056409650137,76.50701073291886,91.8545246773666,83.0799692051101,68.14840841745169,66.48362011470452,0.0,0.0,0.0,0.0,0.0,0.0,0.0,0.0
155,155,0.0,0.0,0.0,0.0,0.0,65.98867594261327,0.0,0.0,0.0,78.85263629093117,0.0,84.79745131290973,93.5622495638109,73.13734030796476,94.00116284735982,83.53771763373855,68.90509690774888,70.96006058826839,0.0,0.0,0.0,0.0,0.0,0.0,0.0,0.0
156,156,0.0,0.0,0.0,0.0,0.0,67.86417742806702,0.0,0.0,0.0,79.07321598382184,0.0,84.69451770316738,96.56157877128487,74.33988191062755,94.4466952633088,84.10523275129273,68.01167916641897,68.13689079535907,0.0,0.0,0.0,0.0,0.0,0.0,0.0,0.0
157,157,0.0,0.0,0.0,0.0,0.0,65.43408063386377,0.0,0.0,0.0,77.68237239259052,0.0,84.45643255956186,95.24390340810899,72.78923540469647,95.87447415543723,85.20900096789967,68.68123929277229,67.96694596226509,0.0,0.0,0.0,0.0,0.0,0.0,0.0,0.0
158,158,0.0,0.0,0.0,0.0,0.0,65.23721864427509,0.0,0.0,0.0,74.02326793398285,0.0,83.79063690666416,96.41262367679202,72.28280790623377,93.25057568220375,84.45311729838781,69.59263230981087,70.14003681257275,0.0,0.0,0.0,0.0,0.0,0.0,0.0,0.0
159,159,0.0,0.0,0.0,0.0,0.0,64.90240050187471,0.0,0.0,0.0,78.35822436680922,0.0,83.38475625330177,95.21394544823245,73.81712898290142,93.85602359440976,84.98091548523163,68.10745077502949,68.90772694347748,0.0,0.0,0.0,0.0,0.0,0.0,0.0,0.0
160,160,0.0,0.0,0.0,0.0,0.0,0.0,0.0,0.0,0.0,76.70122418034428,0.0,84.43786509936464,94.97406078461485,75.81586490058203,94.66755582097537,85.64722691751415,69.84114777542538,69.11313707605534,67.88339541078012,0.0,0.0,0.0,0.0,0.0,0.0,0.0
161,161,0.0,0.0,0.0,0.0,0.0,0.0,0.0,0.0,0.0,77.42556984347397,0.0,83.5255106572595,95.21073361063071,73.78506828202838,94.91234468153607,87.27250991319573,69.9963604635666,71.20058575745199,67.6394516440166,0.0,0.0,0.0,0.0,0.0,0.0,0.0
162,162,0.0,0.0,0.0,0.0,0.0,0.0,0.0,0.0,0.0,75.15055566161405,0.0,84.57764256353992,95.51773937775378,72.6466150304115,93.51694248599006,86.59208828722683,71.06764710341724,70.05812815262921,65.27134609769541,0.0,0.0,0.0,0.0,0.0,0.0,0.0
163,163,0.0,0.0,0.0,0.0,0.0,0.0,0.0,0.0,0.0,74.83973022273611,0.0,84.96691034351821,98.04739869549117,72.8985080795551,94.454693945341,86.84893274846928,69.94074919621355,71.19349274857188,68.06825424807553,0.0,0.0,0.0,0.0,0.0,0.0,0.0
164,164,0.0,0.0,0.0,0.0,0.0,0.0,0.0,0.0,0.0,75.14031211390183,0.0,81.39350482584636,94.8371836915178,70.98607879877346,97.55119365516181,89.03849351154663,71.96747643381165,69.9016859646746,67.37896390503245,0.0,0.0,0.0,0.0,0.0,0.0,0.0
165,165,0.0,0.0,0.0,0.0,0.0,0.0,0.0,0.0,0.0,73.80645436204465,0.0,80.94370439697163,93.40758273892752,71.84005285336855,94.45820164993437,89.18647796358755,70.9147142106151,71.78399422261108,68.57061748697039,0.0,0.0,0.0,0.0,0.0,0.0,0.0
166,166,0.0,0.0,0.0,0.0,0.0,0.0,0.0,0.0,0.0,76.27026415275574,0.0,80.06527341000483,92.9503896701791,72.22753573008309,96.09038707054548,89.01398221804153,71.96714221868822,70.71029445143638,64.99861309667202,0.0,0.0,0.0,0.0,0.0,0.0,0.0
167,167,0.0,0.0,0.0,0.0,0.0,0.0,0.0,0.0,0.0,75.30767145936673,0.0,81.09537541507032,92.60349684943544,71.28716374856876,95.19610893200091,88.92384638218185,73.86300144912506,74.38234011175837,68.21749562783138,0.0,0.0,0.0,0.0,0.0,0.0,0.0
168,168,0.0,0.0,0.0,0.0,0.0,0.0,0.0,0.0,0.0,73.15017225640051,0.0,81.82029785550677,95.42282735598947,72.48540790525405,95.45474892484894,90.66079809809759,73.26961814343062,72.48102281018434,70.1151634033143,0.0,0.0,0.0,0.0,0.0,0.0,0.0
169,169,0.0,0.0,0.0,0.0,0.0,0.0,0.0,0.0,0.0,73.48497520056702,0.0,78.8774664769746,93.33649451874862,70.25026982060666,97.89044145753185,88.53339241606464,73.4592853906768,73.75099300526124,70.77336938446297,0.0,0.0,0.0,0.0,0.0,0.0,0.0
170,170,0.0,0.0,0.0,0.0,0.0,0.0,0.0,0.0,0.0,71.72265601792655,0.0,81.00828712048789,93.18654688307525,71.14360947738325,97.02156244713643,90.83640923691718,73.15073846926533,75.47714077885695,68.78970039527877,0.0,0.0,0.0,0.0,0.0,0.0,0.0
171,171,0.0,0.0,0.0,0.0,0.0,0.0,0.0,0.0,0.0,72.02032342224143,0.0,79.36168475626279,90.5349157723738,71.61047517572827,95.8164428858334,90.58933295502662,74.94195544977786,72.5247916531941,70.22315481981039,0.0,0.0,0.0,0.0,0.0,0.0,0.0
172,172,0.0,0.0,0.0,0.0,0.0,0.0,0.0,0.0,0.0,71.73892148421949,0.0,79.95973017178505,91.63743869519438,70.93500861437013,93.60546110625062,91.49240271530813,73.75574014531223,73.51179749599513,72.77690784549876,0.0,0.0,0.0,0.0,0.0,0.0,0.0
173,173,0.0,0.0,0.0,0.0,0.0,0.0,0.0,0.0,0.0,71.51733876276289,0.0,79.81745582823736,92.62517050281535,69.48629126912604,96.94819154325093,91.09723034135556,72.6206051465333,74.68097113225177,70.09331970680303,0.0,0.0,0.0,0.0,0.0,0.0,0.0
174,174,0.0,0.0,0.0,0.0,0.0,0.0,0.0,0.0,0.0,70.18152634465748,0.0,78.93899619145006,91.93185612990277,70.06568238897486,94.9080361080118,91.21353359772321,73.77595561034443,74.13440035755187,72.20042781124609,0.0,0.0,0.0,0.0,0.0,0.0,0.0
175,175,0.0,0.0,0.0,0.0,0.0,0.0,0.0,0.0,0.0,70.14511570721422,0.0,79.344295270535,90.3622837200616,67.37961905324221,96.24023943414096,92.17531815110922,76.113939257172,75.63818741111554,71.80175438692139,0.0,0.0,0.0,0.0,0.0,0.0,0.0
176,176,0.0,0.0,0.0,0.0,0.0,0.0,0.0,0.0,0.0,69.10406361488106,0.0,76.62787454305818,90.06520126261624,69.05161665574079,96.89954189963882,94.06589395939835,76.66077391437366,75.71547349720758,73.21552594520706,0.0,0.0,0.0,0.0,0.0,0.0,0.0
177,177,0.0,0.0,0.0,0.0,0.0,0.0,0.0,0.0,0.0,67.44541086907115,0.0,77.74721514481881,88.758236288236,69.97592131875088,95.38399749561054,93.07109642382069,76.70276683984909,75.82302828037807,72.79274723479935,0.0,0.0,0.0,0.0,0.0,0.0,0.0
178,178,0.0,0.0,0.0,0.0,0.0,0.0,0.0,0.0,0.0,67.30845724104043,0.0,76.96778661083785,88.70463448449634,68.2516123703913,94.40551484677727,93.62315648788052,74.3869251229703,77.56116499294696,72.11445837318736,0.0,0.0,0.0,0.0,0.0,0.0,0.0
179,179,0.0,0.0,0.0,0.0,0.0,0.0,0.0,0.0,0.0,67.70970606121666,0.0,78.03252461875125,90.15159762469986,69.30397351461157,95.7050229573284,94.88989453634036,75.426731813046,77.35399051758611,75.35607405815885,0.0,0.0,0.0,0.0,0.0,0.0,0.0
180,180,0.0,0.0,0.0,0.0,0.0,0.0,0.0,0.0,0.0,67.29524977079038,0.0,76.5835703461526,89.10824288000339,67.53058384803579,94.8217922384155,92.89119656155198,78.2955915424929,75.68685221470183,76.55837976237295,0.0,0.0,0.0,0.0,0.0,0.0,0.0
181,181,0.0,0.0,0.0,0.0,0.0,0.0,0.0,0.0,0.0,69.01117047102153,0.0,74.24844363632533,88.60372226700146,66.7144094987879,96.69526930470003,95.8990932227188,75.69902820547127,77.7270542999134,75.26382321179695,0.0,0.0,0.0,0.0,0.0,0.0,0.0
182,182,0.0,0.0,0.0,0.0,0.0,0.0,0.0,0.0,0.0,66.67649933335518,0.0,74.46711098882899,86.97504470956117,68.02992298871914,94.57931060378206,93.58979780339632,76.37973526122543,77.53926012432981,73.35078414948254,0.0,0.0,0.0,0.0,0.0,0.0,0.0
183,183,0.0,0.0,0.0,0.0,0.0,0.0,0.0,0.0,0.0,66.20409703729028,0.0,74.38427417329434,86.9818971105399,66.92835010648572,94.88724767980892,92.28054636564724,78.07456602162685,79.01892156181928,75.6212183782934,0.0,0.0,0.0,0.0,0.0,0.0,0.0
184,184,0.0,0.0,0.0,0.0,0.0,0.0,0.0,0.0,0.0,65.33639476283794,0.0,73.32856865173864,88.33818893356718,69.48545590111713,94.50940377005801,93.9949552637723,77.09800038620413,76.55183068874793,75.78915523409647,0.0,0.0,0.0,0.0,0.0,0.0,0.0
185,185,0.0,0.0,0.0,0.0,0.0,0.0,0.0,0.0,0.0,64.72784432174251,0.0,74.4922964897768,87.33724932052692,67.35471093460482,93.55068685261423,95.12069532581953,77.25535909995972,79.50339781796197,77.44105268966851,0.0,0.0,0.0,0.0,0.0,0.0,0.0
186,186,0.0,0.0,0.0,0.0,0.0,0.0,0.0,0.0,0.0,64.58852628285642,0.0,73.43918271396348,86.10635323974573,66.24300658827244,93.80331453803767,94.42836578360631,79.04098805039672,80.1933784836208,76.81833636864546,0.0,0.0,0.0,0.0,0.0,0.0,0.0
187,187,0.0,0.0,0.0,0.0,0.0,0.0,0.0,0.0,0.0,0.0,0.0,73.45211408595269,86.68604876335462,65.717427506118,94.73349323628848,95.01232924238593,80.24071093570758,80.33149259890033,76.65891002450154,65.27368048315468,0.0,0.0,0.0,0.0,0.0,0.0
188,188,0.0,0.0,0.0,0.0,0.0,0.0,0.0,0.0,0.0,0.0,0.0,72.94449202629737,85.39304000110229,66.00413887847512,95.17695205344485,94.7522416991027,79.80654338292811,79.06524871636867,78.6196089259338,64.54882955988883,0.0,0.0,0.0,0.0,0.0,0.0
189,189,0.0,0.0,0.0,0.0,0.0,0.0,0.0,0.0,0.0,0.0,0.0,70.89168112216154,83.83354659603361,63.34055312298823,94.04617367546614,95.49793659384723,80.36797386519203,80.86752051936446,77.7973273904314,64.89926049132518,0.0,0.0,0.0,0.0,0.0,0.0
190,190,0.0,0.0,0.0,0.0,0.0,0.0,0.0,0.0,0.0,0.0,0.0,70.68669011299744,85.20827541334334,64.37181631590515,93.80456141201886,95.30303510417292,78.78376393162469,80.25340310456308,78.15466839485296,66.47947897349624,0.0,0.0,0.0,0.0,0.0,0.0
191,191,0.0,0.0,0.0,0.0,0.0,0.0,0.0,0.0,0.0,0.0,0.0,71.90218600937713,84.58274312753755,64.29586197116231,94.65033546033283,95.14482448538243,79.76446472964672,80.5527169984732,79.40265670150201,66.89500483099154,0.0,0.0,0.0,0.0,0.0,0.0
192,192,0.0,0.0,0.0,0.0,0.0,0.0,0.0,0.0,0.0,0.0,0.0,71.680614869263,83.22297248121275,0.0,92.79675389920548,95.67405821548799,80.26831189309279,81.73729378901942,79.78158320604916,66.08185824524426,0.0,0.0,0.0,0.0,0.0,0.0
193,193,0.0,0.0,0.0,0.0,0.0,0.0,0.0,0.0,0.0,0.0,0.0,70.65244753029594,84.96327987037112,0.0,93.45454417423808,96.56360692903847,80.21058276829177,81.35686664495327,80.31778768652507,70.89521922070398,0.0,0.0,0.0,0.0,0.0,0.0
194,194,0.0,0.0,0.0,0.0,0.0,0.0,0.0,0.0,0.0,0.0,0.0,69.11146723713514,82.53081640760587,0.0,94.31453940533564,96.96523486514505,81.28606855679315,82.34082850077199,82.87978237780202,67.63788191491363,0.0,0.0,0.0,0.0,0.0,0.0
195,195,0.0,0.0,0.0,0.0,0.0,0.0,0.0,0.0,0.0,0.0,0.0,69.5454410258512,83.31463687328612,0.0,91.15933064875681,96.74864544929,84.27169203550687,82.1501101148497,81.1748065279009,69.0131542405998,0.0,0.0,0.0,0.0,0.0,0.0
196,196,0.0,0.0,0.0,0.0,0.0,0.0,0.0,0.0,0.0,0.0,0.0,69.15586157304521,80.93066642046827,0.0,93.55016003370645,96.32499458540518,82.2824786876369,82.03106384647117,80.65138697199076,70.35796510653884,0.0,0.0,0.0,0.0,0.0,0.0
197,197,0.0,0.0,0.0,0.0,0.0,0.0,0.0,0.0,0.0,0.0,0.0,67.73692581946548,80.64820859495022,0.0,93.20966421755196,95.73811648905664,80.61218424780036,83.6429750681039,81.74821026777758,71.12952090633733,0.0,0.0,0.0,0.0,0.0,0.0
198,198,0.0,0.0,0.0,0.0,0.0,0.0,0.0,0.0,0.0,0.0,0.0,68.74144414986768,81.44805564011531,0.0,92.8060799311221,95.95090331658409,82.7999548227694,82.58520225323362,81.92600875639648,70.36036883419588,0.0,0.0,0.0,0.0,0.0,0.0
199,199,0.0,0.0,0.0,0.0,0.0,0.0,0.0,0.0,0.0,0.0,0.0,68.47446618868014,80.41561129099483,0.0,90.91509279786007,96.4100349529041,81.16532028673768,83.81889006388772,82.97571034280341,70.17374971609019,0.0,0.0,0.0,0.0,0.0,0.0
200,200,0.0,0.0,0.0,0.0,0.0,0.0,0.0,0.0,0.0,0.0,0.0,68.04197547595045,80.09597756419775,0.0,91.22515328728603,97.57827012336321,81.30702160577916,85.50074330351285,83.78647350832499,68.79295430441232,0.0,0.0,0.0,0.0,0.0,0.0
201,201,0.0,0.0,0.0,0.0,0.0,0.0,0.0,0.0,0.0,0.0,0.0,67.16757120049331,79.65920191994961,0.0,89.71620196489042,97.33505089129721,83.26706888720884,82.94594620950244,84.09105980266148,69.69105632113336,0.0,0.0,0.0,0.0,0.0,0.0
202,202,0.0,0.0,0.0,0.0,0.0,0.0,0.0,0.0,0.0,0.0,0.0,66.5971414986496,77.28605162976636,0.0,90.93343359664321,94.85607516477849,82.83360738903313,83.7417143062709,84.72355136365144,71.69199560034043,0.0,0.0,0.0,0.0,0.0,0.0
203,203,0.0,0.0,0.0,0.0,0.0,0.0,0.0,0.0,0.0,0.0,0.0,66.17673013179866,78.28242529293031,0.0,88.8061286385327,96.58073319014909,83.72433883065813,83.44905620407155,87.39520212997998,72.62373278295019,0.0,0.0,0.0,0.0,0.0,0.0
204,204,0.0,0.0,0.0,0.0,0.0,0.0,0.0,0.0,0.0,0.0,0.0,65.55950796474556,77.25716770212098,0.0,91.23494818717398,97.01156263483284,84.2648292335208,83.26047996998032,84.8088178757227,73.67188564311118,0.0,0.0,0.0,0.0,0.0,0.0
205,205,0.0,0.0,0.0,0.0,0.0,0.0,0.0,0.0,0.0,0.0,0.0,67.14518188459292,78.22823221575896,0.0,90.86685567716715,96.33595949873835,83.86269042965829,85.05375198025635,85.18811215292294,73.83280092740591,0.0,0.0,0.0,0.0,0.0,0.0
206,206,0.0,0.0,0.0,0.0,0.0,0.0,0.0,0.0,0.0,0.0,0.0,0.0,75.8210339454074,0.0,89.19534352425772,96.12385423291731,84.133624910658,86.46455067851726,85.25156313663439,74.34578032988746,0.0,0.0,0.0,0.0,0.0,0.0
207,207,0.0,0.0,0.0,0.0,0.0,0.0,0.0,0.0,0.0,0.0,0.0,0.0,76.44960521827475,0.0,90.2835818146107,94.3459928234009,82.77946952324956,86.42064481334326,86.57537973397095,72.97323010856712,0.0,0.0,0.0,0.0,0.0,0.0
208,208,0.0,0.0,0.0,0.0,0.0,0.0,0.0,0.0,0.0,0.0,0.0,0.0,76.51821289209782,0.0,87.21693983836943,96.21192428359326,84.5587250304758,83.98619351036429,88.37482897209946,73.96959722678321,0.0,0.0,0.0,0.0,0.0,0.0
209,209,0.0,0.0,0.0,0.0,0.0,0.0,0.0,0.0,0.0,0.0,0.0,0.0,73.8581695511641,0.0,88.27371970310575,96.93003151529568,84.75321616303493,84.99403813433992,87.85461750521421,76.19648216905743,0.0,0.0,0.0,0.0,0.0,0.0
210,210,0.0,0.0,0.0,0.0,0.0,0.0,0.0,0.0,0.0,0.0,0.0,0.0,75.11293930090223,0.0,87.76516679680776,95.71671361708741,83.20600310692976,84.3606967067176,89.5424647146584,74.40732436326226,0.0,0.0,0.0,0.0,0.0,0.0
211,211,0.0,0.0,0.0,0.0,0.0,0.0,0.0,0.0,0.0,0.0,0.0,0.0,76.23902424317824,0.0,87.58361150774914,95.03306800324391,83.12156217447838,85.27308744111663,89.49107648710296,75.49062747448582,0.0,0.0,0.0,0.0,0.0,0.0
212,212,0.0,0.0,0.0,0.0,0.0,0.0,0.0,0.0,0.0,0.0,0.0,0.0,74.57195989367705,0.0,87.12904433534268,96.71692372624545,84.36784076054202,85.93627768897392,89.24561989183869,75.938753611688,0.0,0.0,0.0,0.0,0.0,0.0
213,213,0.0,0.0,0.0,0.0,0.0,0.0,0.0,0.0,0.0,0.0,0.0,0.0,71.7101857527192,0.0,85.053572407737,94.78869092067991,84.01108081307562,86.6200477659987,87.28307695563613,78.30612812994767,65.37174216898859,0.0,0.0,0.0,0.0,0.0
214,214,0.0,0.0,0.0,0.0,0.0,0.0,0.0,0.0,0.0,0.0,0.0,0.0,74.60097456744145,0.0,84.1792686763894,95.39416810420758,83.45173706603887,83.52049597876172,90.06885876084638,76.3221334578609,63.95988012011577,0.0,0.0,0.0,0.0,0.0
215,215,0.0,0.0,0.0,0.0,0.0,0.0,0.0,0.0,0.0,0.0,0.0,0.0,74.6130929601954,0.0,84.19552467428024,95.12390690262352,83.84010651161815,85.90672219398296,89.91708963625987,76.1485232529602,67.92759175296713,0.0,0.0,0.0,0.0,0.0
216,216,0.0,0.0,0.0,0.0,0.0,0.0,0.0,0.0,0.0,0.0,0.0,0.0,73.47981979033948,0.0,83.55164212597576,94.48597526263609,84.10846498474704,86.71481104985732,92.61426095788667,80.05507290170011,66.59867495813509,0.0,0.0,0.0,0.0,0.0
217,217,0.0,0.0,0.0,0.0,0.0,0.0,0.0,0.0,0.0,0.0,0.0,0.0,72.38346760865026,0.0,83.34034164153948,94.56675970684496,84.54397528759202,85.17977684266744,91.83395190164548,78.77940087798395,66.63990468527406,0.0,0.0,0.0,0.0,0.0
218,218,0.0,0.0,0.0,0.0,0.0,0.0,0.0,0.0,0.0,0.0,0.0,0.0,71.79954180609893,0.0,83.65088709479026,94.10568063193628,86.01439213084596,85.0956380245938,91.14073570524597,78.8502456850609,65.9701474164675,0.0,0.0,0.0,0.0,0.0
219,219,0.0,0.0,0.0,0.0,0.0,0.0,0.0,0.0,0.0,0.0,0.0,0.0,70.91983571571994,0.0,82.27335555847199,94.54737761700576,84.46791984784167,87.71359304312601,92.37867905200578,79.55605767904228,66.90876862056841,0.0,0.0,0.0,0.0,0.0
220,220,0.0,0.0,0.0,0.0,0.0,0.0,0.0,0.0,0.0,0.0,0.0,0.0,70.38290740313171,0.0,83.65617404127379,94.82898570150972,83.11766839091621,86.71430190483613,94.28461604911152,80.32293500452373,68.41490107413809,0.0,0.0,0.0,0.0,0.0
221,221,0.0,0.0,0.0,0.0,0.0,0.0,0.0,0.0,0.0,0.0,0.0,0.0,69.95299948912853,0.0,83.1270653270166,95.80365960910093,84.59687585355594,89.01948125041378,90.94666560837558,81.70483969885247,69.56492664137815,0.0,0.0,0.0,0.0,0.0
222,222,0.0,0.0,0.0,0.0,0.0,0.0,0.0,0.0,0.0,0.0,0.0,0.0,68.75301641178795,0.0,80.79298475266025,91.76864289792582,83.13958958995266,84.69971369577702,93.69878156980309,80.6615439626229,68.38949931438071,0.0,0.0,0.0,0.0,0.0
223,223,0.0,0.0,0.0,0.0,0.0,0.0,0.0,0.0,0.0,0.0,0.0,0.0,70.41627222014041,0.0,80.17557671368026,94.12080160029058,84.06569363173423,87.36234726875443,92.65245758178663,79.85925937006373,70.85630996468561,0.0,0.0,0.0,0.0,0.0
224,224,0.0,0.0,0.0,0.0,0.0,0.0,0.0,0.0,0.0,0.0,0.0,0.0,68.02249721976945,0.0,79.42656360383528,92.55789933101632,83.82988151272488,86.81793022260656,94.44350968654334,83.25053265925311,69.36148668269803,0.0,0.0,0.0,0.0,0.0
225,225,0.0,0.0,0.0,0.0,0.0,0.0,0.0,0.0,0.0,0.0,0.0,0.0,68.37357676509407,0.0,80.38204198367796,92.52105074200804,84.13063932198145,87.69669895949973,92.40905106842388,82.11529000154556,69.7122812432076,0.0,0.0,0.0,0.0,0.0
226,226,0.0,0.0,0.0,0.0,0.0,0.0,0.0,0.0,0.0,0.0,0.0,0.0,68.84388839951008,0.0,80.67326148180362,90.52878645433708,83.34766084946041,87.25168645437306,93.87403285274405,83.37817338695842,71.45473065157717,0.0,0.0,0.0,0.0,0.0
227,227,0.0,0.0,0.0,0.0,0.0,0.0,0.0,0.0,0.0,0.0,0.0,0.0,66.09373119812251,0.0,77.8178292156427,92.30157596750225,83.519375716363,86.83036149025847,94.70774186015636,83.88343321993904,70.07891604960177,0.0,0.0,0.0,0.0,0.0
228,228,0.0,0.0,0.0,0.0,0.0,0.0,0.0,0.0,0.0,0.0,0.0,0.0,68.1049888264087,0.0,79.36409530963385,92.32010590693449,83.08815509677494,87.6181293674531,93.93691576117754,83.98919154229252,69.90365755355315,0.0,0.0,0.0,0.0,0.0
229,229,0.0,0.0,0.0,0.0,0.0,0.0,0.0,0.0,0.0,0.0,0.0,0.0,66.20416953056937,0.0,80.55788327746728,91.03752577350264,84.01112659769058,86.0734355817295,93.43475372744207,84.81291152282822,73.13528100402748,0.0,0.0,0.0,0.0,0.0
230,230,0.0,0.0,0.0,0.0,0.0,0.0,0.0,0.0,0.0,0.0,0.0,0.0,66.14359970243166,0.0,77.57007681194959,90.2876916181659,83.21370819721508,86.29631188187672,95.60802868609208,83.76547221040633,72.13900915696462,0.0,0.0,0.0,0.0,0.0
231,231,0.0,0.0,0.0,0.0,0.0,0.0,0.0,0.0,0.0,0.0,0.0,0.0,67.84177616671948,0.0,77.56868030353607,91.65490273030903,82.82562212635594,88.09047942133719,94.71193861775897,85.90445205754136,71.45856157332123,0.0,0.0,0.0,0.0,0.0
232,232,0.0,0.0,0.0,0.0,0.0,0.0,0.0,0.0,0.0,0.0,0.0,0.0,65.50740601069914,0.0,77.71693118150391,91.15437249415561,83.57841846325478,87.49482744051426,95.18248321132945,85.39329931880413,74.08615233303988,0.0,0.0,0.0,0.0,0.0
233,233,0.0,0.0,0.0,0.0,0.0,0.0,0.0,0.0,0.0,0.0,0.0,0.0,64.16316909237274,0.0,76.38383407925062,89.59762699186226,82.64944670691271,84.96162734357125,97.2133359267179,86.96074519080103,75.94493978942506,0.0,0.0,0.0,0.0,0.0
234,234,0.0,0.0,0.0,0.0,0.0,0.0,0.0,0.0,0.0,0.0,0.0,0.0,0.0,0.0,76.64598529034367,89.00802456274653,84.45518492575287,87.37936125316462,95.95098085124509,86.99289606354844,74.39772984106217,0.0,0.0,0.0,0.0,0.0
235,235,0.0,0.0,0.0,0.0,0.0,0.0,0.0,0.0,0.0,0.0,0.0,0.0,0.0,0.0,76.22403019444585,87.3580221709602,83.74874424025967,87.23861635347089,94.0901212228071,86.15842117547405,75.75636212750237,0.0,0.0,0.0,0.0,0.0
236,236,0.0,0.0,0.0,0.0,0.0,0.0,0.0,0.0,0.0,0.0,0.0,0.0,0.0,0.0,75.55264360453474,87.17471575187724,81.42988681627475,85.23519551996331,95.0790278468706,88.31175393036416,73.94535119439158,0.0,0.0,0.0,0.0,0.0
237,237,0.0,0.0,0.0,0.0,0.0,0.0,0.0,0.0,0.0,0.0,0.0,0.0,0.0,0.0,74.72197026272394,87.65792959009684,83.42643324900715,85.68738908361246,95.46181418666468,86.33264605200283,75.78941221970159,0.0,0.0,0.0,0.0,0.0
238,238,0.0,0.0,0.0,0.0,0.0,0.0,0.0,0.0,0.0,0.0,0.0,0.0,0.0,0.0,73.06026516031584,86.26062502586132,83.07304314886757,86.9997434038635,95.72973774763109,88.01016611879152,77.84195377329765,66.32554430454512,0.0,0.0,0.0,0.0
239,239,0.0,0.0,0.0,0.0,0.0,0.0,0.0,0.0,0.0,0.0,0.0,0.0,0.0,0.0,74.90433749974437,85.06771395597771,83.14735944566361,85.78398256443664,96.94348409662908,88.19094288466746,76.87448895521186,63.516685204803885,0.0,0.0,0.0,0.0
240,240,0.0,0.0,0.0,0.0,0.0,0.0,0.0,0.0,0.0,0.0,0.0,0.0,0.0,0.0,72.30589243830002,86.63267206988306,83.04063909081371,84.51095494083208,94.44610641138702,87.88698836348294,77.61935845247021,67.06158953870829,0.0,0.0,0.0,0.0
241,241,0.0,0.0,0.0,0.0,0.0,0.0,0.0,0.0,0.0,0.0,0.0,0.0,0.0,0.0,72.04625194134908,86.93487069945071,81.29933200199062,86.744520255262,98.03750132428624,89.58253305452155,77.98160447902809,68.53029265716752,0.0,0.0,0.0,0.0
242,242,0.0,0.0,0.0,0.0,0.0,0.0,0.0,0.0,0.0,0.0,0.0,0.0,0.0,0.0,71.86290886451694,85.6878540072879,82.58382121885444,86.20619410303604,96.11460107960941,91.3904681907964,79.14434676105587,67.15498651560505,0.0,0.0,0.0,0.0
243,243,0.0,0.0,0.0,0.0,0.0,0.0,0.0,0.0,0.0,0.0,0.0,0.0,0.0,0.0,70.55889194381245,84.46684312700785,79.37412278693186,85.65420835554818,97.54821560777721,89.3084045817217,78.32064401675977,68.78717000596905,0.0,0.0,0.0,0.0
244,244,0.0,0.0,0.0,0.0,0.0,0.0,0.0,0.0,0.0,0.0,0.0,0.0,0.0,0.0,70.12442858707874,84.10935719211243,81.23858803422493,86.51373705192276,96.14087574483467,90.7874582685404,79.04522915953874,67.12252359252186,0.0,0.0,0.0,0.0
245,245,0.0,0.0,0.0,0.0,0.0,0.0,0.0,0.0,0.0,0.0,0.0,0.0,0.0,0.0,72.60730287571619,81.86551338516215,82.18600424821292,85.61037805525928,96.33391089580206,90.4522628660487,78.34982189530223,67.26019033656682,0.0,0.0,0.0,0.0
246,246,0.0,0.0,0.0,0.0,0.0,0.0,0.0,0.0,0.0,0.0,0.0,0.0,0.0,0.0,70.25630018093503,83.89409148055343,80.88524213909344,84.36101968591107,95.58629956633665,90.06400049124262,81.71151136304817,67.73103054644803,0.0,0.0,0.0,0.0
247,247,0.0,0.0,0.0,0.0,0.0,0.0,0.0,0.0,0.0,0.0,0.0,0.0,0.0,0.0,69.34512032044944,84.45528024277611,79.76966203060846,84.13234817309203,96.75962828911916,91.65584937835168,79.93308650582057,69.44808091666378,0.0,0.0,0.0,0.0
248,248,0.0,0.0,0.0,0.0,0.0,0.0,0.0,0.0,0.0,0.0,0.0,0.0,0.0,0.0,72.275206347396,83.71357925061442,80.2622867091335,83.96186168821882,97.4957918092987,91.21910298247047,80.4191317562804,70.77578656409216,0.0,0.0,0.0,0.0
249,249,0.0,0.0,0.0,0.0,0.0,0.0,0.0,0.0,0.0,0.0,0.0,0.0,0.0,0.0,69.17278652131674,81.7919661144964,79.12336539035365,82.25823736369334,96.59326290717904,91.45852501482602,82.53992380432163,70.69598408896022,0.0,0.0,0.0,0.0
250,250,0.0,0.0,0.0,0.0,0.0,0.0,0.0,0.0,0.0,0.0,0.0,0.0,0.0,0.0,71.5361802397955,80.78075075787073,79.26357421325208,85.06064950688756,96.02977324648825,93.24923469341928,81.81196861020418,68.76913005186826,0.0,0.0,0.0,0.0
251,251,0.0,0.0,0.0,0.0,0.0,0.0,0.0,0.0,0.0,0.0,0.0,0.0,0.0,0.0,68.88283946450582,78.48251600870003,78.74876001118305,81.95076192812047,96.09199093104554,92.00379051164674,81.64787995716385,71.36325684870064,0.0,0.0,0.0,0.0
252,252,0.0,0.0,0.0,0.0,0.0,0.0,0.0,0.0,0.0,0.0,0.0,0.0,0.0,0.0,67.45713132977924,79.7403461379857,78.86016168712797,82.51071862135898,96.10090981420095,93.38280910321593,83.00774085584885,70.03159277950009,0.0,0.0,0.0,0.0
253,253,0.0,0.0,0.0,0.0,0.0,0.0,0.0,0.0,0.0,0.0,0.0,0.0,0.0,0.0,67.98858400451644,80.11116010192144,80.43222527855234,82.09435661664918,95.16453098516884,93.14320015756965,83.13902645840892,71.30195498530819,0.0,0.0,0.0,0.0
254,254,0.0,0.0,0.0,0.0,0.0,0.0,0.0,0.0,0.0,0.0,0.0,0.0,0.0,0.0,66.42915514624308,79.93341113040262,78.65833948121897,83.4005894590503,97.07681384028952,92.06600571846275,82.76421198068658,70.74808050003823,0.0,0.0,0.0,0.0
255,255,0.0,0.0,0.0,0.0,0.0,0.0,0.0,0.0,0.0,0.0,0.0,0.0,0.0,0.0,67.31951413696706,79.62383863444941,76.80712788130862,82.79640314858145,94.75698377405534,94.77746491646883,83.55078228609469,71.57699360746298,0.0,0.0,0.0,0.0
256,256,0.0,0.0,0.0,0.0,0.0,0.0,0.0,0.0,0.0,0.0,0.0,0.0,0.0,0.0,66.96301974629768,78.25450070898307,76.94827521162887,81.29937461447271,95.05078665576423,93.3879316867605,83.7688012596103,71.53262813210723,0.0,0.0,0.0,0.0
257,257,0.0,0.0,0.0,0.0,0.0,0.0,0.0,0.0,0.0,0.0,0.0,0.0,0.0,0.0,66.0895256656136,76.65522343507124,78.47383321691503,81.26352442831427,96.16585500307923,92.12574785970916,86.33072670963993,74.37771099324029,0.0,0.0,0.0,0.0
258,258,0.0,0.0,0.0,0.0,0.0,0.0,0.0,0.0,0.0,0.0,0.0,0.0,0.0,0.0,65.82110071901133,77.98803836922323,77.87130839690643,78.92819005388554,93.67589480320174,95.37036620175768,87.86326524038346,74.43320971888923,0.0,0.0,0.0,0.0
259,259,0.0,0.0,0.0,0.0,0.0,0.0,0.0,0.0,0.0,0.0,0.0,0.0,0.0,0.0,0.0,77.43455257170582,76.56793745273774,81.05768628272847,93.78856867404987,91.76079129577336,86.76402527532511,74.89288297919428,65.02552861239377,0.0,0.0,0.0
260,260,0.0,0.0,0.0,0.0,0.0,0.0,0.0,0.0,0.0,0.0,0.0,0.0,0.0,0.0,0.0,78.26459219797981,76.91767239779755,80.22744608241491,95.70595986693394,94.94789117761049,85.29785840970443,73.87387440171297,63.950533177507516,0.0,0.0,0.0
261,261,0.0,0.0,0.0,0.0,0.0,0.0,0.0,0.0,0.0,0.0,0.0,0.0,0.0,0.0,0.0,78.14213495325083,75.86073880046942,79.3140349114195,94.32455283975352,95.62427312814711,85.44425814425162,75.06449765881385,64.83711958784933,63.7146940987068,0.0,0.0
262,262,0.0,0.0,0.0,0.0,0.0,0.0,0.0,0.0,0.0,0.0,0.0,0.0,0.0,0.0,0.0,73.61253687605233,76.15251422075947,78.71926369624619,94.88562204111865,94.56071261899652,86.8828445490643,76.50519604245815,64.59144111324372,63.88460684781956,0.0,0.0
263,263,0.0,0.0,0.0,0.0,0.0,0.0,0.0,0.0,0.0,0.0,0.0,0.0,0.0,0.0,0.0,76.19228503260632,74.49899874952548,80.88034209291446,94.59662389581557,95.5847996795914,86.92218411609709,76.25365082322853,68.51705163831856,66.62004837434698,0.0,0.0
264,264,0.0,0.0,0.0,0.0,0.0,0.0,0.0,0.0,0.0,0.0,0.0,0.0,0.0,0.0,0.0,73.14552196781038,74.76856447062909,77.60196440980307,94.22989041273686,96.72923699472032,89.12896223262881,76.05879599848437,66.94805070741631,65.85702921363088,0.0,0.0
265,265,0.0,0.0,0.0,0.0,0.0,0.0,0.0,0.0,0.0,0.0,0.0,0.0,0.0,0.0,0.0,74.25330758396257,74.0076374047809,79.31611274059343,91.91132006858176,95.3352512685976,87.90143937005794,76.90608537261559,68.23505564900229,66.23632657178115,0.0,0.0
266,266,0.0,0.0,0.0,0.0,0.0,0.0,0.0,0.0,0.0,0.0,0.0,0.0,0.0,0.0,0.0,73.778390369856,72.67068951338476,77.7264789110842,94.58809471128536,96.07822919217057,88.81395843692728,77.75852927200503,66.91511883844903,65.83995593107849,0.0,0.0
267,267,0.0,0.0,0.0,0.0,0.0,0.0,0.0,0.0,0.0,0.0,0.0,0.0,0.0,0.0,0.0,73.52997065120893,74.52146532852026,77.23348316752651,93.96820263834275,95.42364443585072,88.0644840017023,78.60434686071217,70.00753974701607,67.43614532675407,0.0,0.0
268,268,0.0,0.0,0.0,0.0,0.0,0.0,0.0,0.0,0.0,0.0,0.0,0.0,0.0,0.0,0.0,71.54494809262013,74.53593612676598,77.77964999679234,92.36279986983,96.02699119946278,88.71012777382569,78.40327831692177,69.23237322562164,66.32490175414564,0.0,0.0
269,269,0.0,0.0,0.0,0.0,0.0,0.0,0.0,0.0,0.0,0.0,0.0,0.0,0.0,0.0,0.0,72.86394024524007,73.87873384434548,76.47988383671158,93.9986789954821,97.82190417824972,90.0640505319353,78.7656810948693,70.65677751019545,67.60965112666446,0.0,0.0
270,270,0.0,0.0,0.0,0.0,0.0,0.0,0.0,0.0,0.0,0.0,0.0,0.0,0.0,0.0,0.0,73.22580933491027,73.31461173051017,78.41345963376466,92.40981142618601,94.60431362941448,90.00525495522287,80.16785473168333,68.3886243708871,68.05249610361149,0.0,0.0
271,271,0.0,0.0,0.0,0.0,0.0,0.0,0.0,0.0,0.0,0.0,0.0,0.0,0.0,0.0,0.0,71.87954139044774,72.99440552882703,76.4317705703219,91.88397847380266,96.24197099497846,91.33901200610866,80.63520178531802,70.72582312257359,67.8859828760105,0.0,0.0
272,272,0.0,0.0,0.0,0.0,0.0,0.0,0.0,0.0,0.0,0.0,0.0,0.0,0.0,0.0,0.0,71.81935492979083,71.01864122416433,74.01643043440001,92.26024010184065,96.40245702905844,89.61213308364249,79.04954193172114,71.0016896984627,67.95498326823366,0.0,0.0
273,273,0.0,0.0,0.0,0.0,0.0,0.0,0.0,0.0,0.0,0.0,0.0,0.0,0.0,0.0,0.0,70.81525247782558,72.35418811082941,76.31523795629471,91.07499555926448,95.41442309203202,89.27294915946844,80.84721186529173,71.40497772269659,69.05297121791634,0.0,0.0
274,274,0.0,0.0,0.0,0.0,0.0,0.0,0.0,0.0,0.0,0.0,0.0,0.0,0.0,0.0,0.0,69.13050990599203,70.9810037101779,74.94157048578431,89.7132419724326,96.21546919137654,92.36325911672935,81.30019389997858,72.56223714175411,70.57039126766696,64.44310418564042,0.0
275,275,0.0,0.0,0.0,0.0,0.0,0.0,0.0,0.0,0.0,0.0,0.0,0.0,0.0,0.0,0.0,68.6133013474051,70.93594427880512,74.39872223819594,89.9805071444971,97.36424291318929,91.23852455480464,81.64081569238105,72.0021326717362,69.14190910770199,64.80150611543917,0.0
276,276,0.0,0.0,0.0,0.0,0.0,0.0,0.0,0.0,0.0,0.0,0.0,0.0,0.0,0.0,0.0,67.42050773528617,69.80935352229199,72.51381789112767,90.91490324732901,96.53706300203918,92.73900298986467,81.53496056299801,71.87400994604654,69.55259863774083,67.05009083187562,0.0
277,277,0.0,0.0,0.0,0.0,0.0,0.0,0.0,0.0,0.0,0.0,0.0,0.0,0.0,0.0,0.0,68.12201408604726,68.08692243922108,74.8641972244577,89.09389780073582,96.01193864876534,94.813853558729,83.15325073683371,73.346598672508,67.36685830463156,66.10039814013516,0.0
278,278,0.0,0.0,0.0,0.0,0.0,0.0,0.0,0.0,0.0,0.0,0.0,0.0,0.0,0.0,0.0,68.95167754864393,68.75390271262717,73.9470811119739,89.22126137307087,94.58638653853826,93.95476002176147,82.07352164833424,73.92641805145729,68.67195580907249,65.78475677836737,0.0
279,279,0.0,0.0,0.0,0.0,0.0,0.0,0.0,0.0,0.0,0.0,0.0,0.0,0.0,0.0,0.0,65.88840612741987,71.9903319154498,72.80605012484536,90.56694257929625,96.2776685065897,93.48146571375624,83.66846088788184,72.90846598989536,70.75671399259336,64.8937275148328,0.0
280,280,0.0,0.0,0.0,0.0,0.0,0.0,0.0,0.0,0.0,0.0,0.0,0.0,0.0,0.0,0.0,66.15176688970634,70.18536685875168,72.88628821133526,88.37529307578019,95.43515988340323,93.87028960243505,84.66378295392447,73.58579054152486,72.55787660775431,66.87208320143236,0.0
281,281,0.0,0.0,0.0,0.0,0.0,0.0,0.0,0.0,0.0,0.0,0.0,0.0,0.0,0.0,0.0,65.82374543474131,68.17834009480536,73.59554674603257,87.66941298517021,95.85790475614769,94.66866576741506,85.54078662244372,75.53736220600862,70.07254992705079,65.26608108715945,0.0
282,282,0.0,0.0,0.0,0.0,0.0,0.0,0.0,0.0,0.0,0.0,0.0,0.0,0.0,0.0,0.0,67.07377638322967,68.69594265710585,72.08346463301078,86.77418007928101,94.73709734920487,93.43213590536395,83.93823964669136,75.61453355587349,70.83378510133899,66.40221690846158,0.0
283,283,0.0,0.0,0.0,0.0,0.0,0.0,0.0,0.0,0.0,0.0,0.0,0.0,0.0,0.0,0.0,66.16938000503653,67.857531401727,72.89520112980706,87.36119637688653,95.81211876379996,93.83712725350479,84.59727754189798,75.41467807491931,69.95080730730652,66.11970116945054,0.0
284,284,0.0,0.0,0.0,0.0,0.0,0.0,0.0,0.0,0.0,0.0,0.0,0.0,0.0,0.0,0.0,64.93636632407788,68.45352640491572,70.93622731573555,85.77793137289842,96.28627669591586,94.02375125181457,84.13657812545077,77.17932809439854,70.45768204155881,68.15615775160924,0.0
285,285,0.0,0.0,0.0,0.0,0.0,0.0,0.0,0.0,0.0,0.0,0.0,0.0,0.0,0.0,0.0,65.01858693833917,69.58760606536559,71.00365367256076,85.18721713263628,96.25966673323569,96.55395403521595,85.7397357271452,76.29990629636022,68.9315111949464,66.37782400698946,0.0
286,286,0.0,0.0,0.0,0.0,0.0,0.0,0.0,0.0,0.0,0.0,0.0,0.0,0.0,0.0,0.0,0.0,65.35778226607634,71.30830220024636,86.40556379602275,93.91129756615462,95.73250381143853,83.88166600017311,78.76534526877707,70.83403816672185,65.91758134578666,64.72151947599998
287,287,0.0,0.0,0.0,0.0,0.0,0.0,0.0,0.0,0.0,0.0,0.0,0.0,0.0,0.0,0.0,0.0,66.40903101857403,71.35225403950476,86.18310769668045,93.55692607221783,92.64752378749056,87.94469294913762,76.82630288841064,70.984603541546,66.68433874582347,66.32913229773463
288,288,0.0,0.0,0.0,0.0,0.0,0.0,0.0,0.0,0.0,0.0,0.0,0.0,0.0,0.0,0.0,0.0,69.10337739256285,70.00020844449017,83.65523173556204,95.18011840907812,94.00201729142306,87.58628134417152,76.83019741247188,71.40629762782554,65.41468065152407,67.19553117606954
289,289,0.0,0.0,0.0,0.0,0.0,0.0,0.0,0.0,0.0,0.0,0.0,0.0,0.0,0.0,0.0,0.0,66.84232228133011,68.8260673407669,85.32244017564496,94.35932491610235,95.7426793525355,85.72999593417448,77.91077802574281,71.62561673162963,68.08539885935184,68.09627547658181
290,290,0.0,0.0,0.0,0.0,0.0,0.0,0.0,0.0,0.0,0.0,0.0,0.0,0.0,0.0,0.0,0.0,69.23741978719227,71.68940755134098,85.26586977016305,93.57806088565378,95.85155681707559,86.7618970828846,77.89573088965258,70.89820312132179,66.78188391389064,65.5209045873482
291,291,0.0,0.0,0.0,0.0,0.0,0.0,0.0,0.0,0.0,0.0,0.0,0.0,0.0,0.0,0.0,0.0,64.80419271916796,68.25403893352292,83.96259761891758,93.68497770123633,94.82108222187065,88.92370469181124,78.45492246283237,72.44001473951997,66.39808600992102,66.97695443417776
292,292,0.0,0.0,0.0,0.0,0.0,0.0,0.0,0.0,0.0,0.0,0.0,0.0,0.0,0.0,0.0,0.0,65.01849370258516,69.36837638122506,82.3942538195122,94.53414848275591,95.87227237238416,87.10607782080046,79.78003613357646,70.874858100276,67.38591065777281,67.62646374841897
293,293,0.0,0.0,0.0,0.0,0.0,0.0,0.0,0.0,0.0,0.0,0.0,0.0,0.0,0.0,0.0,0.0,65.98772830934242,68.38822149984675,82.22542569321958,94.57333109179415,94.29528083981134,87.11000821469698,80.5872815710263,73.07234535263298,67.06807271401475,67.8611447013859
294,294,0.0,0.0,0.0,0.0,0.0,0.0,0.0,0.0,0.0,0.0,0.0,0.0,0.0,0.0,0.0,0.0,0.0,68.01530692705973,83.24611842069041,92.4312389099579,94.63586375216224,87.90691458239147,82.65355166938545,72.24825462219512,68.17322747539993,68.48829377206833
295,295,0.0,0.0,0.0,0.0,0.0,0.0,0.0,0.0,0.0,0.0,0.0,0.0,0.0,0.0,0.0,0.0,0.0,67.82657842730993,81.59527804964235,92.9974449967862,95.4122959247685,89.46680894103608,82.26542748577744,70.42791287738169,66.41920994305036,69.14989548906509
296,296,0.0,0.0,0.0,0.0,0.0,0.0,0.0,0.0,0.0,0.0,0.0,0.0,0.0,0.0,0.0,0.0,0.0,67.24374187036547,81.8952369090715,93.37828940109738,94.84946366435774,89.97669443191539,82.5417261958411,71.89002723249482,68.53471143860158,69.13329844383918
297,297,0.0,0.0,0.0,0.0,0.0,0.0,0.0,0.0,0.0,0.0,0.0,0.0,0.0,0.0,0.0,0.0,0.0,68.67504972963776,81.74745681379461,93.03783907905681,94.96948597492909,89.91924410242437,82.35264410527753,71.41700939663403,67.26181883011566,70.84770032841813
298,298,0.0,0.0,0.0,0.0,0.0,0.0,0.0,0.0,0.0,0.0,0.0,0.0,0.0,0.0,0.0,0.0,0.0,66.53477737069123,79.99802522103785,91.24216507087009,94.61772453243351,91.42044453224544,81.8809856132905,72.7545157713041,68.07186001823138,69.66389491187013
299,299,0.0,0.0,0.0,0.0,0.0,0.0,0.0,0.0,0.0,0.0,0.0,0.0,0.0,0.0,0.0,0.0,0.0,64.28556778386921,81.1690027189898,93.18856224560777,95.32629353464425,91.67778637012906,83.23366355980286,71.6992511345203,69.34824163721338,69.93901697954746
