,time,158,203,1307,1285,136,181,1330,1263,159,1308,204,1286
0,0,22.940680645761972,46.049004509447286,16.817776474982168,0.0,0.0,0.0,0.0,0.0,0.0,0.0,0.0,0.0
1,1,23.365050312607565,45.80868487577837,16.72288704983754,0.0,0.0,0.0,0.0,0.0,0.0,0.0,0.0,0.0
2,2,23.795889624184056,45.56866407995966,16.65571790272385,0.0,0.0,0.0,0.0,0.0,0.0,0.0,0.0,0.0
3,3,24.232489784379112,45.329047444414606,16.616676147465242,0.0,0.0,0.0,0.0,0.0,0.0,0.0,0.0,0.0
4,4,24.674107694061448,45.08993959264906,16.60598922989439,0.0,0.0,0.0,0.0,0.0,0.0,0.0,0.0,0.0
5,5,25.12011163543417,44.85145813709189,16.62376156333619,0.0,0.0,0.0,0.0,0.0,0.0,0.0,0.0,0.0
6,6,25.56986101963254,44.61371551460812,16.66984728229167,0.0,0.0,0.0,0.0,0.0,0.0,0.0,0.0,0.0
7,7,26.022782076835767,44.37683747651366,16.743978568868712,0.0,0.0,0.0,0.0,0.0,0.0,0.0,0.0,0.0
8,8,26.478327579667983,44.14094445122603,16.845689451295712,0.0,0.0,0.0,0.0,0.0,0.0,0.0,0.0,0.0
9,9,26.935964628000633,43.90616561006602,16.97438927789034,0.0,0.0,0.0,0.0,0.0,0.0,0.0,0.0,0.0
10,10,27.39524206892481,43.67263918330715,17.129274961702208,0.0,0.0,0.0,0.0,0.0,0.0,0.0,0.0,0.0
11,11,27.855695844485005,43.440497794970966,17.30949166046932,0.0,0.0,0.0,0.0,0.0,0.0,0.0,0.0,0.0
12,12,28.316916013615305,43.20988302838276,17.514049137918207,0.0,0.0,0.0,0.0,0.0,0.0,0.0,0.0,0.0
13,13,28.778511013541433,42.98094060519144,17.74186258880286,0.0,0.0,0.0,0.0,0.0,0.0,0.0,0.0,0.0
14,14,29.240117164596164,42.75382036741379,17.991811144348972,0.0,0.0,0.0,0.0,0.0,0.0,0.0,0.0,0.0
15,15,29.70138694191715,42.52867101591485,18.262679363329482,0.0,0.0,0.0,0.0,0.0,0.0,0.0,0.0,0.0
16,16,30.16202715302169,42.30565563956402,18.553270896014837,0.0,0.0,0.0,0.0,0.0,0.0,0.0,0.0,0.0
17,17,30.621737157188825,42.08493085252142,18.86232990737159,0.0,0.0,0.0,0.0,0.0,0.0,0.0,0.0,0.0
18,18,31.080238465700482,41.86666235348943,19.188647829953254,0.0,0.0,0.0,0.0,0.0,0.0,0.0,0.0,0.0
19,19,31.53729135832741,41.651014194489605,19.531001559064507,47.517840546998535,0.0,0.0,0.0,0.0,0.0,0.0,0.0,0.0
20,20,31.992656125956678,41.43815390558811,19.888199959362964,47.19743613552805,47.694584678535016,0.0,0.0,0.0,0.0,0.0,0.0,0.0
21,21,32.44612844637461,41.228257959202715,20.259074368628347,46.87343618138224,47.47620120035692,0.0,0.0,0.0,0.0,0.0,0.0,0.0
22,22,32.89750246922367,41.02150627460166,20.642501905488288,46.545812826472506,47.25817733097554,0.0,0.0,0.0,0.0,0.0,0.0,0.0
23,23,33.346596464918946,40.81807064292913,21.037393328466038,46.214542989916076,47.04060199458105,0.0,0.0,0.0,0.0,0.0,0.0,0.0
24,24,33.79324279496665,40.618131250839006,21.442728023411306,45.87959561167946,46.82357125836625,0.0,0.0,0.0,0.0,0.0,0.0,0.0
25,25,34.23727908360417,40.42187094877553,21.857492996621417,45.54095329889302,46.60718014962631,0.0,0.0,0.0,0.0,0.0,0.0,0.0
26,26,34.6785791697161,40.22947502674487,22.2807913797878,45.19859079301056,46.391526718513376,0.0,0.0,0.0,0.0,0.0,0.0,0.0
27,27,35.11700433848021,40.041125036181846,22.711691091300466,44.85248814634302,46.1767120602873,0.0,0.0,0.0,0.0,0.0,0.0,0.0
28,28,35.55244214988537,39.857010219742484,23.14938818456828,44.502626478560785,45.962840332461504,0.0,0.0,0.0,0.0,0.0,0.0,0.0
29,29,35.984775114045185,39.677315416920166,23.593073434995006,44.14899286810699,45.75002319219218,0.0,0.0,0.0,0.0,0.0,0.0,0.0
30,30,36.41391002568864,39.50222048427553,24.04200372859023,43.79156127458344,45.538371099273924,0.0,0.0,0.0,0.0,0.0,0.0,0.0
31,31,36.83976193000855,39.33192429182152,24.495472006946926,43.43033122436894,45.327993067180095,0.0,0.0,0.0,0.0,0.0,0.0,0.0
32,32,37.262246792049716,39.166595574914126,24.95285712447192,43.06528950628817,45.11901470608112,0.0,0.0,0.0,0.0,0.0,0.0,0.0
33,33,37.68129505479393,39.006433763934254,25.41350520360126,42.69642963219006,44.91154657908723,0.0,0.0,0.0,0.0,0.0,0.0,0.0
34,34,38.09684393255097,38.851606893264346,25.876881210516828,42.3237418678626,44.70572525596466,0.0,0.0,0.0,0.0,0.0,0.0,0.0
35,35,38.50883698933104,38.70230072531765,26.342415947830787,41.947229023478165,44.50166255200466,0.0,0.0,0.0,0.0,0.0,0.0,0.0
36,36,38.917223744548686,38.55869349930199,26.809627326384494,41.56689663483437,44.299496513265886,0.0,0.0,0.0,0.0,0.0,0.0,0.0
37,37,39.32195930401966,38.420955267838494,27.278056068109414,41.18274754354929,44.0993540120623,0.0,0.0,0.0,0.0,0.0,0.0,0.0
38,38,39.72301004137842,38.289247242307766,27.747264829262434,40.79479295895392,43.90136943507409,0.0,0.0,0.0,0.0,0.0,0.0,0.0
39,39,40.12034677235752,38.16374720672153,28.216837323357247,40.403041550167174,43.7056799340793,0.0,0.0,0.0,0.0,0.0,0.0,0.0
40,40,40.51393868979158,38.044610352842604,28.6864087688446,40.00751690372421,43.51242534027026,0.0,0.0,0.0,0.0,0.0,0.0,0.0
41,41,40.90375935082701,37.93198800388499,29.15563076655215,39.608240735067476,43.3217430436427,0.0,0.0,0.0,0.0,0.0,0.0,0.0
42,42,41.28980311919934,37.82602717320885,29.624170685486263,39.20523873352837,43.133782852910784,0.0,0.0,0.0,0.0,0.0,0.0,0.0
43,43,41.672055991592416,37.72687012201965,30.09174994780343,38.79855344523599,42.94868175988278,0.0,0.0,0.0,0.0,0.0,0.0,0.0
44,44,42.05049648189792,37.6346539185721,30.55806297205681,38.388207201852225,42.766583749769765,0.0,0.0,0.0,0.0,0.0,0.0,0.0
45,45,42.42513850348294,37.54949657103561,31.022874018558753,37.97425899170606,42.587645111326324,0.0,0.0,0.0,0.0,0.0,0.0,0.0
46,46,42.79596624855326,37.471516561518754,31.485937746320815,37.556761150320774,42.41200317295778,0.0,0.0,0.0,0.0,0.0,0.0,0.0
47,47,43.16298763618884,37.40083259113559,31.947027687956584,37.13576525423432,42.23981765821844,0.0,0.0,0.0,0.0,0.0,0.0,0.0
48,48,43.52620736954528,37.33753615948164,32.40595228272588,36.71133579757629,42.0712339439027,0.0,0.0,0.0,0.0,0.0,0.0,0.0
49,49,43.8856321607674,37.28171811197616,32.862517878995035,36.28355847999314,41.90640376570201,0.0,0.0,0.0,0.0,0.0,0.0,0.0
50,50,44.241275393056284,37.2334616028213,33.316554454451065,35.852505691672725,41.745474342219474,0.0,0.0,0.0,0.0,0.0,0.0,0.0
51,51,44.5931424573854,37.19282812595811,33.76790557462609,35.41827948996501,41.58859341336022,0.0,0.0,0.0,0.0,0.0,0.0,0.0
52,52,44.94125921553885,37.159884513216504,34.2164274873197,34.98096878485086,41.43592006278207,0.0,0.0,0.0,0.0,0.0,0.0,0.0
53,53,45.28563393460425,37.13467540617194,34.66198828211247,34.54069424010977,41.28759145705267,0.0,0.0,0.0,0.0,0.0,0.0,0.0
54,54,45.626294496359755,37.117236699999864,35.1044671099856,34.09757957015632,41.14376103423541,0.0,0.0,0.0,0.0,0.0,0.0,0.0
55,55,45.96325169684151,37.10759540902959,35.54375345839818,33.65175141265341,41.00457623753471,0.0,0.0,0.0,0.0,0.0,0.0,0.0
56,56,46.29653514114251,37.10576956485617,35.97974647750544,33.203364151229856,40.87017233657461,0.0,0.0,0.0,0.0,0.0,0.0,0.0
57,57,46.62616206586286,37.11175442315536,36.4123685611165,32.7525770257225,40.74069466641924,0.0,0.0,0.0,0.0,0.0,0.0,0.0
58,58,46.95216746520873,37.1255499067018,36.84152154435361,32.29955409915844,40.616281416345785,0.0,0.0,0.0,0.0,0.0,0.0,0.0
59,59,47.274569941998855,37.14712633296511,37.26715043061306,31.844499828043617,40.49706893941318,0.0,0.0,0.0,0.0,0.0,0.0,0.0
60,60,47.593397153930816,37.17645879899324,37.689179259791736,31.387608437067065,40.383185612403715,0.0,0.0,0.0,0.0,0.0,0.0,0.0
61,61,0.0,37.21350671784879,38.1075592164673,30.92909924834266,40.274763087223654,0.0,0.0,0.0,0.0,0.0,0.0,0.0
62,62,0.0,37.25820720684448,38.522234156089695,30.469228419504198,40.17192435198899,0.0,0.0,0.0,0.0,0.0,0.0,0.0
63,63,0.0,37.310495831508945,38.93317290576974,30.008233866098983,40.074783265145875,0.0,0.0,0.0,0.0,0.0,0.0,0.0
64,64,0.0,37.370306766326024,39.34032398202768,29.546412077116308,39.98345600986696,0.0,0.0,0.0,0.0,0.0,0.0,0.0
65,65,0.0,37.437552686972744,39.743659925569105,29.084052562148642,39.89805495680214,0.0,0.0,0.0,0.0,0.0,0.0,0.0
66,66,0.0,37.51213201028602,40.14316333204991,28.621488242829315,39.81867036536414,0.0,0.0,0.0,0.0,0.0,0.0,0.0
67,67,0.0,37.59394276439701,40.538808657729035,28.159056646100005,39.74541189500761,47.309889680568055,0.0,0.0,0.0,0.0,0.0,0.0
68,68,0.0,37.68287614486243,40.93057448325889,27.697143079746944,39.678360445422726,46.97818686153352,0.0,0.0,0.0,0.0,0.0,0.0
69,69,0.0,37.77880360343959,41.31845438087925,27.236151333754606,39.617597778736275,46.642436264896844,0.0,0.0,0.0,0.0,0.0,0.0
70,70,0.0,37.88159738355173,41.70244469049401,26.776504359428678,39.56320638079391,46.30259204591651,0.0,0.0,0.0,0.0,0.0,0.0
71,71,0.0,37.991124204353675,42.082528294326195,26.31865673971643,39.51525103654971,45.95860363302379,0.0,0.0,0.0,0.0,0.0,0.0
72,72,0.0,38.10723914726278,42.45871797599758,25.863120949374718,39.47378457239545,45.61043315530538,0.0,0.0,0.0,0.0,0.0,0.0
73,73,0.0,38.22977978448477,42.83101251015994,25.41041056904949,39.438872075304154,45.25803396182486,0.0,0.0,0.0,0.0,0.0,0.0
74,74,0.0,38.35860574202499,43.19941318098635,24.961088866964147,39.410554147714414,44.90135443445492,0.0,0.0,0.0,0.0,0.0,0.0
75,75,0.0,38.493540640449055,43.56393850400424,24.51577254207271,39.38885887850673,44.5403564085962,0.0,0.0,0.0,0.0,0.0,0.0
76,76,0.0,38.634430883805734,43.92458862016399,24.07509566591058,39.37382624465691,44.17500208370492,0.0,0.0,0.0,0.0,0.0,0.0
77,77,0.0,38.78109467397323,44.28138524518549,23.63973602552302,39.365465132765436,43.80523937032404,0.0,0.0,0.0,0.0,0.0,0.0
78,78,0.0,38.93336098387353,44.634341614994526,23.210417208478177,39.36379617327598,43.431030471329336,0.0,0.0,0.0,0.0,0.0,0.0
79,79,0.0,39.09105085568221,44.983477094669446,22.78792482198513,39.36880876932873,43.052338044274144,0.0,0.0,0.0,0.0,0.0,0.0
80,80,0.0,39.25399039914052,45.32881213782251,22.373051372401264,39.38051017032799,42.66912524882087,0.0,0.0,0.0,0.0,0.0,0.0
81,81,0.0,39.42198646458691,45.67036376610057,21.966667367609887,39.39887028763133,42.28135049879903,0.0,0.0,0.0,0.0,0.0,0.0
82,82,0.0,39.59485813602851,46.00816335366243,21.569679650570166,39.42388305949267,41.8889777881345,0.0,0.0,0.0,0.0,0.0,0.0
83,83,0.0,39.77242455954871,46.34223394284704,21.18301429327535,39.45549913867898,41.49197726275903,0.0,0.0,0.0,0.0,0.0,0.0
84,84,0.0,39.95449933344584,46.672595180337105,20.807692705970666,39.49369334071176,41.090314586416554,0.0,0.0,0.0,0.0,0.0,0.0
85,85,0.0,40.14089701542549,46.99928432515621,20.44472094805407,39.53840365157924,40.68395619219585,0.0,0.0,0.0,0.0,0.0,0.0
86,86,0.0,40.331421746267125,47.32232625778156,20.09518057509794,39.58958631875771,40.272875206061336,0.0,0.0,0.0,0.0,0.0,0.0
87,87,0.0,40.52589705841545,47.64175052016274,19.760177245423137,39.647167313893746,39.85705212680679,0.0,0.0,0.0,0.0,0.0,0.0
88,88,0.0,40.724142372074645,0.0,19.440816474643583,39.71107302228844,39.43646333686891,0.0,0.0,0.0,0.0,0.0,0.0
89,89,0.0,40.925967855732814,0.0,19.138264518274795,39.78123638645366,39.01108059411501,0.0,0.0,0.0,0.0,0.0,0.0
90,90,0.0,41.13119208640295,0.0,18.853671137316766,39.857560991288494,38.58088961253621,0.0,0.0,0.0,0.0,0.0,0.0
91,91,0.0,41.339641972713395,0.0,18.588174631823122,39.93995157657518,38.14587849730449,0.0,0.0,0.0,0.0,0.0,0.0
92,92,0.0,41.55113615819528,0.0,18.342944497452166,40.02832013004775,37.70604458015266,0.0,0.0,0.0,0.0,0.0,0.0
93,93,0.0,41.765507535951734,0.0,18.119057335192423,40.122556348570164,37.261368097734426,0.0,0.0,0.0,0.0,0.0,0.0
94,94,0.0,41.98257053575727,0.0,17.91759156912788,40.22254596855888,36.811851927113175,0.0,0.0,0.0,0.0,0.0,0.0
95,95,0.0,42.20217031873345,0.0,17.73955594556618,40.328176918103914,36.35749557738604,0.0,0.0,0.0,0.0,0.0,0.0
96,96,0.0,42.42413932820965,0.0,17.58585213576636,40.439322017497076,35.898316506233016,0.0,0.0,0.0,0.0,0.0,0.0
97,97,0.0,42.64830868167059,0.0,17.45733525338659,40.555868513951,35.434314772092335,0.0,0.0,0.0,0.0,0.0,0.0
98,98,0.0,42.8745291085658,0.0,17.35468012166625,40.67767190973943,34.965516567371836,0.0,0.0,0.0,0.0,0.0,0.0
99,99,0.0,43.1026396416083,0.0,17.27848385726722,40.8046142401248,34.49193809782952,0.0,0.0,0.0,0.0,0.0,0.0
100,100,0.0,43.33249366315414,0.0,17.229214292891427,40.936541085679444,34.013608134117156,0.0,0.0,0.0,0.0,0.0,0.0
101,101,0.0,43.56394346445478,0.0,17.207119287839177,41.07333059346044,33.53057750204969,0.0,0.0,0.0,0.0,0.0,0.0
102,102,0.0,43.79684056744032,0.0,17.21236003324158,41.21482550559542,33.04287117045826,0.0,0.0,0.0,0.0,0.0,0.0
103,103,0.0,44.03105540024338,0.0,17.244907722799994,41.360890157012946,32.550553499326256,0.0,0.0,0.0,0.0,0.0,0.0
104,104,0.0,44.26644292997659,0.0,17.30454431053336,41.51137689311234,32.05368883979172,0.0,0.0,0.0,0.0,0.0,0.0
105,105,0.0,44.50288162749302,0.0,17.390927394551355,41.666137691598436,31.55233210104926,0.0,0.0,0.0,0.0,0.0,0.0
106,106,0.0,44.74023961191784,0.0,17.50357797718908,41.825019009227304,31.046573475233146,0.0,0.0,0.0,0.0,0.0,0.0
107,107,0.0,44.97838932364645,0.0,17.641852133971042,41.98787839236389,30.536504606516438,0.0,0.0,0.0,0.0,0.0,0.0
108,108,0.0,45.217221140743995,0.0,17.804994683679055,42.1545629474202,30.02221827962888,0.0,0.0,0.0,0.0,0.0,0.0
109,109,0.0,45.45661550972257,0.0,17.992135294324854,42.32492588157129,29.503838102879833,47.70909673916049,0.0,0.0,0.0,0.0,0.0
110,110,0.0,45.69646594474302,0.0,18.202305840566027,42.49881077633338,28.98148099704236,47.45614023753875,0.0,0.0,0.0,0.0,0.0
111,111,0.0,45.93666087970232,0.0,18.434513913910735,42.67606783885022,28.45529789831584,47.20234371164977,0.0,0.0,0.0,0.0,0.0
112,112,0.0,46.177097149895395,0.0,18.687646773915745,42.8565538640929,27.92543441575736,46.947762309993045,0.0,0.0,0.0,0.0,0.0
113,113,0.0,46.41767964876785,0.0,18.960618147158243,43.04012198343216,27.39207396220374,46.69247488866958,0.0,0.0,0.0,0.0,0.0
114,114,0.0,46.65831255378038,0.0,19.252237015767818,43.22661702335111,26.855396483347228,46.43655139922786,0.0,0.0,0.0,0.0,0.0
115,115,0.0,46.898903694601785,0.0,19.561383874412257,43.415901140543916,26.315624274978845,46.18006510432977,0.0,0.0,0.0,0.0,0.0
116,116,0.0,47.13936448014205,0.0,19.8868798121744,43.60782848449532,25.772990834239963,45.92309705857635,0.0,0.0,0.0,0.0,0.0
117,117,0.0,47.3796138801907,0.0,20.227602139001434,43.80226051551819,25.22774145275048,45.66573650431762,0.0,0.0,0.0,0.0,0.0
118,118,0.0,47.61957007727965,0.0,20.582439926501806,43.999051322747995,24.68017249613888,45.4080677587997,0.0,0.0,0.0,0.0,0.0
119,119,0.0,0.0,0.0,20.95028588759864,44.1980674256987,24.1305849278383,45.1501834113676,0.0,0.0,0.0,0.0,0.0
120,120,0.0,0.0,0.0,21.330091015482523,44.39917786708092,23.57931096024393,44.892180097763,0.0,0.0,0.0,0.0,0.0
121,121,0.0,0.0,0.0,21.720850851321146,44.6022401897265,23.026731606597977,44.634158598974786,0.0,0.0,0.0,0.0,0.0
122,122,0.0,0.0,0.0,22.121577839606317,44.807133808425206,22.473268281274358,44.37623345040269,0.0,0.0,0.0,0.0,0.0
123,123,0.0,0.0,0.0,22.531334790203317,45.013722263375186,21.91935742745288,44.11850475521681,0.0,0.0,0.0,0.0,0.0
124,124,0.0,0.0,0.0,22.949249193855394,45.2218906719378,21.36549740148456,43.861086303543004,0.0,0.0,0.0,0.0,0.0
125,125,0.0,0.0,0.0,23.37446956167041,45.43151326240568,20.812240535157798,43.604111250317494,0.0,0.0,0.0,0.0,0.0
126,126,0.0,0.0,0.0,23.806221705187653,45.64246750387959,20.260199638895003,43.34768804111471,0.0,0.0,0.0,0.0,0.0
127,127,0.0,0.0,0.0,24.243724945138112,45.85464292813883,19.710021148207247,43.09195950324622,0.0,0.0,0.0,0.0,0.0
128,128,0.0,0.0,0.0,24.686286792240494,46.06792758981845,19.162440653444634,42.83704826542081,0.0,0.0,0.0,0.0,0.0
129,129,0.0,0.0,0.0,25.133245969762996,46.282208319197835,18.6182764799499,42.583107318188596,0.0,0.0,0.0,0.0,0.0
130,130,0.0,0.0,0.0,25.583959585190854,46.497375219039455,18.07843987717267,42.3302689119883,0.0,0.0,0.0,0.0,0.0
131,131,0.0,0.0,0.0,26.037839776436627,46.71333426842595,17.54388746872918,42.07868573151379,0.0,0.0,0.0,0.0,0.0
132,132,0.0,0.0,0.0,26.494361627694722,46.92997748341582,17.015745266769912,41.828510268529485,0.0,0.0,0.0,0.0,0.0
133,133,0.0,0.0,0.0,26.952978246004044,47.14721262436628,16.495206021631603,41.5799109750881,0.0,0.0,0.0,0.0,0.0
134,134,0.0,0.0,0.0,27.413236871889218,47.364942145554814,15.98361980123238,41.33303961535669,0.0,0.0,0.0,0.0,0.0
135,135,0.0,0.0,0.0,27.87466114629042,47.583075682983775,15.482467222180148,41.08806927838755,0.0,0.0,0.0,0.0,0.0
136,136,0.0,0.0,0.0,28.336851215612512,0.0,14.993417413337013,40.84517261025751,0.0,0.0,0.0,0.0,0.0
137,137,0.0,0.0,0.0,28.799403947153273,0.0,14.518249402463326,40.60453296830272,0.0,0.0,0.0,0.0,0.0
138,138,0.0,0.0,0.0,29.26196544496161,0.0,14.058953050328697,40.366327210073926,0.0,0.0,0.0,0.0,0.0
139,139,0.0,0.0,0.0,29.724187202523765,0.0,13.617690990727397,40.13074854989648,0.0,0.0,0.0,0.0,0.0
140,140,0.0,0.0,0.0,30.185765432429733,0.0,13.196826203538109,39.89797728889234,0.0,0.0,0.0,0.0,0.0
141,141,0.0,0.0,0.0,30.64638990616021,0.0,12.798919728016514,39.66821592521402,0.0,0.0,0.0,0.0,0.0
142,142,0.0,0.0,0.0,31.10581040735729,0.0,12.426631583947795,39.44166560450764,0.0,0.0,0.0,0.0,0.0
143,143,0.0,0.0,0.0,31.56375877777613,0.0,12.0828300504633,39.21851943210435,0.0,0.0,0.0,0.0,0.0
144,144,0.0,0.0,0.0,32.020004743996495,0.0,11.770405122782307,38.998992848010936,0.0,0.0,0.0,0.0,0.0
145,145,0.0,0.0,0.0,32.47434397113428,0.0,11.492382891286482,38.78329285130782,0.0,0.0,0.0,0.0,0.0
146,146,0.0,0.0,0.0,32.926562207347544,0.0,11.251630980190086,38.571623463754285,0.0,0.0,0.0,0.0,0.0
147,147,0.0,0.0,0.0,33.37648658288681,0.0,11.050874928743127,38.364204477613264,47.56403020917041,0.0,0.0,0.0,0.0
148,148,0.0,0.0,0.0,33.82394951283067,0.0,10.89261858818108,38.161252274180306,47.37575530542632,0.0,0.0,0.0,0.0
149,149,0.0,0.0,0.0,34.26878870623407,0.0,10.778893066089722,37.962972584643936,47.1888345077587,0.0,0.0,0.0,0.0
150,150,0.0,0.0,0.0,34.71087034041847,0.0,10.711308050552788,37.76959270672185,47.003362675359135,0.0,0.0,0.0,0.0
151,151,0.0,0.0,0.0,35.15005631449043,0.0,10.690791777996338,37.5813218398348,46.81944919862898,0.0,0.0,0.0,0.0
152,152,0.0,0.0,0.0,35.586234763213675,0.0,10.717630582915575,37.39839032795823,46.637193245010664,0.0,0.0,0.0,0.0
153,153,0.0,0.0,0.0,36.019288781697924,0.0,10.791483877247913,37.220995522078965,46.45670867760779,0.0,0.0,0.0,0.0
154,154,0.0,0.0,0.0,36.44913280154101,0.0,10.911240601184048,37.049368659452504,46.2781030982906,0.0,0.0,0.0,0.0
155,155,0.0,0.0,0.0,36.87567501302717,0.0,11.075320268715373,36.88371336178048,46.10148172481717,0.0,0.0,0.0,0.0
156,156,0.0,0.0,0.0,37.298831923908324,0.0,11.281568566845365,36.724238950454954,45.92696904566331,0.0,0.0,0.0,0.0
157,157,0.0,0.0,0.0,37.71852783430224,0.0,11.527473241148428,36.57115314329949,45.754669728564856,0.0,0.0,0.0,0.0
158,158,0.0,0.0,0.0,38.1347073926176,0.0,11.81028253361525,36.42466149428829,45.58470325058691,0.0,0.0,0.0,0.0
159,159,0.0,0.0,0.0,38.54731464131454,0.0,12.127057386296201,36.284959663971975,45.41718188556624,0.0,0.0,0.0,0.0
160,160,0.0,0.0,0.0,38.95629956594991,0.0,12.47483466093611,36.15223978091881,45.25223292616095,0.0,0.0,0.0,0.0
161,161,0.0,0.0,0.0,39.36161158975203,0.0,12.850677942721035,36.0266898497955,45.089971668366054,0.0,0.0,0.0,0.0
162,162,0.0,0.0,0.0,39.76322389754945,0.0,13.251821410829564,35.908478583752974,44.93050995089017,0.0,0.0,0.0,0.0
163,163,0.0,0.0,0.0,40.16110181865925,0.0,13.675544647297613,35.79778368757185,44.77398379449757,0.0,0.0,0.0,0.0
164,164,0.0,0.0,0.0,40.55521530409201,0.0,14.119315144529963,35.694769590796625,44.62050255541045,0.0,0.0,0.0,0.0
165,165,0.0,0.0,0.0,40.94554997731876,0.0,14.580847631993208,35.59959406057897,44.470190253741215,0.0,0.0,0.0,0.0
166,166,0.0,0.0,0.0,41.33208353587837,0.0,15.057956428951286,35.51238534598712,44.32316690316388,0.0,0.0,0.0,0.0
167,167,0.0,0.0,0.0,41.71480297919371,0.0,15.54870207316138,35.43328591186731,44.17955777872982,0.0,0.0,0.0,0.0
168,168,0.0,0.0,0.0,42.09370385026669,0.0,16.051307429484694,35.362422442447006,44.03947890544918,0.0,0.0,0.0,0.0
169,169,0.0,0.0,0.0,42.46878428473074,0.0,16.564148802143492,35.29989769409991,43.903056030629564,0.0,0.0,0.0,0.0
170,170,0.0,0.0,0.0,42.84003455363542,0.0,17.08574535827735,35.245812397909624,43.77040515189397,47.38845595079661,0.0,0.0,0.0
171,171,0.0,0.0,0.0,43.207463134474956,0.0,17.614806445669416,35.20024988065162,43.64164681260595,47.07956469201803,0.0,0.0,0.0
172,172,0.0,0.0,0.0,43.57108023887056,0.0,18.15007800070508,35.1632907313882,43.51689115317951,46.76765365105356,0.0,0.0,0.0
173,173,0.0,0.0,0.0,43.93088310082927,0.0,18.69052754779696,35.134982282998656,43.39625740916457,46.452722445264875,0.0,0.0,0.0
174,174,0.0,0.0,0.0,44.286885877949366,0.0,19.23515649306843,35.11537607355172,43.27985891709693,46.13476372612251,0.0,0.0,0.0
175,175,0.0,0.0,0.0,44.63910411012202,0.0,19.783102797934944,35.104512576190906,43.16780781347925,45.813784593015185,0.0,0.0,0.0
176,176,0.0,0.0,0.0,44.98755462845294,0.0,20.333525360068734,35.10239828968233,43.06020463973679,45.48978537385037,0.0,0.0,0.0
177,177,0.0,0.0,0.0,45.332255468957484,0.0,20.885732694114807,35.10903595346394,42.95716855998962,45.16277267165704,0.0,0.0,0.0
178,178,0.0,0.0,0.0,45.67321690314368,0.0,21.439070727996096,35.12442453974447,42.85879138772323,44.83275057513879,0.0,0.0,0.0
179,179,0.0,0.0,0.0,46.01046833754266,0.0,21.992920210465442,35.14852900066624,42.765172898472876,44.49974400519765,0.0,0.0,0.0
180,180,0.0,0.0,0.0,46.34403093732062,0.0,22.54675227114636,35.18131825036084,42.676415682437785,44.163757211684405,0.0,0.0,0.0
181,181,0.0,0.0,0.0,46.67393098397251,0.0,23.100089306529,35.22273507414494,42.59260418584711,43.824810992385906,0.0,0.0,0.0
182,182,0.0,0.0,0.0,47.000191162485145,0.0,23.65247231477251,35.27271152399278,42.51383034389789,43.482924181749105,0.0,0.0,0.0
183,183,0.0,0.0,0.0,47.32283901114068,0.0,24.203499799457646,35.33117669824216,42.440172572335506,43.13813365938584,0.0,0.0,0.0
184,184,0.0,0.0,0.0,0.0,0.0,24.752795620240803,35.39802706990416,42.371716465786925,42.79045974844034,0.0,0.0,0.0
185,185,0.0,0.0,0.0,0.0,0.0,25.300031894869548,35.47317188169091,42.308528338153245,42.43994136625959,0.0,0.0,0.0
186,186,0.0,0.0,0.0,0.0,0.0,25.844887367907575,35.556481270535656,42.250686620206544,42.086616213717626,0.0,0.0,0.0
187,187,0.0,0.0,0.0,0.0,0.0,26.38711835620461,35.64783159651945,42.198244679272875,41.73052596817227,0.0,0.0,0.0
188,188,0.0,0.0,0.0,0.0,0.0,26.926434984158732,35.74709093630559,42.15126236971103,41.37172205392169,0.0,0.0,0.0
189,189,0.0,0.0,0.0,0.0,0.0,27.462630793049264,35.85410497946819,42.109795333563284,41.01026073785661,0.0,0.0,0.0
190,190,0.0,0.0,0.0,0.0,0.0,27.99548610700476,35.96871974224668,42.073889502364494,40.646197645620276,0.0,0.0,0.0
191,191,0.0,0.0,0.0,0.0,0.0,28.524812759971752,36.09076027627429,42.04358628257709,40.27960509522212,47.49335769729367,0.0,0.0
192,192,0.0,0.0,0.0,0.0,0.0,29.05045084177381,36.22006037576851,42.018917077376265,39.91054958305839,47.164704929410235,0.0,0.0
193,193,0.0,0.0,0.0,0.0,0.0,29.57223586360744,36.3564270872884,41.999908535992546,39.53910925186499,46.83205916461476,0.0,0.0
194,194,0.0,0.0,0.0,0.0,0.0,30.090029203118995,36.49968446436326,41.98658785985275,39.165374768551054,46.4953716372025,0.0,0.0
195,195,0.0,0.0,0.0,0.0,0.0,30.603706037452838,36.64963127532644,41.978961236194536,38.78943762871393,46.154597303314105,0.0,0.0
196,196,0.0,0.0,0.0,0.0,0.0,31.113163452273653,36.806070229392056,41.977046048447825,38.41140925190577,45.80969081122999,0.0,0.0
197,197,0.0,0.0,0.0,0.0,0.0,31.61828225265323,36.96879446494981,41.98084396384833,38.03138325112972,45.46061099713057,0.0,0.0
198,198,0.0,0.0,0.0,0.0,0.0,32.11899094184463,37.137588390664675,41.99034092377133,37.64948684148817,45.10730757304053,0.0,0.0
199,199,0.0,0.0,0.0,0.0,0.0,32.615209029675874,37.312255708275146,42.0055394273519,37.26585653047649,44.749748272551095,0.0,0.0
200,200,0.0,0.0,0.0,0.0,0.0,33.10686522213017,37.49257864131881,42.02641553830539,36.88061779577362,44.38788257700566,0.0,0.0
201,201,0.0,0.0,0.0,0.0,0.0,33.59389673031845,37.67833267915076,42.05294047088495,36.49391897660609,44.02166902962232,0.0,0.0
202,202,0.0,0.0,0.0,0.0,0.0,34.076248640092544,37.86930720741408,42.085091369334606,36.10592589016266,43.6510662709733,0.0,0.0
203,203,0.0,0.0,0.0,0.0,0.0,34.553896695264676,38.06529224571018,42.12282993453318,35.71680836777322,43.27604313172625,0.0,0.0
204,204,0.0,0.0,0.0,0.0,0.0,35.02679082629808,38.266052941599256,42.16611859912291,35.326740134381865,42.89655397915369,0.0,0.0
205,205,0.0,0.0,0.0,0.0,0.0,35.494902916963404,38.47138901022017,42.21489931329262,34.935929229975585,42.51256344708196,0.0,0.0
206,206,0.0,0.0,0.0,0.0,0.0,35.95821008278999,38.68108267468101,42.26912567762322,34.54456629448616,42.12404214051254,0.0,0.0
207,207,0.0,0.0,0.0,0.0,0.0,36.41670141156154,38.89491255926673,42.328736440770385,34.15287781426136,41.73094543952892,0.0,0.0
208,208,0.0,0.0,0.0,0.0,0.0,36.87035600688539,39.11266676965002,42.39366633626084,33.76110475012823,41.33325083598693,0.0,0.0
209,209,0.0,0.0,0.0,0.0,0.0,37.31917821430265,39.33414284039015,42.463840998065535,33.369494985544485,40.93092617688607,0.0,0.0
210,210,0.0,0.0,0.0,0.0,0.0,37.763161844787575,39.559129415631595,42.53918768834579,32.978303240795036,40.52394019982607,0.0,0.0
211,211,0.0,0.0,0.0,0.0,0.0,38.20231093423626,39.78742518382205,42.61963017311768,32.58781670152499,40.112274422119,0.0,0.0
212,212,0.0,0.0,0.0,0.0,0.0,38.636626071316094,40.01882685629031,42.7050733515185,32.198331131835175,39.695900315834706,0.0,0.0
213,213,0.0,0.0,0.0,0.0,0.0,39.066123560199586,40.25313555547317,42.79543992104275,31.810150774640924,39.274796664817906,0.0,0.0
214,214,0.0,0.0,0.0,0.0,0.0,39.490821698042794,40.49016276329565,42.89063415486053,31.42362458287665,38.848950305992645,0.0,0.0
215,215,0.0,0.0,0.0,0.0,0.0,39.91072870346926,40.72971290757907,42.99055269187851,31.039084663977746,38.4183505038228,0.0,0.0
216,216,0.0,0.0,0.0,0.0,0.0,40.3258730616427,40.9716124617311,43.09510521391797,30.656909601744808,37.98298255277446,0.0,0.0
217,217,0.0,0.0,0.0,0.0,0.0,40.7362729040132,41.21566984407343,43.20417887246403,30.27747002300275,37.542840673858066,0.0,0.0
218,218,0.0,0.0,0.0,0.0,0.0,41.14195393184793,41.46170999767063,43.31766921054422,29.901185395199725,37.09792204847852,0.0,0.0
219,219,0.0,0.0,0.0,0.0,0.0,41.54294871687243,41.70957373927444,43.43547010220222,29.52847736421016,36.64822702933531,0.0,0.0
220,220,0.0,0.0,0.0,0.0,0.0,41.939290667275216,41.95907940288329,43.55746899700617,29.15979899254112,36.19375936620071,0.0,0.0
221,221,0.0,0.0,0.0,0.0,0.0,42.3309981148922,42.21007241149326,43.68355221380717,28.795594617527122,35.734541139282655,0.0,0.0
222,222,0.0,0.0,0.0,0.0,0.0,42.71812243286147,42.46240290778304,43.81360025094855,28.436360751876677,35.27058465788793,0.0,0.0
223,223,0.0,0.0,0.0,0.0,0.0,43.10068899712162,42.71591019523495,43.94750274617911,28.08259533237252,34.801906479184176,0.0,0.0
224,224,0.0,0.0,0.0,0.0,0.0,43.47873453853995,42.97044928841983,44.08513419109159,27.73483969218067,34.32854346250323,0.0,0.0
225,225,0.0,0.0,0.0,0.0,0.0,43.85230608664724,43.22587505382291,44.226383401324746,27.393613459241315,33.85053079739802,0.0,0.0
226,226,0.0,0.0,0.0,0.0,0.0,44.22143602311125,43.48206241461544,44.37112462843371,27.059489796705698,33.36790977701586,0.0,0.0
227,227,0.0,0.0,0.0,0.0,0.0,44.5861669589914,43.738865975240294,44.51923715917083,26.733040055305395,32.880728262998865,0.0,0.0
228,228,0.0,0.0,0.0,0.0,0.0,44.94654617113097,43.99617009861922,44.670600624546104,26.414866244576423,32.38904985894697,0.0,0.0
229,229,0.0,0.0,0.0,0.0,0.0,45.30260702948526,44.25384412645058,44.82509051736833,26.105577051120463,31.89293777816271,0.0,0.0
230,230,0.0,0.0,0.0,0.0,0.0,45.65440138464175,44.51177664605627,44.98259236225998,25.805773349888412,31.392472621688647,0.0,0.0
231,231,0.0,0.0,0.0,0.0,0.0,46.00197168088399,44.76984648834126,45.14297863341069,25.51610613175383,30.887744868194645,0.0,0.0
232,232,0.0,0.0,0.0,0.0,0.0,46.34536463352773,45.0279557623712,45.3061366558695,25.237214749673925,30.378846112702384,0.0,0.0
233,233,0.0,0.0,0.0,0.0,0.0,46.684622402173204,45.28599676587168,45.47193671359223,24.9697225751825,29.865898215390672,0.0,0.0
234,234,0.0,0.0,0.0,0.0,0.0,47.01979123883582,45.54386624268658,45.64026412027652,24.714283773158044,29.349026527645222,0.0,0.0
235,235,0.0,0.0,0.0,0.0,0.0,47.350921103423076,45.8014741056151,45.811005505853046,24.47154277026695,28.828349378005797,0.0,0.0
236,236,0.0,0.0,0.0,0.0,0.0,47.67805333121946,46.0587296701621,45.98404017628134,24.24212976023992,28.304040352757326,0.0,0.0
237,237,0.0,0.0,0.0,0.0,0.0,0.0,46.315546150604355,46.15924927421568,24.026669258292074,27.776258722580835,0.0,0.0
238,238,0.0,0.0,0.0,0.0,0.0,0.0,46.571840557977495,46.33652874011033,23.825762328854495,27.245191585226472,0.0,0.0
239,239,0.0,0.0,0.0,0.0,0.0,0.0,46.82753359752351,46.515754785771875,23.640008553167775,26.7110454591771,0.0,0.0
240,240,0.0,0.0,0.0,0.0,0.0,0.0,47.082549565946145,46.696827071809786,23.469946905041013,26.17404816996224,0.0,0.0
241,241,0.0,0.0,0.0,0.0,0.0,0.0,47.33682438147917,46.879630241360424,23.316118318621847,25.63446319671702,0.0,0.0
242,242,0.0,0.0,0.0,0.0,0.0,0.0,47.59028086224816,47.064059555079716,23.179006045242673,25.0925308808133,0.0,0.0
243,243,0.0,0.0,0.0,0.0,0.0,0.0,0.0,47.25000827388919,23.059057853070726,24.548593421804156,0.0,0.0
244,244,0.0,0.0,0.0,0.0,0.0,0.0,0.0,47.43738003939109,22.956667226699366,24.0029488383512,0.0,0.0
245,245,0.0,0.0,0.0,0.0,0.0,0.0,0.0,0.0,22.872211280022626,23.455966497192918,0.0,0.0
246,246,0.0,0.0,0.0,0.0,0.0,0.0,0.0,0.0,22.80594743739759,22.908054215998362,0.0,0.0
247,247,0.0,0.0,0.0,0.0,0.0,0.0,0.0,0.0,22.758123198667036,22.359633279404363,0.0,0.0
248,248,0.0,0.0,0.0,0.0,0.0,0.0,0.0,0.0,22.728902319263398,21.811214146081923,0.0,0.0
249,249,0.0,0.0,0.0,0.0,0.0,0.0,0.0,0.0,22.718405454107923,21.263284071965543,0.0,0.0
250,250,0.0,0.0,0.0,0.0,0.0,0.0,0.0,0.0,22.72665146488667,20.716461756274455,0.0,0.0
251,251,0.0,0.0,0.0,0.0,0.0,0.0,0.0,0.0,22.753614286235404,20.171350322586505,0.0,0.0
252,252,0.0,0.0,0.0,0.0,0.0,0.0,0.0,0.0,22.799208944472994,19.62866891775718,0.0,0.0
253,253,0.0,0.0,0.0,0.0,0.0,0.0,0.0,0.0,22.863249946860364,19.089198031044063,0.0,0.0
254,254,0.0,0.0,0.0,0.0,0.0,0.0,0.0,0.0,22.945539021588246,18.553785830564934,0.0,0.0
255,255,0.0,0.0,0.0,0.0,0.0,0.0,0.0,0.0,23.045768199937285,18.0233741412504,0.0,0.0
256,256,0.0,0.0,0.0,0.0,0.0,0.0,0.0,0.0,23.163622611068305,17.49900932747454,0.0,0.0
257,257,0.0,0.0,0.0,0.0,0.0,0.0,0.0,0.0,23.298685718666263,16.981813370099886,47.32897060495104,0.0
258,258,0.0,0.0,0.0,0.0,0.0,0.0,0.0,0.0,23.450514508337534,16.473073811001825,47.05526798353634,0.0
259,259,0.0,0.0,0.0,0.0,0.0,0.0,0.0,0.0,23.6186435882245,15.974176610434156,46.7801100936981,0.0
260,260,0.0,0.0,0.0,0.0,0.0,0.0,0.0,0.0,23.802521738819735,15.486657288847255,46.50354626663471,0.0
261,261,0.0,0.0,0.0,0.0,0.0,0.0,0.0,0.0,24.001613065049966,15.012190278602034,46.2256375048952,0.0
262,262,0.0,0.0,0.0,0.0,0.0,0.0,0.0,0.0,24.215346871499108,14.552645023045002,45.946444103513194,0.0
263,263,0.0,0.0,0.0,0.0,0.0,0.0,0.0,0.0,24.443083960682742,14.109998902261495,45.66602546344714,0.0
264,264,0.0,0.0,0.0,0.0,0.0,0.0,0.0,0.0,24.684227465412235,13.686485741830083,45.38445342862818,0.0
265,265,0.0,0.0,0.0,0.0,0.0,0.0,0.0,0.0,24.938147611682112,13.284420233416355,45.10179934854816,0.0
266,266,0.0,0.0,0.0,0.0,0.0,0.0,0.0,0.0,25.204187386562936,12.90631053768611,44.81814318092494,0.0
267,267,0.0,0.0,0.0,0.0,0.0,0.0,0.0,0.0,25.48170499563095,12.554785972768258,44.533564546163895,0.0
268,268,0.0,0.0,0.0,0.0,0.0,0.0,0.0,0.0,25.770076233940202,12.232618623765461,44.2481521048719,0.0
269,269,0.0,0.0,0.0,0.0,0.0,0.0,0.0,0.0,26.068648586931005,11.942558091197412,43.9619943428457,0.0
270,270,0.0,0.0,0.0,0.0,0.0,0.0,0.0,0.0,26.376793629351177,11.687377654765186,43.67519416261514,0.0
271,271,0.0,0.0,0.0,0.0,0.0,0.0,0.0,0.0,26.69388506743627,11.469732797788609,43.38784474048607,0.0
272,272,0.0,0.0,0.0,0.0,0.0,0.0,0.0,0.0,27.019324226177517,11.292029941720003,43.100064140018226,0.0
273,273,0.0,0.0,0.0,0.0,0.0,0.0,0.0,0.0,27.352506970674703,11.156447496539442,42.811955718189864,0.0
274,274,0.0,0.0,0.0,0.0,0.0,0.0,0.0,0.0,27.69284874225098,11.06470601793535,42.52364340140173,0.0
275,275,0.0,0.0,0.0,0.0,0.0,0.0,0.0,0.0,28.039806969553574,11.017972637653514,42.23525174942446,0.0
276,276,0.0,0.0,0.0,0.0,0.0,0.0,0.0,0.0,28.39281612574314,11.016922241844597,41.94691111961614,0.0
277,277,0.0,0.0,0.0,0.0,0.0,0.0,0.0,0.0,28.751354362755436,11.061568659957288,41.65875782313336,0.0
278,278,0.0,0.0,0.0,0.0,0.0,0.0,0.0,0.0,29.114931507368212,11.151263787320232,41.37093982568233,0.0
279,279,0.0,0.0,0.0,0.0,0.0,0.0,0.0,0.0,29.483037964700436,11.284896852702744,41.0836004148347,0.0
280,280,0.0,0.0,0.0,0.0,0.0,0.0,0.0,0.0,29.85521716565622,11.46070343861716,40.79690037560135,0.0
281,281,0.0,0.0,0.0,0.0,0.0,0.0,0.0,0.0,30.231033480512913,11.676584538061633,40.510995771467286,0.0
282,282,0.0,0.0,0.0,0.0,0.0,0.0,0.0,0.0,30.610033938505957,11.930112916387046,40.22606663071148,0.0
283,283,0.0,0.0,0.0,0.0,0.0,0.0,0.0,0.0,30.991834970848956,12.21863970423881,39.94228851411142,0.0
284,284,0.0,0.0,0.0,0.0,0.0,0.0,0.0,0.0,31.37604442766564,12.539422744378868,39.65983783313643,0.0
285,285,0.0,0.0,0.0,0.0,0.0,0.0,0.0,0.0,31.762272569961645,12.88965368336136,39.378903778920915,0.0
286,286,0.0,0.0,0.0,0.0,0.0,0.0,0.0,0.0,32.150194496799664,13.266613242174401,39.09969504223077,0.0
287,287,0.0,0.0,0.0,0.0,0.0,0.0,0.0,0.0,32.53946776215812,13.667664230942208,38.82240291565995,0.0
288,288,0.0,0.0,0.0,0.0,0.0,0.0,0.0,0.0,32.92976879730957,14.09028938791964,38.54725073286191,0.0
289,289,0.0,0.0,0.0,0.0,0.0,0.0,0.0,0.0,33.320816984906536,14.532115751210483,38.27444380002761,0.0
290,290,0.0,0.0,0.0,0.0,0.0,0.0,0.0,0.0,33.712314703815835,14.990975011415742,38.00422017129682,0.0
291,291,0.0,0.0,0.0,0.0,0.0,0.0,0.0,0.0,34.10400551728558,15.464832310452252,37.73679913919796,0.0
292,292,0.0,0.0,0.0,0.0,0.0,0.0,0.0,0.0,34.495632071540165,15.951833139702686,37.47241986544932,0.0
293,293,0.0,0.0,0.0,0.0,0.0,0.0,0.0,0.0,34.88695990755279,16.45029430210741,37.2113285044465,47.64677363641836
294,294,0.0,0.0,0.0,0.0,0.0,0.0,0.0,0.0,35.27776851021252,16.958651712626164,36.9537780724984,47.34085369150452
295,295,0.0,0.0,0.0,0.0,0.0,0.0,0.0,0.0,35.667850652783784,17.475533774328028,36.700021274471545,47.031964676537434
296,296,0.0,0.0,0.0,0.0,0.0,0.0,0.0,0.0,36.05701176233673,17.999646031801575,36.45030985691229,46.72009447697086
297,297,0.0,0.0,0.0,0.0,0.0,0.0,0.0,0.0,36.44506221490125,18.529860314641397,36.20492263098796,46.405248940554195
298,298,0.0,0.0,0.0,0.0,0.0,0.0,0.0,0.0,36.83183829125821,19.065106826425108,35.96411562845566,46.087427304388605
299,299,0.0,0.0,0.0,0.0,0.0,0.0,0.0,0.0,37.2171797872572,19.604474893358443,35.728171474450605,45.766634838795994
