,time,77,122,144,189,211,256,234,167,100,301,212,279,145,78,257,190,123
0,0,46.749687834437665,46.64290055171964,37.58172411531161,39.1065828494333,41.26665477708967,41.052820076536925,0.0,0.0,0.0,0.0,0.0,0.0,0.0,0.0,0.0,0.0,0.0
1,1,46.84552490459793,46.39359702617266,37.84557126237553,38.79461470788075,41.565968280357424,40.86666709907629,0.0,0.0,0.0,0.0,0.0,0.0,0.0,0.0,0.0,0.0,0.0
2,2,46.9447515907021,46.14404164422607,38.11241841817064,38.48345842172275,41.86521235464813,40.68443288940365,0.0,0.0,0.0,0.0,0.0,0.0,0.0,0.0,0.0,0.0,0.0
3,3,47.04729006201737,45.89432390852274,38.38204167222586,38.173313678823106,42.16425352479719,40.506285037718065,0.0,0.0,0.0,0.0,0.0,0.0,0.0,0.0,0.0,0.0,0.0
4,4,47.15306575688166,45.64453711575956,38.65419801914632,37.8643890388978,42.46296451033989,40.33240970610548,0.0,0.0,0.0,0.0,0.0,0.0,0.0,0.0,0.0,0.0,0.0
5,5,47.26198696607255,45.39477844335315,38.928671044096006,37.55690211906854,42.7612137023553,40.16297673028163,0.0,0.0,0.0,0.0,0.0,0.0,0.0,0.0,0.0,0.0,0.0
6,6,47.373977899635065,45.145144464789645,39.20524491839597,37.25107294808467,43.058896306392484,39.99816234411255,0.0,0.0,0.0,0.0,0.0,0.0,0.0,0.0,0.0,0.0,0.0
7,7,47.488954114801885,44.895744818041955,39.48371093344815,36.94713743718216,43.355897496160104,39.83813712408822,0.0,0.0,0.0,0.0,0.0,0.0,0.0,0.0,0.0,0.0,0.0
8,8,47.60682688386385,44.64668881543653,39.76386748026884,36.64534099782924,43.65211314359809,39.68307145668952,0.0,0.0,0.0,0.0,0.0,0.0,0.0,0.0,0.0,0.0,0.0
9,9,47.72751936122702,44.39808996844936,40.045520007531366,36.34593151689846,43.94744438836162,39.53314127884278,0.0,0.0,0.0,0.0,0.0,0.0,0.0,0.0,0.0,0.0,0.0
10,10,47.85093861382499,44.15007086976937,40.3284809604786,36.04916613508679,44.24179745799238,39.38850955297853,0.0,0.0,0.0,0.0,0.0,0.0,0.0,0.0,0.0,0.0,0.0
11,11,0.0,43.902748944708065,40.61256393884855,35.75531861825338,44.53508349064041,39.249343965228014,0.0,0.0,0.0,0.0,0.0,0.0,0.0,0.0,0.0,0.0,0.0
12,12,0.0,43.65625563676273,40.89760106044075,35.46467244009548,44.82722300637281,39.1158043321319,0.0,0.0,0.0,0.0,0.0,0.0,0.0,0.0,0.0,0.0,0.0
13,13,0.0,43.4107220844413,41.18341963168124,35.17750563884077,45.1181362339996,38.98804825350332,0.0,0.0,0.0,0.0,0.0,0.0,0.0,0.0,0.0,0.0,0.0
14,14,0.0,43.166283915804215,41.46985940394343,34.89411263278757,45.40774780643628,38.86623071669965,0.0,0.0,0.0,0.0,0.0,0.0,0.0,0.0,0.0,0.0,0.0
15,15,0.0,42.92308641023644,41.75676659981059,34.61479684452892,45.69599547345647,38.75050369294209,0.0,0.0,0.0,0.0,0.0,0.0,0.0,0.0,0.0,0.0,0.0
16,16,0.0,42.68126927231286,42.04398841654671,34.33987050108937,45.982807414849894,38.64100936631553,0.0,0.0,0.0,0.0,0.0,0.0,0.0,0.0,0.0,0.0,0.0
17,17,0.0,42.44098702656497,42.33138912557908,34.06964639718781,46.26812892741266,38.53789234377653,0.0,0.0,0.0,0.0,0.0,0.0,0.0,0.0,0.0,0.0,0.0
18,18,0.0,42.20239370552033,42.61882831933689,33.80445320062245,46.551900085510646,38.4412672889123,0.0,0.0,0.0,0.0,0.0,0.0,0.0,0.0,0.0,0.0,0.0
19,19,0.0,41.96564790351145,42.90618205313768,33.544619210795105,46.83406878296206,38.351276011134416,0.0,0.0,0.0,0.0,0.0,0.0,0.0,0.0,0.0,0.0,0.0
20,20,0.0,41.73091275376968,43.193316651310695,33.290471363017204,47.114590276169565,38.268035961879164,0.0,0.0,0.0,0.0,0.0,0.0,0.0,0.0,0.0,0.0,0.0
21,21,0.0,41.498355890616814,43.480129526095574,33.04235094823825,47.39341863947743,38.19164594282727,0.0,0.0,0.0,0.0,0.0,0.0,0.0,0.0,0.0,0.0,0.0
22,22,0.0,41.26814939555247,43.76649317591388,32.800605007158104,47.670510945011124,38.12221816135717,0.0,0.0,0.0,0.0,0.0,0.0,0.0,0.0,0.0,0.0,0.0
23,23,0.0,41.040469726008226,44.05231525952789,32.56557702067732,47.94583107476461,38.05984549696909,0.0,0.0,0.0,0.0,0.0,0.0,0.0,0.0,0.0,0.0,0.0
24,24,0.0,40.81549762552107,44.337483851975676,32.337614301698274,0.0,38.00460753522873,0.0,0.0,0.0,0.0,0.0,0.0,0.0,0.0,0.0,0.0,0.0
25,25,0.0,40.59341224444641,44.62190663290109,32.117067113844755,0.0,37.95658994261075,0.0,0.0,0.0,0.0,0.0,0.0,0.0,0.0,0.0,0.0,0.0
26,26,0.0,40.374396523474765,44.90549116637904,31.904269943553807,0.0,37.91585138036843,0.0,0.0,0.0,0.0,0.0,0.0,0.0,0.0,0.0,0.0,0.0
27,27,0.0,40.15864883795359,45.188158770831365,31.699584377107044,0.0,37.882449489033874,0.0,0.0,0.0,0.0,0.0,0.0,0.0,0.0,0.0,0.0,0.0
28,28,0.0,39.94635365685692,45.469821235898294,31.503335925989703,0.0,37.856434139164236,0.0,0.0,0.0,0.0,0.0,0.0,0.0,0.0,0.0,0.0,0.0
29,29,0.0,39.7377165350937,45.75040380854032,31.315865919886697,0.0,37.83784063490007,0.0,0.0,0.0,0.0,0.0,0.0,0.0,0.0,0.0,0.0,0.0
30,30,0.0,39.53292223680913,46.029831300725014,31.1375034349782,0.0,37.826696169476946,0.0,0.0,0.0,0.0,0.0,0.0,0.0,0.0,0.0,0.0,0.0
31,31,0.0,39.33217627230571,46.30804545886705,30.968582159966374,0.0,37.82301310295421,0.0,0.0,0.0,0.0,0.0,0.0,0.0,0.0,0.0,0.0,0.0
32,32,0.0,39.13567451734539,46.58497000392049,30.80939250801272,0.0,37.8268021470477,0.0,0.0,0.0,0.0,0.0,0.0,0.0,0.0,0.0,0.0,0.0
33,33,0.0,38.94362737511518,46.86055795896168,30.660254326102105,0.0,37.83805247239823,0.0,0.0,0.0,0.0,0.0,0.0,0.0,0.0,0.0,0.0,0.0
34,34,0.0,38.7562284243263,47.13474033054829,30.521440771337566,0.0,37.85675160175789,0.0,0.0,0.0,0.0,0.0,0.0,0.0,0.0,0.0,0.0,0.0
35,35,0.0,38.57367872194049,47.40747642272097,30.39324257722366,0.0,37.88287883086728,0.0,0.0,0.0,0.0,0.0,0.0,0.0,0.0,0.0,0.0,0.0
36,36,0.0,38.39618672880775,47.6787119956209,30.275900125720177,0.0,37.916378925185604,0.0,0.0,0.0,0.0,0.0,0.0,0.0,0.0,0.0,0.0,0.0
37,37,0.0,38.22395520445985,0.0,30.169668706651855,0.0,37.95722171687875,0.0,0.0,0.0,0.0,0.0,0.0,0.0,0.0,0.0,0.0,0.0
38,38,0.0,38.057180505445,0.0,30.07474984151584,0.0,38.005349414858784,0.0,0.0,0.0,0.0,0.0,0.0,0.0,0.0,0.0,0.0,0.0
39,39,0.0,37.89605847938241,0.0,29.991367251947707,0.0,38.06069010132465,0.0,0.0,0.0,0.0,0.0,0.0,0.0,0.0,0.0,0.0,0.0
40,40,0.0,37.74078401240249,0.0,29.919678214760168,0.0,38.12316458632867,0.0,0.0,0.0,0.0,0.0,0.0,0.0,0.0,0.0,0.0,0.0
41,41,0.0,37.59155725714876,0.0,29.85985026131737,0.0,38.19269318284497,0.0,0.0,0.0,0.0,0.0,0.0,0.0,0.0,0.0,0.0,0.0
42,42,0.0,37.44855638283705,0.0,29.812001514122016,0.0,38.269176434107344,0.0,0.0,0.0,0.0,0.0,0.0,0.0,0.0,0.0,0.0,0.0
43,43,0.0,37.31197712795883,0.0,29.776248876551833,0.0,38.3525214793347,0.0,0.0,0.0,0.0,0.0,0.0,0.0,0.0,0.0,0.0,0.0
44,44,0.0,37.181985100406294,0.0,29.752658078361392,0.0,38.44260998797149,0.0,0.0,0.0,0.0,0.0,0.0,0.0,0.0,0.0,0.0,0.0
45,45,0.0,37.058762545287,0.0,29.74130234385575,0.0,38.53931811723728,0.0,0.0,0.0,0.0,0.0,0.0,0.0,0.0,0.0,0.0,0.0
46,46,0.0,36.94248077432975,0.0,29.742182942882074,0.0,38.64253597908708,0.0,0.0,0.0,0.0,0.0,0.0,0.0,0.0,0.0,0.0,0.0
47,47,0.0,36.833292466334655,0.0,29.755308131560867,0.0,38.75211690382945,0.0,0.0,0.0,0.0,0.0,0.0,0.0,0.0,0.0,0.0,0.0
48,48,0.0,36.73135175729213,0.0,29.780653595771128,0.0,38.86793529745964,0.0,0.0,0.0,0.0,0.0,0.0,0.0,0.0,0.0,0.0,0.0
49,49,0.0,36.63680689056987,0.0,29.818162646180454,0.0,38.98983004760362,0.0,0.0,0.0,0.0,0.0,0.0,0.0,0.0,0.0,0.0,0.0
50,50,0.0,36.549792655194636,0.0,29.867746652728606,0.0,39.11766799831619,0.0,0.0,0.0,0.0,0.0,0.0,0.0,0.0,0.0,0.0,0.0
51,51,0.0,36.47042974992556,0.0,29.92929551217032,0.0,39.25128782358683,0.0,0.0,0.0,0.0,0.0,0.0,0.0,0.0,0.0,0.0,0.0
52,52,0.0,36.39884552456806,0.0,30.002688118965196,0.0,39.390538007435794,0.0,0.0,0.0,0.0,0.0,0.0,0.0,0.0,0.0,0.0,0.0
53,53,0.0,36.33513813453939,0.0,30.087754091474288,0.0,39.53524639395268,0.0,0.0,0.0,0.0,0.0,0.0,0.0,0.0,0.0,0.0,0.0
54,54,0.0,36.27940440038473,0.0,30.184314067696647,0.0,39.685251433774766,0.0,0.0,0.0,0.0,0.0,0.0,0.0,0.0,0.0,0.0,0.0
55,55,0.0,36.231732383382216,0.0,30.292161337015308,0.0,39.840384142839824,0.0,0.0,0.0,0.0,0.0,0.0,0.0,0.0,0.0,0.0,0.0
56,56,0.0,36.192193863364004,0.0,30.411082425720068,0.0,40.00048059141998,47.87516484469688,0.0,0.0,0.0,0.0,0.0,0.0,0.0,0.0,0.0,0.0
57,57,0.0,36.16084397323486,0.0,30.54083905514228,0.0,40.1653584393001,47.611530991828005,0.0,0.0,0.0,0.0,0.0,0.0,0.0,0.0,0.0,0.0
58,58,0.0,36.13773531238835,0.0,30.681150875213532,0.0,40.33485893370761,47.346617618870866,0.0,0.0,0.0,0.0,0.0,0.0,0.0,0.0,0.0,0.0
59,59,0.0,36.12290337950334,0.0,30.83176344775144,0.0,40.50879409129196,47.080488240103676,0.0,0.0,0.0,0.0,0.0,0.0,0.0,0.0,0.0,0.0
60,60,0.0,36.11637359703123,0.0,30.992373899577395,0.0,40.68699422322519,46.81319330014557,0.0,0.0,0.0,0.0,0.0,0.0,0.0,0.0,0.0,0.0
61,61,0.0,36.11814679260568,0.0,31.16267988267741,0.0,40.86928470508153,46.54479031229513,0.0,0.0,0.0,0.0,0.0,0.0,0.0,0.0,0.0,0.0
62,62,0.0,36.12822798967978,0.0,31.342380615282494,0.0,41.055492153603296,46.27535287345848,0.0,0.0,0.0,0.0,0.0,0.0,0.0,0.0,0.0,0.0
63,63,0.0,36.14660478750608,0.0,31.531132607821085,0.0,41.24543910630791,46.004945509360155,0.0,0.0,0.0,0.0,0.0,0.0,0.0,0.0,0.0,0.0
64,64,0.0,36.17324024100113,0.0,31.728624389859363,0.0,41.43895559454663,45.73364058538092,0.0,0.0,0.0,0.0,0.0,0.0,0.0,0.0,0.0,0.0
65,65,0.0,36.20810177885519,0.0,31.93450512593654,0.0,41.63586815136342,45.46151874099358,0.0,0.0,0.0,0.0,0.0,0.0,0.0,0.0,0.0,0.0
66,66,0.0,36.251125436676794,0.0,32.148440306860856,0.0,41.83601113109325,45.188655663315195,0.0,0.0,0.0,0.0,0.0,0.0,0.0,0.0,0.0,0.0
67,67,0.0,36.30225200991897,0.0,32.370077301997085,0.0,42.0392105336632,44.91513543715955,47.96616810611448,0.0,0.0,0.0,0.0,0.0,0.0,0.0,0.0,0.0
68,68,0.0,36.36140577020611,0.0,32.59908173632465,0.0,42.245305962159286,44.64106037871476,47.68781512212036,0.0,0.0,0.0,0.0,0.0,0.0,0.0,0.0,0.0
69,69,0.0,36.428494850657216,0.0,32.83510362634051,0.0,42.454129215137755,44.366514107589865,47.407557439826164,0.0,0.0,0.0,0.0,0.0,0.0,0.0,0.0,0.0
70,70,0.0,36.5034187749034,0.0,33.07778769293476,0.0,42.66552056941671,44.09159860655955,47.12542277154457,0.0,0.0,0.0,0.0,0.0,0.0,0.0,0.0,0.0
71,71,0.0,36.5860688369935,0.0,33.32679956398349,0.0,42.87932348206496,43.816420682133355,46.841449452972775,0.0,0.0,0.0,0.0,0.0,0.0,0.0,0.0,0.0
72,72,0.0,36.67632149321917,0.0,33.581784680422594,0.0,43.09537961371029,43.54109210003343,46.55568294599405,0.0,0.0,0.0,0.0,0.0,0.0,0.0,0.0,0.0
73,73,0.0,36.774045933044256,0.0,33.84241894032488,0.0,43.31353925093541,43.26572468203423,46.26816337474221,0.0,0.0,0.0,0.0,0.0,0.0,0.0,0.0,0.0
74,74,0.0,36.87910454398642,0.0,34.1083599869657,0.0,43.5336511620039,42.99044029718035,45.978933746741056,0.0,0.0,0.0,0.0,0.0,0.0,0.0,0.0,0.0
75,75,0.0,36.99134648540553,0.0,34.37928073666533,0.0,43.75557276430783,42.71536616404056,45.68805339735508,0.0,0.0,0.0,0.0,0.0,0.0,0.0,0.0,0.0
76,76,0.0,37.11061524036687,0.0,34.65486156381373,0.0,43.97916017943022,42.44063497630774,45.39557209615761,0.0,0.0,0.0,0.0,0.0,0.0,0.0,0.0,0.0
77,77,0.0,37.236749128271214,0.0,34.93478304437633,0.0,44.20427335007002,42.166379695404274,45.10155205927144,0.0,0.0,0.0,0.0,0.0,0.0,0.0,0.0,0.0
78,78,0.0,37.369581818103406,0.0,35.218734339261026,0.0,44.43078080641742,41.892749502160235,44.80605484679458,0.0,0.0,0.0,0.0,0.0,0.0,0.0,0.0,0.0
79,79,0.0,37.50892938176336,0.0,35.506420874984485,0.0,44.6585500256137,41.61988873853703,44.5091458879858,0.0,0.0,0.0,0.0,0.0,0.0,0.0,0.0,0.0
80,80,0.0,37.65461800494277,0.0,35.79754935881478,0.0,44.88745234628668,41.347958473448855,44.21089943547665,0.0,0.0,0.0,0.0,0.0,0.0,0.0,0.0,0.0
81,81,0.0,37.80645749677236,0.0,36.091835663005234,0.0,45.1173675377348,41.07710920017483,43.911394229487236,0.0,0.0,0.0,0.0,0.0,0.0,0.0,0.0,0.0
82,82,0.0,37.9642554491759,0.0,36.388990686634344,0.0,45.34816994762096,40.80751972309547,43.61071367570112,0.0,0.0,0.0,0.0,0.0,0.0,0.0,0.0,0.0
83,83,0.0,38.1278177396849,0.0,36.68876348623107,0.0,45.57974689324222,40.53935248562553,43.30894602734536,0.0,0.0,0.0,0.0,0.0,0.0,0.0,0.0,0.0
84,84,0.0,38.29695548675602,0.0,36.990883955480236,0.0,45.81198484983234,40.272793120214956,43.0061845712755,0.0,0.0,0.0,0.0,0.0,0.0,0.0,0.0,0.0
85,85,0.0,38.47145957511008,0.0,37.29510566707624,0.0,46.044774045305054,40.00802789062161,42.7025226330917,0.0,0.0,0.0,0.0,0.0,0.0,0.0,0.0,0.0
86,86,0.0,38.65114009049421,0.0,37.601191368039096,0.0,46.27801272170822,39.74524332730352,42.398069162160446,0.0,0.0,0.0,0.0,0.0,0.0,0.0,0.0,0.0
87,87,0.0,38.835788092765696,0.0,37.90889968822135,0.0,46.511594070350014,39.48463803733889,42.092939043396306,0.0,0.0,0.0,0.0,0.0,0.0,0.0,0.0,0.0
88,88,0.0,39.02520185273653,0.0,38.2180120071806,0.0,46.745427700143246,39.22641072669318,41.787242444457256,0.0,0.0,0.0,0.0,0.0,0.0,0.0,0.0,0.0
89,89,0.0,39.21918076395672,0.0,38.52831210599857,0.0,46.97941806539888,38.97077228227681,41.48110624803716,0.0,0.0,0.0,0.0,0.0,0.0,0.0,0.0,0.0
90,90,0.0,39.41752569967765,0.0,38.83959909414339,0.0,47.21346902733382,38.71793976908053,41.1746582941807,0.0,0.0,0.0,0.0,0.0,0.0,0.0,0.0,0.0
91,91,0.0,39.62002722792566,0.0,39.15167433304416,0.0,47.44750021652658,38.468129925648114,40.86803854005106,0.0,0.0,0.0,0.0,0.0,0.0,0.0,0.0,0.0
92,92,0.0,39.82649651899354,0.0,39.464347832473756,0.0,47.68142624310093,38.221558650671476,40.5613939268361,0.0,0.0,0.0,0.0,0.0,0.0,0.0,0.0,0.0
93,93,0.0,40.03672316375364,0.0,39.77743202909274,0.0,47.9151650242122,37.978473330915456,40.2548668566171,0.0,0.0,0.0,0.0,0.0,0.0,0.0,0.0,0.0
94,94,0.0,40.25051777733248,0.0,40.090765703298146,0.0,0.0,37.73908771017255,39.948624292810564,0.0,0.0,0.0,0.0,0.0,0.0,0.0,0.0,0.0
95,95,0.0,40.46768806271066,0.0,40.40418323282074,0.0,0.0,37.503646625955845,39.64283511909613,0.0,0.0,0.0,0.0,0.0,0.0,0.0,0.0,0.0
96,96,0.0,40.6880450786068,0.0,40.71752676570904,0.0,0.0,37.272400090915816,39.33766374424146,0.0,0.0,0.0,0.0,0.0,0.0,0.0,0.0,0.0
97,97,0.0,40.91139206950602,0.0,41.03064034344517,0.0,0.0,37.04558234300431,39.033294310629074,0.0,0.0,0.0,0.0,0.0,0.0,0.0,0.0,0.0
98,98,0.0,41.1375477274202,0.0,41.34339788627207,0.0,0.0,36.82343821003826,38.72992547791285,0.0,0.0,0.0,0.0,0.0,0.0,0.0,0.0,0.0
99,99,0.0,41.36633459258376,0.0,41.655651986760915,0.0,0.0,36.60623016564469,38.427745363647574,0.0,0.0,0.0,0.0,0.0,0.0,0.0,0.0,0.0
100,100,0.0,41.597568204278474,0.0,41.96728430359882,0.0,0.0,36.39419600413001,38.12696941875656,0.0,0.0,0.0,0.0,0.0,0.0,0.0,0.0,0.0
101,101,0.0,41.831079527032564,0.0,42.27817182379053,0.0,0.0,36.18759719223916,37.82780890619738,47.94173105752972,0.0,0.0,0.0,0.0,0.0,0.0,0.0,0.0
102,102,0.0,42.06669832042111,0.0,42.5881979200041,0.0,0.0,35.986690456686425,37.53048349900964,47.74122578874926,0.0,0.0,0.0,0.0,0.0,0.0,0.0,0.0
103,103,0.0,42.30425881651847,0.0,42.897257256160756,0.0,0.0,35.79171955830204,37.23522138214621,47.54159528813762,0.0,0.0,0.0,0.0,0.0,0.0,0.0,0.0
104,104,0.0,42.54359976691025,0.0,43.20525516089689,0.0,0.0,35.602936205423,36.94228009164723,47.34293509071474,47.90270758953907,0.0,0.0,0.0,0.0,0.0,0.0,0.0
105,105,0.0,42.784559311090355,0.0,43.51208712995381,0.0,0.0,35.420599797586554,36.651884886399884,47.14533923248575,47.86345487361387,0.0,0.0,0.0,0.0,0.0,0.0,0.0
106,106,0.0,43.026985510646874,0.0,43.817669179240916,0.0,0.0,35.24495452756277,36.364311216638676,46.94890417971754,47.827880244859195,0.0,0.0,0.0,0.0,0.0,0.0,0.0
107,107,0.0,43.270736032922734,0.0,44.12191719507036,0.0,0.0,35.076250810736276,36.079808288054934,46.75374140507672,47.796025103608756,0.0,0.0,0.0,0.0,0.0,0.0,0.0
108,108,0.0,43.51566290842277,0.0,44.42475187391785,0.0,0.0,34.914721939333866,35.79865507385025,46.55995258925917,47.76790496001464,0.0,0.0,0.0,0.0,0.0,0.0,0.0
109,109,0.0,43.76162787207507,0.0,44.72609853376944,0.0,0.0,34.76059815575629,35.5211320407512,46.36764179226321,47.74355295842109,0.0,0.0,0.0,0.0,0.0,0.0,0.0
110,110,0.0,44.00849717035291,0.0,45.0258915281475,0.0,0.0,34.614129203559095,35.247528029620966,46.17692407688887,47.72298412593484,0.0,0.0,0.0,0.0,0.0,0.0,0.0
111,111,0.0,44.25613673640059,0.0,45.324060131904595,0.0,0.0,34.47551401575624,34.978124814592675,45.98790842600735,47.70621517025361,0.0,0.0,0.0,0.0,0.0,0.0,0.0
112,112,0.0,44.50442189905339,0.0,45.620551362403184,0.0,0.0,34.34498487643192,34.7132422059724,45.800710503263275,47.69326447106208,0.0,0.0,0.0,0.0,0.0,0.0,0.0
113,113,0.0,44.75323701909857,0.0,45.91530244192262,0.0,0.0,34.22274458390657,34.45316932291424,45.615443902849734,47.68414009113098,0.0,0.0,0.0,0.0,0.0,0.0,0.0
114,114,0.0,45.00245671315928,0.0,46.20827191144509,0.0,0.0,34.1089808405106,34.1982251282596,45.432228872505654,47.678847717483414,0.0,0.0,0.0,0.0,0.0,0.0,0.0
115,115,0.0,45.25197395070696,0.0,46.49940835918399,0.0,0.0,34.00388127510685,33.94872739652658,45.25118791591886,47.677394643291905,0.0,0.0,0.0,0.0,0.0,0.0,0.0
116,116,0.0,45.501676661317596,0.0,46.788663846119846,0.0,0.0,33.907624862182516,33.704999838132046,45.07244112606732,47.67978177614989,0.0,0.0,0.0,0.0,0.0,0.0,0.0
117,117,0.0,45.75146595321411,0.0,47.07600200546974,0.0,0.0,33.820373096713105,33.467355092468054,44.89611051149889,47.686007625120034,0.0,0.0,0.0,0.0,0.0,0.0,0.0
118,118,0.0,46.00124234447075,0.0,47.36138914830516,0.0,0.0,33.742269106145635,33.23612637291915,44.722319899218874,47.69606431534303,0.0,0.0,0.0,0.0,0.0,0.0,0.0
119,119,0.0,46.250905973667734,0.0,47.64478614961809,0.0,0.0,33.67345310807389,33.01164248642639,44.55120425401125,47.70994956528175,0.0,0.0,0.0,0.0,0.0,0.0,0.0
120,120,0.0,46.500365304895446,0.0,47.92616469750858,0.0,0.0,33.61403746158251,32.794235063121796,44.38288144906014,47.727642780476344,0.0,0.0,0.0,0.0,0.0,0.0,0.0
121,121,0.0,46.74953675269295,0.0,0.0,0.0,0.0,33.56413040244967,32.58422910064415,44.21748487852335,47.74913696658438,0.0,0.0,0.0,0.0,0.0,0.0,0.0
122,122,0.0,46.99833603248983,0.0,0.0,0.0,0.0,33.5238192680261,32.38195024989077,44.05514459255797,47.77440689512928,0.0,0.0,0.0,0.0,0.0,0.0,0.0
123,123,0.0,47.24668243755473,0.0,0.0,0.0,0.0,33.493169980212784,32.18772381089866,43.89598694386515,47.80344096346036,0.0,0.0,0.0,0.0,0.0,0.0,0.0
124,124,0.0,47.49450277953174,0.0,0.0,0.0,0.0,33.472251287775286,32.00187365706372,43.740144062365545,47.836205484668284,0.0,0.0,0.0,0.0,0.0,0.0,0.0
125,125,0.0,47.74171909370873,0.0,0.0,0.0,0.0,33.46108524497316,31.824703263568985,43.58774893105799,47.87267650716857,0.0,0.0,0.0,0.0,0.0,0.0,0.0
126,126,0.0,0.0,0.0,0.0,0.0,0.0,33.45969624757509,31.656520715993274,43.438925220621776,47.91282398621383,0.0,0.0,0.0,0.0,0.0,0.0,0.0
127,127,0.0,0.0,0.0,0.0,0.0,0.0,33.46808631106629,31.497628812193845,43.293806843800986,0.0,0.0,0.0,0.0,0.0,0.0,0.0,0.0
128,128,0.0,0.0,0.0,0.0,0.0,0.0,33.486243266258974,31.348305533016827,43.152522935814645,0.0,0.0,0.0,0.0,0.0,0.0,0.0,0.0
129,129,0.0,0.0,0.0,0.0,0.0,0.0,33.51414081955585,31.208838861332957,43.015197464036326,0.0,0.0,0.0,0.0,0.0,0.0,0.0,0.0
130,130,0.0,0.0,0.0,0.0,0.0,0.0,33.55171413717971,31.079489119829518,42.88196425257915,0.0,0.0,0.0,0.0,0.0,0.0,0.0,0.0
131,131,0.0,0.0,0.0,0.0,0.0,0.0,33.598909306064336,30.960505684667417,42.7529464248762,0.0,0.0,0.0,0.0,0.0,0.0,0.0,0.0
132,132,0.0,0.0,0.0,0.0,0.0,0.0,33.65563452896112,30.85211637014453,42.6282610384139,0.0,0.0,0.0,0.0,0.0,0.0,0.0,0.0
133,133,0.0,0.0,0.0,0.0,0.0,0.0,33.72179330137898,30.754535362841672,42.50803964290376,0.0,0.0,0.0,0.0,0.0,0.0,0.0,0.0
134,134,0.0,0.0,0.0,0.0,0.0,0.0,33.797276670207076,30.667971507348533,42.392391649545274,0.0,0.0,0.0,0.0,0.0,0.0,0.0,0.0
135,135,0.0,0.0,0.0,0.0,0.0,0.0,33.881947641764626,30.592589457057876,42.28144055376067,0.0,0.0,0.0,0.0,0.0,0.0,0.0,0.0
136,136,0.0,0.0,0.0,0.0,0.0,0.0,33.97566614283208,30.528546157866685,42.17529751394274,0.0,0.0,0.0,0.0,0.0,0.0,0.0,0.0
137,137,0.0,0.0,0.0,0.0,0.0,0.0,34.07826556254245,30.475980573526492,42.07407152348287,0.0,0.0,0.0,0.0,0.0,0.0,0.0,0.0
138,138,0.0,0.0,0.0,0.0,0.0,0.0,34.189585558386796,30.43499374857265,41.9778691716338,0.0,0.0,0.0,0.0,0.0,0.0,0.0,0.0
139,139,0.0,0.0,0.0,0.0,0.0,0.0,34.30944868955902,30.405686218071367,41.886794403001076,0.0,0.0,0.0,0.0,0.0,0.0,0.0,0.0
140,140,0.0,0.0,0.0,0.0,0.0,0.0,34.437645703397486,30.38810970300488,41.80094284831629,0.0,0.0,0.0,0.0,0.0,0.0,0.0,0.0
141,141,0.0,0.0,0.0,0.0,0.0,0.0,34.57398373878642,30.38231447658353,41.720412374136224,0.0,0.0,0.0,0.0,0.0,0.0,0.0,0.0
142,142,0.0,0.0,0.0,0.0,0.0,0.0,34.71824770750765,30.388291674530983,41.645286548460824,0.0,0.0,0.0,0.0,0.0,0.0,0.0,0.0
143,143,0.0,0.0,0.0,0.0,0.0,0.0,34.870216946231295,30.406049838298586,41.57565068395756,0.0,0.0,0.0,0.0,0.0,0.0,0.0,0.0
144,144,0.0,0.0,0.0,0.0,0.0,0.0,35.02966600126925,30.435528819536785,41.51158621705093,0.0,0.0,0.0,0.0,0.0,0.0,0.0,0.0
145,145,0.0,0.0,0.0,0.0,0.0,0.0,35.19636539699731,30.476686175046517,41.45315944782243,0.0,0.0,0.0,0.0,0.0,0.0,0.0,0.0
146,146,0.0,0.0,0.0,0.0,0.0,0.0,35.3700599465672,30.529430586905576,41.40044334703126,0.0,0.0,0.0,0.0,0.0,0.0,0.0,0.0
147,147,0.0,0.0,0.0,0.0,0.0,0.0,35.55052235880832,30.59365115442681,41.35349531279399,0.0,0.0,0.0,0.0,0.0,0.0,0.0,0.0
148,148,0.0,0.0,0.0,0.0,0.0,0.0,35.73749386829145,30.66919918011989,41.31236799725546,0.0,47.7440302902281,0.0,0.0,0.0,0.0,0.0,0.0
149,149,0.0,0.0,0.0,0.0,0.0,0.0,35.93073719810673,30.755936367432497,41.27711473705145,0.0,47.465317355118394,0.0,0.0,0.0,0.0,0.0,0.0
150,150,0.0,0.0,0.0,0.0,0.0,0.0,36.12998574025547,30.853678961590255,41.24777829770952,0.0,47.18477203978099,0.0,0.0,0.0,0.0,0.0,0.0
151,151,0.0,0.0,0.0,0.0,0.0,0.0,36.33499551500685,30.96223663270957,41.22438511538545,0.0,46.90243382172683,0.0,0.0,0.0,0.0,0.0,0.0
152,152,0.0,0.0,0.0,0.0,0.0,0.0,36.54550232445985,31.08137630760247,41.20696751717951,0.0,46.61834085591665,0.0,0.0,0.0,0.0,0.0,0.0
153,153,0.0,0.0,0.0,0.0,0.0,0.0,36.761272276463295,31.2108885156147,41.19554130583833,0.0,46.33253835819395,0.0,0.0,0.0,0.0,0.0,0.0
154,154,0.0,0.0,0.0,0.0,0.0,0.0,36.982038623539516,31.35050524899271,41.19012806146869,0.0,46.0450746966391,0.0,0.0,0.0,0.0,0.0,0.0
155,155,0.0,0.0,0.0,0.0,0.0,0.0,37.20755192288349,31.499966207579774,41.19073271645428,0.0,45.756001525301926,0.0,0.0,0.0,0.0,0.0,0.0
156,156,0.0,0.0,0.0,0.0,0.0,0.0,37.43756619211486,31.659010436607247,41.19734912301121,0.0,45.46537841488134,0.0,0.0,0.0,0.0,0.0,0.0
157,157,0.0,0.0,0.0,0.0,0.0,0.0,37.67183928519494,31.827323731226187,41.20997125884349,0.0,45.1732642178511,0.0,0.0,0.0,0.0,0.0,0.0
158,158,0.0,0.0,0.0,0.0,0.0,0.0,37.910120035326074,32.00463897589107,41.22858764684705,0.0,44.87972150606787,47.75027026588821,0.0,0.0,0.0,0.0,0.0
159,159,0.0,0.0,0.0,0.0,0.0,0.0,38.152181926587694,32.19062124983975,41.25317022540408,0.0,44.584816721355786,47.56095314910952,0.0,0.0,0.0,0.0,0.0
160,160,0.0,0.0,0.0,0.0,0.0,0.0,38.39778354233302,32.38497590826915,41.28369677102731,0.0,44.28862988598856,47.3728983872955,0.0,0.0,0.0,0.0,0.0
161,161,0.0,0.0,0.0,0.0,0.0,0.0,38.64669541066831,32.5873704318887,41.32012864252546,0.0,43.991231243309045,47.186198719083436,0.0,0.0,0.0,0.0,0.0
162,162,0.0,0.0,0.0,0.0,0.0,0.0,38.89868723938379,32.7974967257858,41.362422076326474,0.0,43.69270987822286,47.000961318409146,0.0,0.0,0.0,0.0,0.0
163,163,0.0,0.0,0.0,0.0,0.0,0.0,39.153547071391664,33.01501203420059,41.41052830861525,0.0,43.39315500465625,46.81728747079201,0.0,0.0,0.0,0.0,0.0
164,164,0.0,0.0,0.0,0.0,0.0,0.0,39.41105613155272,33.239599927477514,41.46439370983553,0.0,43.092655770526704,46.63528057011796,0.0,0.0,0.0,0.0,0.0
165,165,0.0,0.0,0.0,0.0,0.0,0.0,39.671007842946025,33.47092877475705,41.523948920679594,0.0,42.79132169295739,46.45505033732851,0.0,0.0,0.0,0.0,0.0
166,166,0.0,0.0,0.0,0.0,0.0,0.0,39.933189609966206,33.708661661012236,41.58913662487442,0.0,42.48924210712117,46.27670866837373,47.85227920173906,0.0,0.0,0.0,0.0
167,167,0.0,0.0,0.0,0.0,0.0,0.0,40.197413076348646,33.95248975102011,41.65987864756588,0.0,42.18654289758616,46.10036088486102,47.58567966070763,0.0,0.0,0.0,0.0
168,168,0.0,0.0,0.0,0.0,0.0,0.0,40.463478126074335,34.20207607840658,41.736092770596095,0.0,41.88333507962792,45.92612280144249,47.31769455698123,0.0,0.0,0.0,0.0
169,169,0.0,0.0,0.0,0.0,0.0,0.0,40.73120270382426,34.457097267882276,41.81769836785624,0.0,41.579746290190265,45.754112204428644,47.04837628458181,0.0,0.0,0.0,0.0
170,170,0.0,0.0,0.0,0.0,0.0,0.0,41.000405060814735,34.71724361657744,41.904600303558304,0.0,41.27590509899162,45.584439837156644,46.77778038143713,0.0,0.0,0.0,0.0
171,171,0.0,0.0,0.0,0.0,0.0,0.0,41.27090410551838,34.98220384328423,41.996710890986805,0.0,40.97194644651899,45.41722242307881,46.505961395760316,0.0,0.0,0.0,0.0
172,172,0.0,0.0,0.0,0.0,0.0,0.0,41.54254173064714,35.251673539814895,42.09392847320685,0.0,40.66802333596647,45.2525827646027,46.23298995137088,0.0,0.0,0.0,0.0
173,173,0.0,0.0,0.0,0.0,0.0,0.0,41.81515448626369,35.52534069123579,42.19614323557,0.0,40.364272893187064,45.09063608180442,45.95891879216301,0.0,0.0,0.0,0.0
174,174,0.0,0.0,0.0,0.0,0.0,0.0,42.08857426152452,35.80292359267682,42.30325875714484,0.0,40.06086812353206,44.93150798851546,45.683825736197385,0.0,0.0,0.0,0.0
175,175,0.0,0.0,0.0,0.0,0.0,0.0,42.36266586477578,36.08412625906096,42.41516024299235,0.0,39.75796619362168,44.77530679836521,45.407783857676066,0.0,0.0,0.0,0.0
176,176,0.0,0.0,0.0,0.0,0.0,0.0,42.63726785254001,36.36868284273197,42.53173089880486,0.0,39.455749569557355,44.62216489683348,45.130874692811844,0.0,0.0,0.0,0.0
177,177,0.0,0.0,0.0,0.0,0.0,0.0,42.91225617695066,36.65630713170101,42.65285737615403,0.0,39.15439036666142,44.47220167193767,44.85317014897967,0.0,0.0,0.0,0.0
178,178,0.0,0.0,0.0,0.0,0.0,0.0,43.187486259858176,36.946736162256066,42.77841951996281,0.0,38.85408060292468,44.32553711054782,44.57476928741627,0.0,0.0,0.0,0.0
179,179,0.0,0.0,0.0,0.0,0.0,0.0,43.46283955150228,37.239722445765864,42.90829076804663,0.0,38.55502690050884,44.18228683552118,44.29575717510141,0.0,0.0,0.0,0.0
180,180,0.0,0.0,0.0,0.0,0.0,0.0,43.73818757164881,37.535013325425616,43.04235894063613,0.0,38.257418695104064,44.042581121078285,44.01623272858833,0.0,0.0,0.0,0.0
181,181,0.0,0.0,0.0,0.0,0.0,0.0,44.013412226108386,37.83237180936409,43.18048546107096,0.0,37.96148567540294,43.90653112338286,43.73629971482677,0.0,0.0,0.0,0.0
182,182,0.0,0.0,0.0,0.0,0.0,0.0,44.28841010189498,38.13156297587571,43.322546658385164,0.0,37.667440208413815,43.7742623616205,43.45606689685671,0.0,0.0,0.0,0.0
183,183,0.0,0.0,0.0,0.0,0.0,0.0,44.56306810496822,38.432367233726474,43.46841848423418,0.0,37.37550936949288,43.64588539443493,43.175643118425135,0.0,0.0,0.0,0.0
184,184,0.0,0.0,0.0,0.0,0.0,0.0,44.83728291901187,38.73456706946121,43.61796682253956,0.0,37.085942360818926,43.52152496387471,42.895147349138796,0.0,0.0,0.0,0.0
185,185,0.0,0.0,0.0,0.0,0.0,0.0,45.11096510762897,39.037953636681785,43.77106279670531,0.0,36.798969715434566,43.40129025699069,42.61470398096123,0.0,0.0,0.0,0.0
186,186,0.0,0.0,0.0,0.0,0.0,0.0,45.384015765903754,39.34233889244495,43.9275827703332,0.0,36.51486495181297,43.285294363534355,42.33444296802578,0.0,0.0,0.0,0.0
187,187,0.0,0.0,0.0,0.0,0.0,0.0,45.656354052256866,39.64751820480189,44.087389016627355,0.0,36.233868177198694,43.17365422135547,42.05449996304883,0.0,0.0,0.0,0.0
188,188,0.0,0.0,0.0,0.0,0.0,0.0,45.92789855519869,39.95332565517095,44.25035443216513,0.0,35.95626298176033,43.06646509745813,41.77501644940838,0.0,0.0,0.0,0.0
189,189,0.0,0.0,0.0,0.0,0.0,0.0,46.19856316652962,40.259572888211856,44.4163480593485,0.0,35.682327250651866,42.9638458649872,41.496134355054,0.0,0.0,0.0,0.0
190,190,0.0,0.0,0.0,0.0,0.0,0.0,46.46827887362286,40.566103187549764,44.585240151048865,0.0,35.41233202180252,42.86588804252157,41.218018145884656,0.0,0.0,0.0,0.0
191,191,0.0,0.0,0.0,0.0,0.0,0.0,46.73697590899678,40.87275534600624,44.756902316831365,0.0,35.146570543653,42.772701428474015,40.94082209490534,0.0,0.0,0.0,0.0
192,192,0.0,0.0,0.0,0.0,0.0,0.0,47.00458393637027,41.179375557198235,44.93121227909638,0.0,34.88534368511439,42.684367672658844,40.66470645509846,0.0,0.0,0.0,0.0
193,193,0.0,0.0,0.0,0.0,0.0,0.0,47.27104854843673,41.48581720379479,45.10803547374424,0.0,34.628951862180905,42.60099160089353,40.389855032746404,0.0,0.0,0.0,0.0
194,194,0.0,0.0,0.0,0.0,0.0,0.0,47.536306132749864,41.7919515049278,45.287257550752294,0.0,34.37770202910816,42.52264923534355,40.1164351042296,0.0,0.0,0.0,0.0
195,195,0.0,0.0,0.0,0.0,0.0,0.0,47.800304458966224,42.09763972844461,45.4687431948483,0.0,34.13190724066672,42.44942908457234,39.8446437968294,0.0,0.0,0.0,0.0
196,196,0.0,0.0,0.0,0.0,0.0,0.0,0.0,42.40276582454626,45.6523817855078,0.0,33.89187810094382,42.381405895269914,39.57466118438106,0.0,0.0,0.0,0.0
197,197,0.0,0.0,0.0,0.0,0.0,0.0,0.0,42.70721424658685,45.8380467549356,0.0,33.65792985708642,42.31866142687335,39.30669176858166,0.0,0.0,0.0,0.0
198,198,0.0,0.0,0.0,0.0,0.0,0.0,0.0,43.01085995513651,46.02561834150843,0.0,33.43038999341449,42.26125261602803,39.040934538894696,0.0,0.0,0.0,0.0
199,199,0.0,0.0,0.0,0.0,0.0,0.0,0.0,43.313614623019056,46.214987759767666,0.0,33.20958133069179,42.20924831744214,38.77760741659088,0.0,0.0,0.0,0.0
200,200,0.0,0.0,0.0,0.0,0.0,0.0,0.0,43.615369656834545,46.406035451385776,0.0,32.99581237003919,42.162708043400336,38.516916043163214,0.0,0.0,0.0,0.0
201,201,0.0,0.0,0.0,0.0,0.0,0.0,0.0,43.916036915545135,46.59865294516719,0.0,32.7894180497602,42.121681741000444,38.259091383318506,0.0,0.0,0.0,0.0
202,202,0.0,0.0,0.0,0.0,0.0,0.0,0.0,44.215523390511414,46.79272990271321,0.0,32.590717213323856,42.086209600109434,38.0043580474479,0.0,0.0,0.0,0.0
203,203,0.0,0.0,0.0,0.0,0.0,0.0,0.0,44.513750658712326,46.98815437277234,0.0,32.400010761417846,42.05634332698164,37.75294664479174,0.0,0.0,0.0,0.0
204,204,0.0,0.0,0.0,0.0,0.0,0.0,0.0,44.810640013743516,47.184829437041294,0.0,32.217623516897,42.03210323022949,37.50510036285825,0.0,0.0,0.0,0.0
205,205,0.0,0.0,0.0,0.0,0.0,0.0,0.0,45.10611723530893,47.382652297041965,0.0,32.04385140328078,42.013526296423315,37.26105475563393,0.0,0.0,0.0,0.0
206,206,0.0,0.0,0.0,0.0,0.0,0.0,0.0,45.40012143219839,47.58151873816159,0.0,31.878994710766143,42.00062860621698,37.02106427571658,0.0,0.0,0.0,0.0
207,207,0.0,0.0,0.0,0.0,0.0,0.0,0.0,45.69257754818441,47.78133129460568,0.0,31.723348325649766,41.99342134257259,36.7853819026336,0.0,0.0,0.0,0.0
208,208,0.0,0.0,0.0,0.0,0.0,0.0,0.0,45.983436920110506,0.0,0.0,31.577191474944023,41.9919268889531,36.55425137704938,0.0,0.0,0.0,0.0
209,209,0.0,0.0,0.0,0.0,0.0,0.0,0.0,46.2726409902799,0.0,0.0,31.44077706872529,41.99613042239564,36.327941725360965,0.0,0.0,0.0,0.0
210,210,0.0,0.0,0.0,0.0,0.0,0.0,0.0,46.56013912546409,0.0,0.0,31.314375596705105,42.00603903740541,36.10670478719559,0.0,0.0,0.0,0.0
211,211,0.0,0.0,0.0,0.0,0.0,0.0,0.0,46.84587979421405,0.0,0.0,31.19821957908846,42.02163875326377,35.89081004971211,0.0,0.0,0.0,0.0
212,212,0.0,0.0,0.0,0.0,0.0,0.0,0.0,47.12982719557623,0.0,0.0,31.092538526750637,42.04290531697634,35.680522844938885,0.0,0.0,0.0,0.0
213,213,0.0,0.0,0.0,0.0,0.0,0.0,0.0,47.41193588696827,0.0,0.0,30.997530155444935,42.069820355271574,35.47610343621407,0.0,0.0,0.0,0.0
214,214,0.0,0.0,0.0,0.0,0.0,0.0,0.0,47.69216755005233,0.0,0.0,30.913396157881706,42.102355327573335,35.27782110224739,0.0,0.0,0.0,0.0
215,215,0.0,0.0,0.0,0.0,0.0,0.0,0.0,0.0,0.0,0.0,30.840304089945406,42.14046630311715,35.0859311324224,0.0,0.0,0.0,0.0
216,216,0.0,0.0,0.0,0.0,0.0,0.0,0.0,0.0,0.0,0.0,30.778395428543632,42.18412078537857,34.90070407535985,0.0,0.0,0.0,0.0
217,217,0.0,0.0,0.0,0.0,0.0,0.0,0.0,0.0,0.0,0.0,30.72779400077625,42.233260468440044,34.72239484798536,0.0,0.0,0.0,0.0
218,218,0.0,0.0,0.0,0.0,0.0,0.0,0.0,0.0,0.0,0.0,30.688624125758622,42.287838696029645,34.55125689275756,0.0,0.0,0.0,0.0
219,219,0.0,0.0,0.0,0.0,0.0,0.0,0.0,0.0,0.0,0.0,30.66094398764684,42.347788704567854,34.3875492681367,0.0,0.0,0.0,0.0
220,220,0.0,0.0,0.0,0.0,0.0,0.0,0.0,0.0,0.0,0.0,30.644829910200336,42.41304506225843,34.23151242275911,0.0,0.0,0.0,0.0
221,221,0.0,0.0,0.0,0.0,0.0,0.0,0.0,0.0,0.0,0.0,30.64030996028562,42.48354375234429,34.08339067048335,0.0,0.0,0.0,0.0
222,222,0.0,0.0,0.0,0.0,0.0,0.0,0.0,0.0,0.0,0.0,30.647382567335377,42.559206574155205,33.943407565077614,0.0,0.0,0.0,0.0
223,223,0.0,0.0,0.0,0.0,0.0,0.0,0.0,0.0,0.0,0.0,30.666054297971776,42.63994672298764,33.811796809969536,0.0,0.0,0.0,0.0
224,224,0.0,0.0,0.0,0.0,0.0,0.0,0.0,0.0,0.0,0.0,30.696264328415992,42.7256898125309,33.6887612875228,47.92269452303737,0.0,0.0,0.0
225,225,0.0,0.0,0.0,0.0,0.0,0.0,0.0,0.0,0.0,0.0,30.73796972705489,42.81633764300953,33.57451233138626,47.83584135894862,0.0,0.0,0.0
226,226,0.0,0.0,0.0,0.0,0.0,0.0,0.0,0.0,0.0,0.0,30.791060964603062,42.911804786809725,33.46923648903492,47.7522503899691,0.0,0.0,0.0
227,227,0.0,0.0,0.0,0.0,0.0,0.0,0.0,0.0,0.0,0.0,30.855447255947723,43.011987800253806,33.37311903161124,47.671984528114976,0.0,0.0,0.0
228,228,0.0,0.0,0.0,0.0,0.0,0.0,0.0,0.0,0.0,0.0,30.930991364886324,43.116786129071826,33.286326775199164,47.59510146678466,0.0,0.0,0.0
229,229,0.0,0.0,0.0,0.0,0.0,0.0,0.0,0.0,0.0,0.0,31.01752941538995,43.22610219035597,33.20900713328916,47.52166960706387,0.0,0.0,0.0
230,230,0.0,0.0,0.0,0.0,0.0,0.0,0.0,0.0,0.0,0.0,31.11490894160589,43.339821364864456,33.14129560702914,47.45174394899877,0.0,0.0,0.0
231,231,0.0,0.0,0.0,0.0,0.0,0.0,0.0,0.0,0.0,0.0,31.222915664655922,43.457842578224465,33.08332351830225,47.38538604049167,0.0,0.0,0.0
232,232,0.0,0.0,0.0,0.0,0.0,0.0,0.0,0.0,0.0,0.0,31.341348824894013,43.58004831837605,33.03517554845714,47.32264367820022,0.0,0.0,0.0
233,233,0.0,0.0,0.0,0.0,0.0,0.0,0.0,0.0,0.0,0.0,31.469976141588127,43.706329932424865,32.99696452866843,47.26356693888985,0.0,0.0,0.0
234,234,0.0,0.0,0.0,0.0,0.0,0.0,0.0,0.0,0.0,0.0,31.60855356145307,43.83656794690863,32.96873874464913,47.208216350553016,0.0,0.0,0.0
235,235,0.0,0.0,0.0,0.0,0.0,0.0,0.0,0.0,0.0,0.0,31.756826464216843,43.97064717048203,32.950557076247016,47.15662602392639,0.0,0.0,0.0
236,236,0.0,0.0,0.0,0.0,0.0,0.0,0.0,0.0,0.0,0.0,31.914521999383943,44.108447077906575,32.94245514591443,47.10884851035269,0.0,0.0,0.0
237,237,0.0,0.0,0.0,0.0,0.0,0.0,0.0,0.0,0.0,0.0,32.0813682588982,44.24984696168245,32.944445099236326,47.06491785211459,0.0,0.0,0.0
238,238,0.0,0.0,0.0,0.0,0.0,0.0,0.0,0.0,0.0,0.0,32.25706021818032,44.39473087118314,32.95653237851749,47.02487412103396,47.82083073507463,0.0,0.0
239,239,0.0,0.0,0.0,0.0,0.0,0.0,0.0,0.0,0.0,0.0,32.441305311743314,44.542978179330944,32.97868202276679,46.98875101085542,47.5788017958396,0.0,0.0
240,240,0.0,0.0,0.0,0.0,0.0,0.0,0.0,0.0,0.0,0.0,32.63379813207476,44.69446393352552,33.01086093987324,46.95658403037741,47.33632828072286,0.0,0.0
241,241,0.0,0.0,0.0,0.0,0.0,0.0,0.0,0.0,0.0,0.0,32.834230434550285,44.84907312804367,33.05300443873389,46.928398005139655,47.09348726008347,0.0,0.0
242,242,0.0,0.0,0.0,0.0,0.0,0.0,0.0,0.0,0.0,0.0,33.042267040173016,45.00667747104345,33.10504178373019,46.904215283054654,46.85035917337596,47.87875851565099,0.0
243,243,0.0,0.0,0.0,0.0,0.0,0.0,0.0,0.0,0.0,0.0,33.25761460012576,45.1671589225613,33.16687144505899,46.88405985826995,46.607023683339996,47.596905861878874,0.0
244,244,0.0,0.0,0.0,0.0,0.0,0.0,0.0,0.0,0.0,0.0,33.47993822140673,45.33039587606409,33.23839505396818,46.867949010513996,46.363568049625044,47.31303319763482,0.0
245,245,0.0,0.0,0.0,0.0,0.0,0.0,0.0,0.0,0.0,0.0,33.70891333623656,45.496272453897305,33.319467970597294,46.855897421805615,46.120083142588435,47.02717316265436,0.0
246,246,0.0,0.0,0.0,0.0,0.0,0.0,0.0,0.0,0.0,0.0,33.944226091734514,45.664665094313285,33.4099664766491,46.84791297283817,45.876659125252644,46.73936110362734,0.0
247,247,0.0,0.0,0.0,0.0,0.0,0.0,0.0,0.0,0.0,0.0,34.18554985359584,45.83546509085647,33.50971390504654,46.84400506565609,45.633403057333844,46.44963093322329,0.0
248,248,0.0,0.0,0.0,0.0,0.0,0.0,0.0,0.0,0.0,0.0,34.43257035095075,46.00854317152226,33.618555761129834,46.84418043800603,45.3904037395005,46.15802358706891,0.0
249,249,0.0,0.0,0.0,0.0,0.0,0.0,0.0,0.0,0.0,0.0,34.68497808662051,46.18379385314053,33.73629474600868,46.84843062564366,45.147776030051446,45.86458308461833,0.0
250,250,0.0,0.0,0.0,0.0,0.0,0.0,0.0,0.0,0.0,0.0,34.94246124971572,46.36110024259206,33.862740829151896,46.856761190265686,44.90562996736676,45.56935666626863,0.0
251,251,0.0,0.0,0.0,0.0,0.0,0.0,0.0,0.0,0.0,0.0,35.20470669080387,46.54035169932565,33.997687565221206,46.86915832817763,44.664074937933094,45.27239947382179,0.0
252,252,0.0,0.0,0.0,0.0,0.0,0.0,0.0,0.0,0.0,0.0,35.471423163657995,46.72143529739824,34.14091318406179,46.88561393358832,44.42323367001104,44.97376583489966,0.0
253,253,0.0,0.0,0.0,0.0,0.0,0.0,0.0,0.0,0.0,0.0,35.74231132777435,46.90424441768969,34.29218961158287,46.90610893963628,44.18322365853066,44.67351374586721,0.0
254,254,0.0,0.0,0.0,0.0,0.0,0.0,0.0,0.0,0.0,0.0,36.01707952386021,47.08867447814982,34.45128332559234,46.93063001825988,43.94417606925057,44.37170978579161,0.0
255,255,0.0,0.0,0.0,0.0,0.0,0.0,0.0,0.0,0.0,0.0,36.295451163554475,47.274614822190756,34.6179561956973,46.95915711007044,43.70621667670649,44.06841998988276,0.0
256,256,0.0,0.0,0.0,0.0,0.0,0.0,0.0,0.0,0.0,0.0,36.577150334294885,47.461969365678954,34.79195860658126,46.99166349039918,43.469485228934616,43.76372437390435,0.0
257,257,0.0,0.0,0.0,0.0,0.0,0.0,0.0,0.0,0.0,0.0,36.861916331537884,47.65063202863159,34.97303059362737,47.0281158530193,43.23412093482423,43.45769793609752,0.0
258,258,0.0,0.0,0.0,0.0,0.0,0.0,0.0,0.0,0.0,0.0,37.14947586758499,47.840511120637345,35.160918091177415,47.068490913195795,43.00026217074773,43.15042526717563,0.0
259,259,0.0,0.0,0.0,0.0,0.0,0.0,0.0,0.0,0.0,0.0,37.43957835736073,0.0,35.355365851816195,47.112750634606726,42.7680616752551,42.84200113552078,0.0
260,260,0.0,0.0,0.0,0.0,0.0,0.0,0.0,0.0,0.0,0.0,37.73199495687637,0.0,35.55610333193391,47.160854751072016,42.53767146036053,42.53251540718046,0.0
261,261,0.0,0.0,0.0,0.0,0.0,0.0,0.0,0.0,0.0,0.0,38.026471676057355,0.0,35.76287545216177,47.2127608419334,42.30924247973189,42.22207899579405,0.0
262,262,0.0,0.0,0.0,0.0,0.0,0.0,0.0,0.0,0.0,0.0,38.322796368847214,0.0,35.975413447151446,47.268432573079046,42.08293498405629,41.91078754189672,0.0
263,263,0.0,0.0,0.0,0.0,0.0,0.0,0.0,0.0,0.0,0.0,38.620732591310166,0.0,36.19344340290181,47.327819305722116,41.85891877226469,41.59876380366591,0.0
264,264,0.0,0.0,0.0,0.0,0.0,0.0,0.0,0.0,0.0,0.0,38.920084612959144,0.0,36.416715616103055,47.39087258952575,41.63735153239628,41.28612059274275,0.0
265,265,0.0,0.0,0.0,0.0,0.0,0.0,0.0,0.0,0.0,0.0,39.220633145206726,0.0,36.6449617806065,47.45753810303516,41.418405509845726,40.97299931090938,0.0
266,266,0.0,0.0,0.0,0.0,0.0,0.0,0.0,0.0,0.0,0.0,39.52219841558196,0.0,36.87792440666255,47.527759842070466,41.20225682229408,40.659520204728935,0.0
267,267,0.0,0.0,0.0,0.0,0.0,0.0,0.0,0.0,0.0,0.0,39.82457774576213,0.0,37.11534311541645,47.601488232758996,40.98908533514125,40.3458387613726,0.0
268,268,0.0,0.0,0.0,0.0,0.0,0.0,0.0,0.0,0.0,0.0,40.12760082726605,0.0,37.35696897551533,47.67865610985777,40.77906308471584,40.03209481163383,47.81021969713714
269,269,0.0,0.0,0.0,0.0,0.0,0.0,0.0,0.0,0.0,0.0,40.43109283586719,0.0,37.60254433104902,47.759210944075335,40.572376617633225,39.71844708299076,47.57062447818591
270,270,0.0,0.0,0.0,0.0,0.0,0.0,0.0,0.0,0.0,0.0,40.73489233361207,0.0,37.85183036988352,47.84307898443039,40.369204064810255,39.40506211262668,47.33067911509707
271,271,0.0,0.0,0.0,0.0,0.0,0.0,0.0,0.0,0.0,0.0,41.038839356137935,0.0,38.10458694967211,0.0,40.16974381283338,39.092120697967644,47.090454693335886
272,272,0.0,0.0,0.0,0.0,0.0,0.0,0.0,0.0,0.0,0.0,41.34277565401881,0.0,38.360573217130906,0.0,39.97417349138992,38.77978702337954,46.85003776259703
273,273,0.0,0.0,0.0,0.0,0.0,0.0,0.0,0.0,0.0,0.0,41.64657226794429,0.0,38.61955456072984,0.0,39.78268461658905,38.46827107804257,46.6095143021717
274,274,0.0,0.0,0.0,0.0,0.0,0.0,0.0,0.0,0.0,0.0,41.950089927266696,0.0,38.881315319139986,0.0,39.59546470024259,38.157753636851396,46.368969530019264
275,275,0.0,0.0,0.0,0.0,0.0,0.0,0.0,0.0,0.0,0.0,42.253190723572644,0.0,39.14563325018414,0.0,39.412715037437046,37.84845625093593,46.12849203979683
276,276,0.0,0.0,0.0,0.0,0.0,0.0,0.0,0.0,0.0,0.0,42.55575920350218,0.0,39.41228655092257,0.0,39.23461388560939,37.54058348392279,45.88818265521682
277,277,0.0,0.0,0.0,0.0,0.0,0.0,0.0,0.0,0.0,0.0,42.85768037354631,0.0,39.68107847195603,0.0,39.06136487155487,37.23436197418287,45.648137256779485
278,278,0.0,0.0,0.0,0.0,0.0,0.0,0.0,0.0,0.0,0.0,43.15883991116338,0.0,39.95180632450574,0.0,38.89314744874819,36.93003467986422,45.40846431200077
279,279,0.0,0.0,0.0,0.0,0.0,0.0,0.0,0.0,0.0,0.0,43.45913433427237,0.0,40.22426817313413,0.0,38.73015346651492,36.62783341617826,45.16926725005919
280,280,0.0,0.0,0.0,0.0,0.0,0.0,0.0,0.0,0.0,0.0,43.758465505408225,0.0,40.49827481003585,0.0,38.572568142668416,36.32802019356811,44.93065781160449
281,281,0.0,0.0,0.0,0.0,0.0,0.0,0.0,0.0,0.0,0.0,44.05674527932968,0.0,40.77365502762222,0.0,38.420575829368616,36.03084542807487,44.69275170787665
282,282,0.0,0.0,0.0,0.0,0.0,0.0,0.0,0.0,0.0,0.0,44.353880662943,0.0,41.050215300359554,0.0,38.274366062947045,35.73658312216934,44.455668667710896
283,283,0.0,0.0,0.0,0.0,0.0,0.0,0.0,0.0,0.0,0.0,44.64978844052483,0.0,41.32780284614841,0.0,38.13410725138386,35.445509568094124,44.21953727320548
284,284,0.0,0.0,0.0,0.0,0.0,0.0,0.0,0.0,0.0,0.0,44.94439462596259,0.0,41.60624288316454,0.0,37.999984944400616,35.1579178902578,43.98447587175432
285,285,0.0,0.0,0.0,0.0,0.0,0.0,0.0,0.0,0.0,0.0,45.237629389928976,0.0,41.88538372104436,0.0,37.8721557591309,34.874095495174814,43.75062119591215
286,286,0.0,0.0,0.0,0.0,0.0,0.0,0.0,0.0,0.0,0.0,45.52941794665637,0.0,42.16506885049239,0.0,37.750785969106445,34.59435394756643,43.51810937585
287,287,0.0,0.0,0.0,0.0,0.0,0.0,0.0,0.0,0.0,0.0,45.819703128624454,0.0,42.445158603535276,0.0,37.636044759359976,34.318990449934155,43.28707565164086
288,288,0.0,0.0,0.0,0.0,0.0,0.0,0.0,0.0,0.0,0.0,46.10842249663173,0.0,42.7255137397778,0.0,37.528077035391995,34.04832590547711,43.05767443720891
289,289,0.0,0.0,0.0,0.0,0.0,0.0,0.0,0.0,0.0,0.0,46.3955174173618,0.0,43.005995694882515,0.0,37.427029436291875,33.78268947685285,42.83004414375845
290,290,0.0,0.0,0.0,0.0,0.0,0.0,0.0,0.0,0.0,0.0,46.68094554723136,0.0,43.28648190706275,0.0,37.33303647621363,33.52241818768345,42.60433722376275
291,291,0.0,0.0,0.0,0.0,0.0,0.0,0.0,0.0,0.0,0.0,46.964654839344874,0.0,43.566850070333246,0.0,37.24623357374609,33.2678315531009,42.3807101871427
292,292,0.0,0.0,0.0,0.0,0.0,0.0,0.0,0.0,0.0,0.0,47.24660071417043,0.0,43.846983246957834,0.0,37.166743071236986,33.01927148035884,42.159323547590176
293,293,0.0,0.0,0.0,0.0,0.0,0.0,0.0,0.0,0.0,0.0,47.526741588233655,0.0,44.12676972432565,0.0,37.094673672013876,32.7770856716159,41.94033636361084
294,294,0.0,0.0,0.0,0.0,0.0,0.0,0.0,0.0,0.0,0.0,47.80504667863983,0.0,44.406107619105285,0.0,37.030126817972736,32.54162690602207,41.723922204442395
295,295,0.0,0.0,0.0,0.0,0.0,0.0,0.0,0.0,0.0,0.0,0.0,0.0,44.68489502873081,0.0,36.973203239010644,32.313226131477904,41.5102365895528
296,296,0.0,0.0,0.0,0.0,0.0,0.0,0.0,0.0,0.0,0.0,0.0,0.0,44.96303484538301,0.0,36.92398191902929,32.09225169239598,41.29946579620897
297,297,0.0,0.0,0.0,0.0,0.0,0.0,0.0,0.0,0.0,0.0,0.0,0.0,45.24043915668488,0.0,36.882526552800044,31.879030269451086,41.0917719309341
298,298,0.0,0.0,0.0,0.0,0.0,0.0,0.0,0.0,0.0,0.0,0.0,0.0,45.51702429202375,0.0,36.84891303402802,31.673924315710515,40.887342469832234
299,299,0.0,0.0,0.0,0.0,0.0,0.0,0.0,0.0,0.0,0.0,0.0,0.0,45.79270185651562,0.0,36.82318065449545,31.477260200072877,40.68634530663662
