,time,530,552,1068,1113,508,1091,553,1136,1069,531,1114
0,0,27.16154248730537,43.49702582397433,39.75217149269486,42.758013713853956,0.0,0.0,0.0,0.0,0.0,0.0,0.0
1,1,26.6015983168652,43.796997404624,39.82920047726242,42.405729618900224,0.0,0.0,0.0,0.0,0.0,0.0,0.0
2,2,26.037145253278993,44.0958458856013,39.91231683418862,42.050603680764425,0.0,0.0,0.0,0.0,0.0,0.0,0.0
3,3,25.468319337220905,44.39348115625116,40.001425645772905,41.69267692969577,0.0,0.0,0.0,0.0,0.0,0.0,0.0
4,4,24.895285397415137,44.68982747160253,40.096409772092706,41.33200571342227,0.0,0.0,0.0,0.0,0.0,0.0,0.0
5,5,24.31821454271524,44.98480411645659,40.19716588384243,40.96864031553112,0.0,0.0,0.0,0.0,0.0,0.0,0.0
6,6,23.737297788171347,45.27834863350295,40.30357504451664,40.6026414998319,0.0,0.0,0.0,0.0,0.0,0.0,0.0
7,7,23.152748359515,45.57039326433458,40.41551496085961,40.23408131191911,0.0,0.0,0.0,0.0,0.0,0.0,0.0
8,8,22.564789888009145,45.860883088241465,40.53286029290888,39.86301999251494,0.0,0.0,0.0,0.0,0.0,0.0,0.0
9,9,21.973701918583885,46.14975352771302,40.6554714592677,39.4895473127745,0.0,0.0,0.0,0.0,0.0,0.0,0.0
10,10,21.37976651455743,46.436952538087304,40.78322388534273,39.113754099339005,0.0,0.0,0.0,0.0,0.0,0.0,0.0
11,11,20.783315336240946,46.722439798892125,40.91597937474625,38.73571938583407,0.0,0.0,0.0,0.0,0.0,0.0,0.0
12,12,20.1846873102988,47.00616110747943,41.05359242273577,38.355560614540764,0.0,0.0,0.0,0.0,0.0,0.0,0.0
13,13,19.584314437335166,47.28808213285289,41.19592191264149,37.973384455249935,0.0,0.0,0.0,0.0,0.0,0.0,0.0
14,14,18.982612435923755,0.0,41.342820099828806,37.58931221051445,0.0,0.0,0.0,0.0,0.0,0.0,0.0
15,15,18.380068221907138,0.0,41.49414413219114,37.20347406132475,0.0,0.0,0.0,0.0,0.0,0.0,0.0
16,16,17.777271215839647,0.0,41.64973970454079,36.81600258470959,0.0,0.0,0.0,0.0,0.0,0.0,0.0
17,17,17.17483095713176,0.0,41.80946346428194,36.42705387778331,0.0,0.0,0.0,0.0,0.0,0.0,0.0
18,18,16.573461780585006,0.0,41.97316130325458,36.03678772629555,0.0,0.0,0.0,0.0,0.0,0.0,0.0
19,19,15.9739360761926,0.0,42.140679721563906,35.64537485778889,0.0,0.0,0.0,0.0,0.0,0.0,0.0
20,20,15.377183860891606,0.0,42.31187135484317,35.253005039121206,0.0,0.0,0.0,0.0,0.0,0.0,0.0
21,21,14.784227726972091,0.0,42.48657923678368,34.85986540346963,0.0,0.0,0.0,0.0,0.0,0.0,0.0
22,22,14.196222370780092,0.0,42.66466345137352,34.466170880422105,0.0,0.0,0.0,0.0,0.0,0.0,0.0
23,23,13.614556085357876,0.0,42.84596973318591,34.072150399849576,0.0,0.0,0.0,0.0,0.0,0.0,0.0
24,24,13.04076009293405,0.0,43.03034566047586,33.67803133010862,0.0,0.0,0.0,0.0,0.0,0.0,0.0
25,25,12.476644827516097,0.0,43.21765092612505,33.28407176227086,0.0,0.0,0.0,0.0,0.0,0.0,0.0
26,26,11.924292351714314,0.0,43.40773200070369,32.890537455730325,0.0,0.0,0.0,0.0,0.0,0.0,0.0
27,27,11.38610172976496,0.0,43.60044776582663,32.497719002360014,0.0,0.0,0.0,0.0,0.0,0.0,0.0
28,28,10.864871920774064,0.0,43.79565934656627,32.1059158292502,0.0,0.0,0.0,0.0,0.0,0.0,0.0
29,29,10.363861545079018,0.0,43.99322537326433,31.71543610970911,0.0,0.0,0.0,0.0,0.0,0.0,0.0
30,30,9.88680967974338,0.0,44.19300233276621,31.326633181272044,0.0,0.0,0.0,0.0,0.0,0.0,0.0
31,31,9.437934279083535,0.0,44.394863915898114,30.939843717218274,0.0,0.0,0.0,0.0,0.0,0.0,0.0
32,32,9.022095493726923,0.0,44.598672136025634,30.555451366252434,0.0,0.0,0.0,0.0,0.0,0.0,0.0
33,33,8.644533924419378,0.0,44.804292101909326,30.17385143075218,0.0,0.0,0.0,0.0,0.0,0.0,0.0
34,34,8.311045710227503,0.0,45.011605877781385,29.7954506253269,0.0,0.0,0.0,0.0,0.0,0.0,0.0
35,35,8.027585127096785,0.0,45.22047992061084,29.420676802585206,0.0,0.0,0.0,0.0,0.0,0.0,0.0
36,36,7.799889796388399,0.0,45.43079762535364,29.04999997177267,0.0,0.0,0.0,0.0,0.0,0.0,0.0
37,37,7.63333111936231,0.0,45.642440797733194,28.683882469401752,0.0,0.0,0.0,0.0,0.0,0.0,0.0
38,38,7.532150313681015,0.0,45.85528992339174,28.32280831921917,0.0,0.0,0.0,0.0,0.0,0.0,0.0
39,39,7.49912457435056,0.0,46.069228778783376,27.967315917635375,0.0,0.0,0.0,0.0,0.0,0.0,0.0
40,40,7.535225117520881,0.0,46.284157339793744,27.617912819728176,0.0,0.0,0.0,0.0,0.0,0.0,0.0
41,41,7.6393956270224095,0.0,46.49996126710929,27.27517171732164,0.0,0.0,0.0,0.0,0.0,0.0,0.0
42,42,7.808784867051386,0.0,46.716542309032015,26.93965409499893,0.0,0.0,0.0,0.0,0.0,0.0,0.0
43,43,8.039050801718787,0.0,46.933792618201075,26.61195317460291,0.0,0.0,0.0,0.0,0.0,0.0,0.0
44,44,8.32488189264484,0.0,47.15162420906574,26.292682244205963,0.0,0.0,0.0,0.0,0.0,0.0,0.0
45,45,8.660480659310096,0.0,47.36993549254148,25.982449494183456,0.0,0.0,0.0,0.0,0.0,0.0,0.0
46,46,9.039856090148334,0.0,47.588640286332854,25.681879010817596,0.0,0.0,0.0,0.0,0.0,0.0,0.0
47,47,9.457309715854066,0.0,0.0,25.391633759084584,0.0,0.0,0.0,0.0,0.0,0.0,0.0
48,48,9.907506269018043,0.0,0.0,25.11236495782188,0.0,0.0,0.0,0.0,0.0,0.0,0.0
49,49,10.385760049032982,0.0,0.0,24.844707599259948,0.0,0.0,0.0,0.0,0.0,0.0,0.0
50,50,10.887766674806088,0.0,0.0,24.589327422505917,0.0,0.0,0.0,0.0,0.0,0.0,0.0
51,51,11.409814608642009,0.0,0.0,24.34687998355038,0.0,0.0,0.0,0.0,0.0,0.0,0.0
52,52,11.94870021014195,0.0,0.0,24.118005989240203,0.0,0.0,0.0,0.0,0.0,0.0,0.0
53,53,12.501642075667846,0.0,0.0,23.90333976107506,0.0,0.0,0.0,0.0,0.0,0.0,0.0
54,54,13.066256264028297,0.0,0.0,23.70349118777534,0.0,0.0,0.0,0.0,0.0,0.0,0.0
55,55,13.640473654041813,0.0,0.0,23.519067683920085,0.0,0.0,0.0,0.0,0.0,0.0,0.0
56,56,14.222469911317788,0.0,0.0,23.35061451215138,0.0,0.0,0.0,0.0,0.0,0.0,0.0
57,57,14.81075012614923,0.0,0.0,23.198677623836247,0.0,0.0,0.0,0.0,0.0,0.0,0.0
58,58,15.4039336873537,0.0,0.0,23.06374348148873,0.0,0.0,0.0,0.0,0.0,0.0,0.0
59,59,16.00087225853251,0.0,0.0,22.946261291120777,0.0,0.0,0.0,0.0,0.0,0.0,0.0
60,60,16.6005277067633,0.0,0.0,22.846623988589613,0.0,0.0,0.0,0.0,0.0,0.0,0.0
61,61,17.201997237061562,0.0,0.0,22.765192016423356,0.0,0.0,0.0,0.0,0.0,0.0,0.0
62,62,17.804492825028376,0.0,0.0,22.70224651607984,0.0,0.0,0.0,0.0,0.0,0.0,0.0
63,63,18.40732408674144,0.0,0.0,22.657999714665124,0.0,0.0,0.0,0.0,0.0,0.0,0.0
64,64,19.00986614030836,0.0,0.0,22.6326208876103,0.0,0.0,0.0,0.0,0.0,0.0,0.0
65,65,19.611568189632422,0.0,0.0,22.62619119598554,0.0,0.0,0.0,0.0,0.0,0.0,0.0
66,66,20.211926607071348,0.0,0.0,22.638745666544892,0.0,0.0,0.0,0.0,0.0,0.0,0.0
67,67,20.8104952102602,0.0,0.0,22.670244031585725,0.0,0.0,0.0,0.0,0.0,0.0,0.0
68,68,21.406877673986287,0.0,0.0,22.720556956428254,0.0,0.0,0.0,0.0,0.0,0.0,0.0
69,69,22.000736072566127,0.0,0.0,22.789510744800722,0.0,0.0,0.0,0.0,0.0,0.0,0.0
70,70,22.59172520909317,0.0,0.0,22.876860863190842,0.0,0.0,0.0,0.0,0.0,0.0,0.0
71,71,23.179579172989918,0.0,0.0,22.9822951789278,0.0,0.0,0.0,0.0,0.0,0.0,0.0
72,72,23.76401906001584,0.0,0.0,23.105466047663242,0.0,0.0,0.0,0.0,0.0,0.0,0.0
73,73,24.344821759217822,0.0,0.0,23.245952111197013,0.0,0.0,0.0,0.0,0.0,0.0,0.0
74,74,24.921761813398646,0.0,0.0,23.403277674517312,0.0,0.0,0.0,0.0,0.0,0.0,0.0
75,75,25.494649779213262,0.0,0.0,23.57695922329647,0.0,0.0,0.0,0.0,0.0,0.0,0.0
76,76,26.063327924211173,0.0,0.0,23.76642786734172,0.0,0.0,0.0,0.0,0.0,0.0,0.0
77,77,26.627620061997014,0.0,0.0,23.97113089784699,0.0,0.0,0.0,0.0,0.0,0.0,0.0
78,78,27.187413911380958,0.0,0.0,24.19045520972773,47.36038606459516,0.0,0.0,0.0,0.0,0.0,0.0
79,79,27.74255429410198,0.0,0.0,24.423786729893635,47.14171516214054,47.40209204139993,0.0,0.0,0.0,0.0,0.0
80,80,28.292956230446237,0.0,0.0,24.67048846844618,46.92356729618881,47.07999761089337,0.0,0.0,0.0,0.0,0.0
81,81,28.838502834658364,0.0,0.0,24.92989300633498,46.7060331881982,46.754274262513995,0.0,0.0,0.0,0.0,0.0
82,82,29.379120685576837,0.0,0.0,25.201370920609335,46.48921066414034,46.42488901918032,0.0,0.0,0.0,0.0,0.0
83,83,29.914715787289992,0.0,0.0,25.484270004476514,46.273204922010905,46.091813373873734,0.0,0.0,0.0,0.0,0.0
84,84,30.445243590008168,0.0,0.0,25.777908201526515,46.058124443804886,45.755019278971986,0.0,0.0,0.0,0.0,0.0
85,85,30.970628674572403,0.0,0.0,26.081662969501465,45.84407660694122,45.41448819929991,0.0,0.0,0.0,0.0,0.0
86,86,31.490832510426436,0.0,0.0,26.394887608939996,45.63116744394895,45.07018904456851,0.0,0.0,0.0,0.0,0.0
87,87,32.00580506661279,0.0,0.0,26.71695090231747,45.419519407520355,44.72210502245064,0.0,0.0,0.0,0.0,0.0
88,88,32.51552102815854,0.0,0.0,27.047227460636165,45.20924934506279,44.3702159341613,0.0,0.0,0.0,0.0,0.0
89,89,33.019951900328465,0.0,0.0,27.38513354648896,45.00047719240463,44.014502675403556,0.0,0.0,0.0,0.0,0.0
90,90,33.51907486682059,0.0,0.0,27.730082286387436,44.79332595085625,43.65494731682528,0.0,0.0,0.0,0.0,0.0
91,91,34.01288038134189,0.0,0.0,28.08150792646697,44.58792165548341,43.29153318888863,0.0,0.0,0.0,0.0,0.0
92,92,34.50134742158935,0.0,0.0,28.43885575504048,44.384398088177946,42.92426035009684,0.0,0.0,0.0,0.0,0.0
93,93,34.98449078970084,0.0,0.0,28.801604095073543,44.18288736833036,42.553110583883104,0.0,0.0,0.0,0.0,0.0
94,94,35.4623050604804,0.0,0.0,29.16924302892425,43.983524494587016,42.17807751153971,0.0,0.0,0.0,0.0,0.0
95,95,35.93478886508857,0.0,0.0,29.541285249734614,43.786442367846135,41.79916770870159,0.0,0.0,0.0,0.0,0.0
96,96,36.40195882647345,0.0,0.0,29.917265806283233,43.5917912720573,41.416368698908734,0.0,0.0,0.0,0.0,0.0
97,97,36.863826854536214,0.0,0.0,30.29674172957698,43.39970450027761,41.029692131537075,0.0,0.0,0.0,0.0,0.0
98,98,37.32041436905979,0.0,0.0,30.67927268649042,43.21032756908672,40.63914734380101,0.0,0.0,0.0,0.0,0.0
99,99,37.77174472745399,0.0,0.0,31.064468528826453,43.02380838734179,40.24474101470218,0.0,0.0,0.0,0.0,0.0
100,100,38.217830111190736,0.0,0.0,31.45194056687904,42.84029711921317,39.846488765947285,0.0,0.0,0.0,0.0,0.0
101,101,38.65871095173802,0.0,0.0,31.841311600732432,42.65994083684383,39.444415963726364,0.0,0.0,0.0,0.0,0.0
102,102,39.094409471276975,0.0,0.0,32.23224227338085,42.4828883615213,39.038546110661805,0.0,0.0,0.0,0.0,0.0
103,103,39.52496817051477,0.0,0.0,32.6244029266118,42.309290088246634,38.62891322395867,0.0,0.0,0.0,0.0,0.0
104,104,39.95040605467317,0.0,0.0,33.017473717245686,42.139303131853474,38.21554977564905,0.0,0.0,0.0,0.0,0.0
105,105,40.37077361359798,0.0,0.0,33.41116116185214,41.9730752060345,37.798499608879595,0.0,0.0,0.0,0.0,0.0
106,106,40.78609821518102,0.0,0.0,33.80518848954087,41.81076022871084,37.37781217735989,0.0,0.0,0.0,0.0,0.0
107,107,41.19643124265487,0.0,0.0,34.19928698602526,41.65251284561462,36.953542920582585,0.0,0.0,0.0,0.0,0.0
108,108,41.60180731938855,0.0,0.0,34.59321935273616,41.49847715832173,36.52576072943289,0.0,0.0,0.0,0.0,0.0
109,109,42.00227822002166,0.0,0.0,34.98673936859019,41.34881381363365,36.09453470429232,0.0,0.0,0.0,0.0,0.0
110,110,42.39787958714956,0.0,0.0,35.37963828760608,41.20366119655469,35.65993387750024,0.0,0.0,0.0,0.0,0.0
111,111,42.78866347843106,0.0,0.0,35.771712636859924,41.06317941299585,35.222064572943175,0.0,0.0,0.0,0.0,0.0
112,112,43.17467146889963,0.0,0.0,36.16275711770469,40.9275054082073,34.781012610384686,0.0,0.0,0.0,0.0,0.0
113,113,43.555960458213505,0.0,0.0,36.55260769044908,40.7967861582081,34.33689570086726,0.0,0.0,0.0,0.0,0.0
114,114,43.93256712310831,0.0,0.0,36.94107595372069,40.67116150397629,33.88982642017932,0.0,0.0,0.0,0.0,0.0
115,115,44.304552777018074,0.0,0.0,37.328026599847355,40.550763656957415,33.43993584831407,0.0,0.0,0.0,0.0,0.0
116,116,44.67196357081636,0.0,0.0,37.71329966303347,40.43573997909059,32.9873668056391,0.0,0.0,0.0,0.0,0.0
117,117,45.03485024998976,0.0,0.0,38.09675897155692,40.32620637715691,32.53228328742286,0.0,0.0,0.0,0.0,0.0
118,118,45.39326319598114,0.0,0.0,38.47828395498944,40.22229908745205,32.074854738270794,0.0,0.0,0.0,0.0,0.0
119,119,45.74725685504723,0.0,0.0,38.85774969255054,40.124127716425235,31.615256054202256,0.0,0.0,0.0,0.0,0.0
120,120,46.096876297653814,0.0,0.0,39.23505853928625,40.03181588946388,31.15370443898989,0.0,0.0,0.0,0.0,0.0
121,121,46.44218362769629,0.0,0.0,39.61010158389271,39.94547751569183,30.690397668116134,0.0,0.0,0.0,0.0,0.0
122,122,46.783222906641264,0.0,0.0,39.98278971641747,39.8652043723091,30.225588214161974,0.0,0.0,0.0,0.0,0.0
123,123,47.12005051123026,0.0,0.0,40.353034598676075,39.791107510221075,29.759529685488033,0.0,0.0,0.0,0.0,0.0
124,124,47.452713808337464,0.0,0.0,40.720766050945116,39.72326920063211,29.29249623565233,0.0,0.0,0.0,0.0,0.0
125,125,0.0,0.0,0.0,41.08590814021452,39.66177852603445,28.824784062355995,0.0,0.0,0.0,0.0,0.0
126,126,0.0,0.0,0.0,41.448390965165544,39.60670707158515,28.35672363187623,0.0,0.0,0.0,0.0,0.0
127,127,0.0,0.0,0.0,41.80816661453253,39.55813283286163,27.888650070749783,0.0,0.0,0.0,0.0,0.0
128,128,0.0,0.0,0.0,42.1651807553008,39.51610969511832,27.420935845827977,0.0,0.0,0.0,0.0,0.0
129,129,0.0,0.0,0.0,42.51937859629105,39.48069754930538,26.953982605848516,0.0,0.0,0.0,0.0,0.0
130,130,0.0,0.0,0.0,42.87072566003199,39.45193779483539,26.488223267074375,0.0,0.0,0.0,0.0,0.0
131,131,0.0,0.0,0.0,43.219180907249665,39.42987144968787,26.02411223624685,0.0,0.0,0.0,0.0,0.0
132,132,0.0,0.0,0.0,43.56471231895428,39.414520701330446,25.562150806530397,0.0,0.0,0.0,0.0,0.0
133,133,0.0,0.0,0.0,43.907286495670434,39.40591326236782,25.102865858204623,0.0,0.0,0.0,0.0,0.0
134,134,0.0,0.0,0.0,44.24688804676786,39.4040517080718,24.64683660402143,0.0,0.0,0.0,0.0,0.0
135,135,0.0,0.0,0.0,44.58348520932537,39.40895016381721,24.194645821000975,47.35207503131197,0.0,0.0,0.0,0.0
136,136,0.0,0.0,0.0,44.917072955464505,39.42059143499946,23.746958818615823,47.046600298422184,0.0,0.0,0.0,0.0
137,137,0.0,0.0,0.0,45.24762536307723,39.438963772819804,23.304461443377974,46.73828192475668,0.0,0.0,0.0,0.0
138,138,0.0,0.0,0.0,45.575142125167,39.46404255964765,22.867887643661973,46.42711362695438,0.0,0.0,0.0,0.0
139,139,0.0,0.0,0.0,45.89961134264651,39.49579651193739,22.438007165943375,46.11310759216112,0.0,0.0,0.0,0.0
140,140,0.0,0.0,0.0,46.22102349935145,39.53418777992197,22.01567062223424,45.79626952259493,0.0,0.0,0.0,0.0
141,141,0.0,0.0,0.0,46.53937981677127,39.5791659967179,21.601738337271513,45.47661148773092,0.0,0.0,0.0,0.0
142,142,0.0,0.0,0.0,46.854683070975874,39.63066849504392,21.1971544892116,45.154147847454695,0.0,0.0,0.0,0.0
143,143,0.0,0.0,0.0,47.1669333993676,39.688632645569506,20.80287131080786,44.82890002578589,0.0,0.0,0.0,0.0
144,144,0.0,0.0,0.0,47.47613259083004,39.75298393517428,20.419909040741985,44.50087814469544,0.0,0.0,0.0,0.0
145,145,0.0,0.0,0.0,0.0,39.82364827374537,20.04933995652152,44.17011841324274,0.0,0.0,0.0,0.0
146,146,0.0,0.0,0.0,0.0,39.90052822308186,19.69228620298314,43.83664620481224,0.0,0.0,0.0,0.0
147,147,0.0,0.0,0.0,0.0,39.98353929498477,19.3498812774136,43.50048493754308,0.0,0.0,0.0,0.0
148,148,0.0,0.0,0.0,0.0,40.072574314192025,19.02329702329274,43.16168112214189,0.0,0.0,0.0,0.0
149,149,0.0,0.0,0.0,0.0,40.16752766931263,18.713736865470977,42.82027022812979,0.0,0.0,0.0,0.0
150,150,0.0,0.0,0.0,0.0,40.2682896071733,18.422408602227392,42.47629653277196,0.0,0.0,0.0,0.0
151,151,0.0,0.0,0.0,0.0,40.374734861443926,18.15054981981538,42.12980844054715,0.0,0.0,0.0,0.0
152,152,0.0,0.0,0.0,0.0,40.486752281176805,17.89932090954042,41.780869571710966,0.0,0.0,0.0,0.0
153,153,0.0,0.0,0.0,0.0,40.60420428090366,17.66994023052078,41.42953231252042,0.0,0.0,0.0,0.0
154,154,0.0,0.0,0.0,0.0,40.72695649002758,17.463515744083736,41.07586476097022,0.0,0.0,0.0,0.0
155,155,0.0,0.0,0.0,0.0,40.8548835989785,17.281121924809398,40.7199405133414,0.0,0.0,0.0,0.0
156,156,0.0,0.0,0.0,0.0,40.98784667134913,17.123742288752638,40.361838953810775,0.0,0.0,0.0,0.0
157,157,0.0,0.0,0.0,0.0,41.12569382307516,16.99222935118162,40.001645557665036,0.0,0.0,0.0,0.0
158,158,0.0,0.0,0.0,0.0,41.26828323647629,16.88738771294183,39.63944615638341,0.0,0.0,0.0,0.0
159,159,0.0,0.0,0.0,0.0,41.415471992791296,16.809835767585398,39.27535753068455,0.0,0.0,0.0,0.0
160,160,0.0,0.0,0.0,0.0,41.56711086428557,16.76001011957446,38.909467235147126,0.0,0.0,0.0,0.0
161,161,0.0,0.0,0.0,0.0,41.72305025521998,16.738257630707054,38.54190726801774,0.0,0.0,0.0,0.0
162,162,0.0,0.0,0.0,0.0,41.88313506891825,16.744683166998996,38.17279281703709,0.0,0.0,0.0,0.0
163,163,0.0,0.0,0.0,0.0,42.047215914114524,16.779249591597306,37.80226010217891,0.0,0.0,0.0,0.0
164,164,0.0,0.0,0.0,0.0,42.21514381640311,16.84175807235448,37.43045448502493,0.0,0.0,0.0,0.0
165,165,0.0,0.0,0.0,0.0,42.386765182912086,16.93183260404787,37.05753092175827,0.0,0.0,0.0,0.0
166,166,0.0,0.0,0.0,0.0,42.56192225704339,17.04890925257503,36.68364041474071,0.0,0.0,0.0,0.0
167,167,0.0,0.0,0.0,0.0,42.740463917453894,17.19229063634772,36.308979170559105,0.0,0.0,0.0,0.0
168,168,0.0,0.0,0.0,0.0,42.92224564135835,17.361201164848012,35.933705105402886,0.0,0.0,0.0,0.0
169,169,0.0,0.0,0.0,0.0,43.10711421059788,17.554664292552474,35.55803741401329,0.0,0.0,0.0,0.0
170,170,0.0,0.0,0.0,0.0,43.294923453100864,17.771681777800268,35.18217881983123,0.0,0.0,0.0,0.0
171,171,0.0,0.0,0.0,0.0,43.48551921473492,18.011133789952908,34.80635182160711,0.0,0.0,0.0,0.0
172,172,0.0,0.0,0.0,0.0,43.67876465036708,18.27189492777042,34.43078427618369,0.0,0.0,0.0,0.0
173,173,0.0,0.0,0.0,0.0,43.87451032346227,18.552755944569043,34.05573317336276,0.0,0.0,0.0,0.0
174,174,0.0,0.0,0.0,0.0,44.07261922461486,18.852516277536708,33.681454154623836,0.0,0.0,0.0,0.0
175,175,0.0,0.0,0.0,0.0,44.2729472506913,19.169960585844564,33.308233721706394,0.0,0.0,0.0,0.0
176,176,0.0,0.0,0.0,0.0,44.475362722538044,19.50388949365862,32.93635758415392,0.0,0.0,0.0,0.0
177,177,0.0,0.0,0.0,0.0,44.67972723762972,19.853078387294232,32.56613545972299,0.0,0.0,0.0,0.0
178,178,0.0,0.0,0.0,0.0,44.88591476485648,20.216390250022457,32.197893646653775,0.0,0.0,0.0,0.0
179,179,0.0,0.0,0.0,0.0,45.09379287501783,20.592711211258262,31.831966645592978,0.0,0.0,0.0,0.0
180,180,0.0,0.0,0.0,0.0,45.30323688243655,20.980909153121956,31.468705922688173,0.0,0.0,0.0,0.0
181,181,0.0,0.0,0.0,0.0,45.514125150102444,21.379983325976625,31.108498831422907,0.0,0.0,0.0,0.0
182,182,0.0,0.0,0.0,0.0,45.72633468607182,21.788905609877986,30.751723654233714,0.0,0.0,0.0,0.0
183,183,0.0,0.0,0.0,0.0,45.939750174624606,22.206718778906122,30.398785744033404,0.0,0.0,0.0,0.0
184,184,0.0,0.0,0.0,0.0,46.15425507385247,22.632548818791392,30.050108879793214,0.0,0.0,0.0,0.0
185,185,0.0,0.0,0.0,0.0,46.369744714140445,23.06551610223437,29.70613544474989,0.0,0.0,0.0,0.0
186,186,0.0,0.0,0.0,0.0,46.58610886704727,23.50483694362687,29.36732649981279,0.0,0.0,0.0,0.0
187,187,0.0,0.0,0.0,0.0,46.80324478086266,23.949722871438382,29.034141222772654,0.0,0.0,0.0,0.0
188,188,0.0,0.0,0.0,0.0,47.02104451121408,24.39948967426436,28.707076703609772,0.0,0.0,0.0,0.0
189,189,0.0,0.0,0.0,0.0,47.23941990981183,24.853433782493255,28.38663750976199,0.0,0.0,0.0,0.0
190,190,0.0,0.0,0.0,0.0,47.45826931429615,25.31096217804621,28.073334289828395,0.0,0.0,0.0,0.0
191,191,0.0,0.0,0.0,0.0,0.0,25.771460725223704,27.76769312250819,0.0,0.0,0.0,0.0
192,192,0.0,0.0,0.0,0.0,0.0,26.234394023777348,27.470265676696528,0.0,0.0,0.0,0.0
193,193,0.0,0.0,0.0,0.0,0.0,26.699252234504094,27.18159502399338,0.0,0.0,0.0,0.0
194,194,0.0,0.0,0.0,0.0,0.0,27.165538861976685,26.902246848350792,0.0,0.0,0.0,0.0
195,195,0.0,0.0,0.0,0.0,0.0,27.632815225338085,26.632773739396868,0.0,0.0,0.0,0.0
196,196,0.0,0.0,0.0,0.0,0.0,28.100663223952914,26.373746883194542,0.0,0.0,0.0,0.0
197,197,0.0,0.0,0.0,0.0,0.0,28.568705539488867,26.125742677406052,0.0,0.0,0.0,0.0
198,198,0.0,0.0,0.0,0.0,0.0,29.036571608152926,25.889316021775713,0.0,0.0,0.0,0.0
199,199,0.0,0.0,0.0,0.0,0.0,29.503938243263214,25.66503264296952,0.0,0.0,0.0,0.0
200,200,0.0,0.0,0.0,0.0,0.0,29.970476541554596,25.453442042215627,0.0,0.0,0.0,0.0
201,201,0.0,0.0,0.0,0.0,0.0,30.43592055880547,25.25507347963051,0.0,0.0,0.0,0.0
202,202,0.0,0.0,0.0,0.0,0.0,30.899995880664868,25.070469651412196,0.0,0.0,0.0,0.0
203,203,0.0,0.0,0.0,0.0,0.0,31.362448867228203,24.90009515751251,0.0,0.0,0.0,0.0
204,204,0.0,0.0,0.0,0.0,0.0,31.82305415457631,24.74445817611293,0.0,0.0,0.0,0.0
205,205,0.0,0.0,0.0,0.0,0.0,32.281603622393575,24.603980048619306,47.401002009906996,0.0,0.0,0.0
206,206,0.0,0.0,0.0,0.0,0.0,32.737905231552595,24.47908012084669,47.259010372680116,0.0,0.0,0.0
207,207,0.0,0.0,0.0,0.0,0.0,33.19178194479369,24.37014680500394,47.119528011033935,0.0,0.0,0.0
208,208,0.0,0.0,0.0,0.0,0.0,33.64306257969412,24.277481343903034,46.98265114258041,0.0,0.0,0.0
209,209,0.0,0.0,0.0,0.0,0.0,34.09159770412122,24.201385804989727,46.84847654576353,0.0,0.0,0.0
210,210,0.0,0.0,0.0,0.0,0.0,34.53725785348439,24.142108037226734,46.71710145242199,0.0,0.0,0.0
211,211,0.0,0.0,0.0,0.0,0.0,34.979909014189985,24.09981228376388,46.58861920171618,0.0,0.0,0.0
212,212,0.0,0.0,0.0,0.0,0.0,35.41943594659972,24.074669912600868,46.46312750213532,0.0,0.0,0.0
213,213,0.0,0.0,0.0,0.0,0.0,35.85574795184797,24.06672513510881,46.34072416305423,0.0,0.0,0.0
214,214,0.0,0.0,0.0,0.0,0.0,36.28873379955027,24.076026966735114,46.221494015713056,0.0,0.0,0.0
215,215,0.0,0.0,0.0,0.0,0.0,36.71832019606074,24.102535850183415,46.10554312503421,0.0,0.0,0.0
216,216,0.0,0.0,0.0,0.0,0.0,37.144427113485605,24.146177185014906,45.99295125798274,0.0,0.0,0.0
217,217,0.0,0.0,0.0,0.0,0.0,37.5669888979434,24.20678921879916,45.88381930756258,0.0,0.0,0.0
218,218,0.0,0.0,0.0,0.0,0.0,37.98593994937843,24.284204138686093,45.77823443452925,0.0,0.0,0.0
219,219,0.0,0.0,0.0,0.0,0.0,38.401234287202854,24.378170701661944,45.676282879842375,47.545540052506034,0.0,0.0
220,220,0.0,0.0,0.0,0.0,0.0,38.8128185916994,24.48839666218386,45.57804982461629,47.38655404520912,0.0,0.0
221,221,0.0,0.0,0.0,0.0,0.0,39.22066404579247,24.614551692875494,45.48362373619038,47.22961487213652,0.0,0.0
222,222,0.0,0.0,0.0,0.0,0.0,39.62472171159704,24.756244942568344,45.39308280134387,47.074826664030354,0.0,0.0
223,223,0.0,0.0,0.0,0.0,0.0,40.024978110213446,24.91308038189169,45.3065126878705,46.92228665736974,0.0,0.0
224,224,0.0,0.0,0.0,0.0,0.0,40.421393738081306,25.08459637959075,45.22398385234999,46.772088962896255,0.0,0.0
225,225,0.0,0.0,0.0,0.0,0.0,40.8139684905085,25.270333548362757,45.1455739464224,46.62433698672079,0.0,0.0
226,226,0.0,0.0,0.0,0.0,0.0,41.20267087127347,25.469787907747516,45.071354105655274,46.47913515372083,0.0,0.0
227,227,0.0,0.0,0.0,0.0,0.0,41.58750145813379,25.6824158936315,45.00138871814578,46.33658451363601,47.45256833267773,0.0
228,228,0.0,0.0,0.0,0.0,0.0,41.96845230861704,25.907711778144403,44.9357536865226,46.19677814812231,47.12755725863038,0.0
229,229,0.0,0.0,0.0,0.0,0.0,42.34551840480066,26.145101062273994,44.874499452208035,46.059826865530056,46.79876244986855,0.0
230,230,0.0,0.0,0.0,0.0,0.0,42.718702650486186,26.394029738168072,44.817687682152275,45.92582901867479,46.466144357869204,0.0
231,231,0.0,0.0,0.0,0.0,0.0,43.088010129813654,26.653931039113886,44.765377379878274,45.79488757337216,46.12967627327752,0.0
232,232,0.0,0.0,0.0,0.0,0.0,43.45344796931568,26.9242404392717,44.71761074299374,45.6670967965292,45.78931460037761,0.0
233,233,0.0,0.0,0.0,0.0,0.0,43.81503010424923,27.204386899882763,44.674436298103615,45.54256419865522,45.445033286474704,0.0
234,234,0.0,0.0,0.0,0.0,0.0,44.17275747937962,27.49381812752869,44.6359042191243,45.42138831745497,45.09680256729147,0.0
235,235,0.0,0.0,0.0,0.0,0.0,44.52665702220701,27.791957975950666,44.60204276536229,45.30366281434377,44.74458394782447,0.0
236,236,0.0,0.0,0.0,0.0,0.0,44.876737649882706,28.098264462781998,44.57288627895798,45.18948530812687,44.38835790171461,0.0
237,237,0.0,0.0,0.0,0.0,0.0,45.22301919777882,28.41220831915252,44.54846576325102,45.07895736359502,44.02808693329277,0.0
238,238,0.0,0.0,0.0,0.0,0.0,45.56553148670105,28.7332429118117,44.52880881253452,44.97216602240405,43.66375825671119,0.0
239,239,0.0,0.0,0.0,0.0,0.0,45.90428711726612,29.060858968207732,44.51392538211524,44.86920643975976,43.29533587816282,0.0
240,240,0.0,0.0,0.0,0.0,0.0,46.23931317275123,29.39456343667323,44.503840768159016,44.770172659797375,42.922809575702345,0.0
241,241,0.0,0.0,0.0,0.0,0.0,46.57063727090017,29.733870111597625,44.49856253867226,44.675143401994966,42.5461503731954,0.0
242,242,0.0,0.0,0.0,0.0,0.0,46.898283355580254,30.078291109201473,44.49808993171315,44.58421449414261,42.165345946948634,0.0
243,243,0.0,0.0,0.0,0.0,0.0,47.22228019646425,30.42738654202833,44.502432752107765,44.497461346439316,41.7803805193879,0.0
244,244,0.0,0.0,0.0,0.0,0.0,47.542660980293654,30.780715071393615,44.51157828906855,44.41496209731833,41.39124000103891,0.0
245,245,0.0,0.0,0.0,0.0,0.0,0.0,31.137844741052085,44.52551968473783,44.336802333996395,40.99792341618718,0.0
246,246,0.0,0.0,0.0,0.0,0.0,0.0,31.498380794701802,44.54424649746037,44.26305120312774,40.60041533392932,0.0
247,247,0.0,0.0,0.0,0.0,0.0,0.0,31.86193706710074,44.56773530699756,44.193780187110846,40.19871961440561,0.0
248,248,0.0,0.0,0.0,0.0,0.0,0.0,32.228136462710644,44.59596392112157,44.12905341187792,39.792837308658214,0.0
249,249,0.0,0.0,0.0,0.0,0.0,0.0,32.59662850267782,44.62891139698299,44.068932258475336,39.38277238864831,0.0
250,250,0.0,0.0,0.0,0.0,0.0,0.0,32.96707122941893,44.66653462838881,44.01348007808347,38.96853194737302,0.0
251,251,0.0,0.0,0.0,0.0,0.0,0.0,33.33914802783046,44.70880600144234,43.96275240964128,38.55013919209687,0.0
252,252,0.0,0.0,0.0,0.0,0.0,0.0,33.71255009949835,44.75567596577679,43.916791916457605,38.12760240006275,0.0
253,253,0.0,0.0,0.0,0.0,0.0,0.0,34.08697667711227,44.80710590501121,43.8756525707818,37.70095313893375,47.40444612837007
254,254,0.0,0.0,0.0,0.0,0.0,0.0,34.46216647684251,44.863040226458715,43.83937036074915,37.270228217915616,47.07930081271285
255,255,0.0,0.0,0.0,0.0,0.0,0.0,34.83784119620015,44.9234344030735,43.807982646754795,36.835449184186594,46.750388669885666
256,256,0.0,0.0,0.0,0.0,0.0,0.0,35.2137756466601,44.988222615979964,43.781523215506155,36.396670193839036,46.41767537699279
257,257,0.0,0.0,0.0,0.0,0.0,0.0,35.58971228350057,45.05734572566004,43.76002220075985,35.953937839754886,46.08112679221836
258,258,0.0,0.0,0.0,0.0,0.0,0.0,35.96544468359858,45.13074209200855,43.74349618240721,35.50730488627467,45.74070898398037
259,259,0.0,0.0,0.0,0.0,0.0,0.0,36.34076367347068,45.20834314458896,43.73195792908435,35.05684589591279,45.396392770459826
260,260,0.0,0.0,0.0,0.0,0.0,0.0,36.715465142200884,45.290078141119544,43.725431126515126,34.60263611815965,45.04814498271821
261,261,0.0,0.0,0.0,0.0,0.0,0.0,37.08937076043082,45.375874305038124,43.723911005158136,34.14474327095225,44.69594212552775
262,262,0.0,0.0,0.0,0.0,0.0,0.0,37.46230594785628,45.46564797863215,43.72740858155589,33.68327508880127,44.33975222744605
263,263,0.0,0.0,0.0,0.0,0.0,0.0,37.83410663374574,45.55932733611178,43.735911304788075,33.21833373952156,43.979548590052154
264,264,0.0,0.0,0.0,0.0,0.0,0.0,38.20462527196793,45.65682995669051,43.74941749838225,32.75003172810794,43.615315236308064
265,265,0.0,0.0,0.0,0.0,0.0,0.0,38.57371063423151,45.75806761581986,43.76791178804791,32.2784926695611,43.247022713491035
266,266,0.0,0.0,0.0,0.0,0.0,0.0,38.94123987345392,45.86295975089569,43.79137007539742,31.803861050701002,42.87465759051396
267,267,0.0,0.0,0.0,0.0,0.0,0.0,39.307079444607254,45.97141586257274,43.81977430564121,31.32628594058324,42.49819256978959
268,268,0.0,0.0,0.0,0.0,0.0,0.0,39.6711226537312,46.0833446039972,43.85309778889074,30.845939662428023,42.117622472807085
269,269,0.0,0.0,0.0,0.0,0.0,0.0,40.03325200028326,46.19866256935765,43.89129554369101,30.36300084365648,41.73293372134456
270,270,0.0,0.0,0.0,0.0,0.0,0.0,40.39337539943431,46.31726839537991,43.934338595100066,29.877683965397623,41.34411454024042
271,271,0.0,0.0,0.0,0.0,0.0,0.0,40.75140133511764,46.43907331057361,43.98217986632683,29.390192741859117,40.951155083139255
272,272,0.0,0.0,0.0,0.0,0.0,0.0,41.10724468246975,46.563979662605234,44.03477381430409,28.900769515048196,40.55405912787107
273,273,0.0,0.0,0.0,0.0,0.0,0.0,41.46082086862996,46.69189816943512,44.09206681840071,28.409678151967455,40.1528217993844
274,274,0.0,0.0,0.0,0.0,0.0,0.0,41.81206233308597,46.822731034055394,44.154002177595906,27.917194949724276,39.74745265552495
275,275,0.0,0.0,0.0,0.0,0.0,0.0,42.16090127485274,46.95637650846429,44.22052023528104,27.42362029484748,39.33795251693148
276,276,0.0,0.0,0.0,0.0,0.0,0.0,42.50728033729392,47.09274976558484,44.29155850844814,26.929303516092318,38.924343791211385
277,277,0.0,0.0,0.0,0.0,0.0,0.0,42.85114159777127,47.23174559815782,44.36704230379639,26.434601146440187,38.50663421210188
278,278,0.0,0.0,0.0,0.0,0.0,0.0,43.19244195107919,47.373271759582785,44.44690874495473,25.939888434713183,38.084860895234435
279,279,0.0,0.0,0.0,0.0,0.0,0.0,43.53112715181331,47.51722846807483,44.53107359450298,25.445585036245433,37.6590399141781
280,280,0.0,0.0,0.0,0.0,0.0,0.0,43.86716220534071,0.0,44.619469389279764,24.95217203875181,37.22920475860428
281,281,0.0,0.0,0.0,0.0,0.0,0.0,44.20051547678844,0.0,44.71200309515975,24.460120221050772,36.79540806757598
282,282,0.0,0.0,0.0,0.0,0.0,0.0,44.531149082634805,0.0,44.808598680537074,23.96996675405626,36.357687899613595
283,283,0.0,0.0,0.0,0.0,0.0,0.0,44.8590334406283,0.0,44.909169052132974,23.48228085777781,35.916102256940576
284,284,0.0,0.0,0.0,0.0,0.0,0.0,45.184151246842546,0.0,45.01362565088148,22.997693865685918,35.470708750304084
285,285,0.0,0.0,0.0,0.0,0.0,0.0,45.50647861201455,0.0,45.12187403551238,22.516875937468626,35.021587091131536
286,286,0.0,0.0,0.0,0.0,0.0,0.0,45.82599891089029,0.0,45.2338232681121,22.04053815476864,34.568810175594635
287,287,0.0,0.0,0.0,0.0,0.0,0.0,46.14269792979977,0.0,45.34937689674709,21.56944989861846,34.112466818240065
288,288,0.0,0.0,0.0,0.0,0.0,0.0,46.45656373854654,0.0,45.46844223079576,21.104458659533307,33.65266323861191
289,289,0.0,0.0,0.0,0.0,0.0,0.0,46.767590760987936,0.0,45.59091696049126,20.64646391932861,33.18949969167403
290,290,0.0,0.0,0.0,0.0,0.0,0.0,47.07577106704992,0.0,45.716707329417105,20.1964023676924,32.723094886138846
291,291,0.0,0.0,0.0,0.0,0.0,0.0,47.38109866952857,0.0,45.845710370068936,19.75531528778808,32.25359644782522
292,292,0.0,0.0,0.0,0.0,0.0,0.0,0.0,0.0,45.97782746305477,19.324303579409218,31.781148121889856
293,293,0.0,0.0,0.0,0.0,0.0,0.0,0.0,0.0,46.11295997949397,18.904527875878898,31.305897845848065
294,294,0.0,0.0,0.0,0.0,0.0,0.0,0.0,0.0,46.2510007904738,18.497207542395046,30.828035136394888
295,295,0.0,0.0,0.0,0.0,0.0,0.0,0.0,0.0,46.39185182325784,18.10365611613426,30.347747566218125
296,296,0.0,0.0,0.0,0.0,0.0,0.0,0.0,0.0,46.53540688174902,17.725262468348063,29.8652492550277
297,297,0.0,0.0,0.0,0.0,0.0,0.0,0.0,0.0,46.681573148670324,17.363407338685306,29.38075317146584
298,298,0.0,0.0,0.0,0.0,0.0,0.0,0.0,0.0,46.83024572656217,17.019610100721934,28.89453209550225
299,299,0.0,0.0,0.0,0.0,0.0,0.0,0.0,0.0,46.981320674931155,16.695382876326008,28.40684058755283
