,time,20,65,87,1394,1416,1461,1483,1528,1573,110,1506,1439,88,43,1551,1372,1484,66,1417,21,1529,1462,44,1395,111,1574
0,0,65.0,139.0,37.0,137.0,49.0,126.0,24.0,92.0,164.0,0.0,0.0,0.0,0.0,0.0,0.0,0.0,0.0,0.0,0.0,0.0,0.0,0.0,0.0,0.0,0.0,0.0
1,1,64.0,138.0,36.0,136.0,48.0,125.0,23.0,91.0,163.0,0.0,0.0,0.0,0.0,0.0,0.0,0.0,0.0,0.0,0.0,0.0,0.0,0.0,0.0,0.0,0.0,0.0
2,2,63.0,137.0,35.0,135.0,47.0,124.0,22.0,90.0,162.0,73.0,0.0,0.0,0.0,0.0,0.0,0.0,0.0,0.0,0.0,0.0,0.0,0.0,0.0,0.0,0.0,0.0
3,3,62.0,136.0,34.0,134.0,46.0,123.0,21.0,89.0,161.0,72.0,0.0,0.0,0.0,0.0,0.0,0.0,0.0,0.0,0.0,0.0,0.0,0.0,0.0,0.0,0.0,0.0
4,4,61.0,135.0,33.0,133.0,45.0,122.0,20.0,88.0,160.0,71.0,0.0,0.0,0.0,0.0,0.0,0.0,0.0,0.0,0.0,0.0,0.0,0.0,0.0,0.0,0.0,0.0
5,5,60.0,134.0,32.0,132.0,44.0,121.0,19.0,87.0,159.0,70.0,0.0,0.0,0.0,0.0,0.0,0.0,0.0,0.0,0.0,0.0,0.0,0.0,0.0,0.0,0.0,0.0
6,6,59.0,133.0,31.0,131.0,43.0,120.0,18.0,86.0,158.0,69.0,0.0,0.0,0.0,0.0,0.0,0.0,0.0,0.0,0.0,0.0,0.0,0.0,0.0,0.0,0.0,0.0
7,7,58.0,132.0,30.0,130.0,42.0,119.0,17.0,85.0,157.0,68.0,0.0,0.0,0.0,0.0,0.0,0.0,0.0,0.0,0.0,0.0,0.0,0.0,0.0,0.0,0.0,0.0
8,8,57.0,131.0,29.0,129.0,41.0,118.0,16.0,84.0,156.0,67.0,0.0,0.0,0.0,0.0,0.0,0.0,0.0,0.0,0.0,0.0,0.0,0.0,0.0,0.0,0.0,0.0
9,9,56.0,130.0,28.0,128.0,40.0,117.0,15.0,83.0,155.0,66.0,0.0,0.0,0.0,0.0,0.0,0.0,0.0,0.0,0.0,0.0,0.0,0.0,0.0,0.0,0.0,0.0
10,10,55.0,129.0,27.0,127.0,39.0,116.0,14.0,82.0,154.0,65.0,0.0,0.0,0.0,0.0,0.0,0.0,0.0,0.0,0.0,0.0,0.0,0.0,0.0,0.0,0.0,0.0
11,11,54.0,128.0,26.0,126.0,38.0,115.0,13.0,81.0,153.0,64.0,0.0,0.0,0.0,0.0,0.0,0.0,0.0,0.0,0.0,0.0,0.0,0.0,0.0,0.0,0.0,0.0
12,12,53.0,127.0,25.0,125.0,37.0,114.0,12.0,80.0,152.0,63.0,0.0,0.0,0.0,0.0,0.0,0.0,0.0,0.0,0.0,0.0,0.0,0.0,0.0,0.0,0.0,0.0
13,13,52.0,126.0,24.0,124.0,36.0,113.0,11.0,79.0,151.0,62.0,0.0,0.0,0.0,0.0,0.0,0.0,0.0,0.0,0.0,0.0,0.0,0.0,0.0,0.0,0.0,0.0
14,14,51.0,125.0,23.0,123.0,35.0,112.0,10.0,78.0,150.0,61.0,0.0,0.0,0.0,0.0,0.0,0.0,0.0,0.0,0.0,0.0,0.0,0.0,0.0,0.0,0.0,0.0
15,15,50.0,124.0,22.0,122.0,34.0,111.0,9.0,77.0,149.0,60.0,0.0,0.0,0.0,0.0,0.0,0.0,0.0,0.0,0.0,0.0,0.0,0.0,0.0,0.0,0.0,0.0
16,16,49.0,123.0,21.0,121.0,33.0,110.0,8.0,76.0,148.0,59.0,0.0,0.0,0.0,0.0,0.0,0.0,0.0,0.0,0.0,0.0,0.0,0.0,0.0,0.0,0.0,0.0
17,17,48.0,122.0,20.0,120.0,32.0,109.0,7.0,75.0,147.0,58.0,0.0,0.0,0.0,0.0,0.0,0.0,0.0,0.0,0.0,0.0,0.0,0.0,0.0,0.0,0.0,0.0
18,18,47.0,121.0,19.0,119.0,31.0,108.0,6.0,74.0,146.0,57.0,0.0,0.0,0.0,0.0,0.0,0.0,0.0,0.0,0.0,0.0,0.0,0.0,0.0,0.0,0.0,0.0
19,19,46.0,120.0,18.0,118.0,30.0,107.0,5.0,73.0,145.0,56.0,0.0,0.0,0.0,0.0,0.0,0.0,0.0,0.0,0.0,0.0,0.0,0.0,0.0,0.0,0.0,0.0
20,20,45.0,119.0,17.0,117.0,29.0,106.0,4.0,72.0,144.0,55.0,0.0,0.0,0.0,0.0,0.0,0.0,0.0,0.0,0.0,0.0,0.0,0.0,0.0,0.0,0.0,0.0
21,21,44.0,118.0,16.0,116.0,28.0,105.0,3.0,71.0,143.0,54.0,0.0,0.0,0.0,0.0,0.0,0.0,0.0,0.0,0.0,0.0,0.0,0.0,0.0,0.0,0.0,0.0
22,22,43.0,117.0,15.0,115.0,27.0,104.0,2.0,70.0,142.0,53.0,0.0,0.0,0.0,0.0,0.0,0.0,0.0,0.0,0.0,0.0,0.0,0.0,0.0,0.0,0.0,0.0
23,23,42.0,116.0,14.0,114.0,26.0,103.0,1.0,69.0,141.0,52.0,0.0,0.0,0.0,0.0,0.0,0.0,0.0,0.0,0.0,0.0,0.0,0.0,0.0,0.0,0.0,0.0
24,24,41.0,115.0,13.0,113.0,25.0,102.0,0.0,68.0,140.0,51.0,0.0,0.0,0.0,0.0,0.0,0.0,0.0,0.0,0.0,0.0,0.0,0.0,0.0,0.0,0.0,0.0
25,25,40.0,114.0,12.0,112.0,24.0,101.0,0.0,67.0,139.0,50.0,0.0,0.0,0.0,0.0,0.0,0.0,0.0,0.0,0.0,0.0,0.0,0.0,0.0,0.0,0.0,0.0
26,26,39.0,113.0,11.0,111.0,23.0,100.0,0.0,66.0,138.0,49.0,0.0,0.0,0.0,0.0,0.0,0.0,0.0,0.0,0.0,0.0,0.0,0.0,0.0,0.0,0.0,0.0
27,27,38.0,112.0,10.0,110.0,22.0,99.0,0.0,65.0,137.0,48.0,0.0,0.0,0.0,0.0,0.0,0.0,0.0,0.0,0.0,0.0,0.0,0.0,0.0,0.0,0.0,0.0
28,28,37.0,111.0,9.0,109.0,21.0,98.0,0.0,64.0,136.0,47.0,166.0,0.0,0.0,0.0,0.0,0.0,0.0,0.0,0.0,0.0,0.0,0.0,0.0,0.0,0.0,0.0
29,29,36.0,110.0,8.0,108.0,20.0,97.0,0.0,63.0,135.0,46.0,165.0,0.0,0.0,0.0,0.0,0.0,0.0,0.0,0.0,0.0,0.0,0.0,0.0,0.0,0.0,0.0
30,30,35.0,109.0,7.0,107.0,19.0,96.0,0.0,62.0,134.0,45.0,164.0,0.0,0.0,0.0,0.0,0.0,0.0,0.0,0.0,0.0,0.0,0.0,0.0,0.0,0.0,0.0
31,31,34.0,108.0,6.0,106.0,18.0,95.0,0.0,61.0,133.0,44.0,163.0,0.0,0.0,0.0,0.0,0.0,0.0,0.0,0.0,0.0,0.0,0.0,0.0,0.0,0.0,0.0
32,32,33.0,107.0,5.0,105.0,17.0,94.0,0.0,60.0,132.0,43.0,162.0,0.0,0.0,0.0,0.0,0.0,0.0,0.0,0.0,0.0,0.0,0.0,0.0,0.0,0.0,0.0
33,33,32.0,106.0,4.0,104.0,16.0,93.0,0.0,59.0,131.0,42.0,161.0,0.0,0.0,0.0,0.0,0.0,0.0,0.0,0.0,0.0,0.0,0.0,0.0,0.0,0.0,0.0
34,34,31.0,105.0,3.0,103.0,15.0,92.0,0.0,58.0,130.0,41.0,160.0,0.0,0.0,0.0,0.0,0.0,0.0,0.0,0.0,0.0,0.0,0.0,0.0,0.0,0.0,0.0
35,35,30.0,104.0,2.0,102.0,14.0,91.0,0.0,57.0,129.0,40.0,159.0,0.0,0.0,0.0,0.0,0.0,0.0,0.0,0.0,0.0,0.0,0.0,0.0,0.0,0.0,0.0
36,36,29.0,103.0,1.0,101.0,13.0,90.0,0.0,56.0,128.0,39.0,158.0,0.0,0.0,0.0,0.0,0.0,0.0,0.0,0.0,0.0,0.0,0.0,0.0,0.0,0.0,0.0
37,37,28.0,102.0,0.0,100.0,12.0,89.0,0.0,55.0,127.0,38.0,157.0,0.0,0.0,0.0,0.0,0.0,0.0,0.0,0.0,0.0,0.0,0.0,0.0,0.0,0.0,0.0
38,38,27.0,101.0,0.0,99.0,11.0,88.0,0.0,54.0,126.0,37.0,156.0,0.0,0.0,0.0,0.0,0.0,0.0,0.0,0.0,0.0,0.0,0.0,0.0,0.0,0.0,0.0
39,39,26.0,100.0,0.0,98.0,10.0,87.0,0.0,53.0,125.0,36.0,155.0,0.0,0.0,0.0,0.0,0.0,0.0,0.0,0.0,0.0,0.0,0.0,0.0,0.0,0.0,0.0
40,40,25.0,99.0,0.0,97.0,9.0,86.0,0.0,52.0,124.0,35.0,154.0,0.0,0.0,0.0,0.0,0.0,0.0,0.0,0.0,0.0,0.0,0.0,0.0,0.0,0.0,0.0
41,41,24.0,98.0,0.0,96.0,8.0,85.0,0.0,51.0,123.0,34.0,153.0,0.0,0.0,0.0,0.0,0.0,0.0,0.0,0.0,0.0,0.0,0.0,0.0,0.0,0.0,0.0
42,42,23.0,97.0,0.0,95.0,7.0,84.0,0.0,50.0,122.0,33.0,152.0,0.0,0.0,0.0,0.0,0.0,0.0,0.0,0.0,0.0,0.0,0.0,0.0,0.0,0.0,0.0
43,43,22.0,96.0,0.0,94.0,6.0,83.0,0.0,49.0,121.0,32.0,151.0,0.0,0.0,0.0,0.0,0.0,0.0,0.0,0.0,0.0,0.0,0.0,0.0,0.0,0.0,0.0
44,44,21.0,95.0,0.0,93.0,5.0,82.0,0.0,48.0,120.0,31.0,150.0,0.0,0.0,0.0,0.0,0.0,0.0,0.0,0.0,0.0,0.0,0.0,0.0,0.0,0.0,0.0
45,45,20.0,94.0,0.0,92.0,4.0,81.0,0.0,47.0,119.0,30.0,149.0,0.0,0.0,0.0,0.0,0.0,0.0,0.0,0.0,0.0,0.0,0.0,0.0,0.0,0.0,0.0
46,46,19.0,93.0,0.0,91.0,3.0,80.0,0.0,46.0,118.0,29.0,148.0,0.0,0.0,0.0,0.0,0.0,0.0,0.0,0.0,0.0,0.0,0.0,0.0,0.0,0.0,0.0
47,47,18.0,92.0,0.0,90.0,2.0,79.0,0.0,45.0,117.0,28.0,147.0,0.0,0.0,0.0,0.0,0.0,0.0,0.0,0.0,0.0,0.0,0.0,0.0,0.0,0.0,0.0
48,48,17.0,91.0,0.0,89.0,1.0,78.0,0.0,44.0,116.0,27.0,146.0,0.0,0.0,0.0,0.0,0.0,0.0,0.0,0.0,0.0,0.0,0.0,0.0,0.0,0.0,0.0
49,49,16.0,90.0,0.0,88.0,0.0,77.0,0.0,43.0,115.0,26.0,145.0,0.0,0.0,0.0,0.0,0.0,0.0,0.0,0.0,0.0,0.0,0.0,0.0,0.0,0.0,0.0
50,50,15.0,89.0,0.0,87.0,0.0,76.0,0.0,42.0,114.0,25.0,144.0,0.0,0.0,0.0,0.0,0.0,0.0,0.0,0.0,0.0,0.0,0.0,0.0,0.0,0.0,0.0
51,51,14.0,88.0,0.0,86.0,0.0,75.0,0.0,41.0,113.0,24.0,143.0,0.0,0.0,0.0,0.0,0.0,0.0,0.0,0.0,0.0,0.0,0.0,0.0,0.0,0.0,0.0
52,52,13.0,87.0,0.0,85.0,0.0,74.0,0.0,40.0,112.0,23.0,142.0,173.0,0.0,0.0,0.0,0.0,0.0,0.0,0.0,0.0,0.0,0.0,0.0,0.0,0.0,0.0
53,53,12.0,86.0,0.0,84.0,0.0,73.0,0.0,39.0,111.0,22.0,141.0,172.0,0.0,0.0,0.0,0.0,0.0,0.0,0.0,0.0,0.0,0.0,0.0,0.0,0.0,0.0
54,54,11.0,85.0,0.0,83.0,0.0,72.0,0.0,38.0,110.0,21.0,140.0,171.0,0.0,0.0,0.0,0.0,0.0,0.0,0.0,0.0,0.0,0.0,0.0,0.0,0.0,0.0
55,55,10.0,84.0,0.0,82.0,0.0,71.0,0.0,37.0,109.0,20.0,139.0,170.0,0.0,0.0,0.0,0.0,0.0,0.0,0.0,0.0,0.0,0.0,0.0,0.0,0.0,0.0
56,56,9.0,83.0,0.0,81.0,0.0,70.0,0.0,36.0,108.0,19.0,138.0,169.0,0.0,0.0,0.0,0.0,0.0,0.0,0.0,0.0,0.0,0.0,0.0,0.0,0.0,0.0
57,57,8.0,82.0,0.0,80.0,0.0,69.0,0.0,35.0,107.0,18.0,137.0,168.0,0.0,0.0,0.0,0.0,0.0,0.0,0.0,0.0,0.0,0.0,0.0,0.0,0.0,0.0
58,58,7.0,81.0,0.0,79.0,0.0,68.0,0.0,34.0,106.0,17.0,136.0,167.0,0.0,0.0,0.0,0.0,0.0,0.0,0.0,0.0,0.0,0.0,0.0,0.0,0.0,0.0
59,59,6.0,80.0,0.0,78.0,0.0,67.0,0.0,33.0,105.0,16.0,135.0,166.0,0.0,0.0,0.0,0.0,0.0,0.0,0.0,0.0,0.0,0.0,0.0,0.0,0.0,0.0
60,60,5.0,79.0,0.0,77.0,0.0,66.0,0.0,32.0,104.0,15.0,134.0,165.0,0.0,0.0,0.0,0.0,0.0,0.0,0.0,0.0,0.0,0.0,0.0,0.0,0.0,0.0
61,61,4.0,78.0,0.0,76.0,0.0,65.0,0.0,31.0,103.0,14.0,133.0,164.0,0.0,0.0,0.0,0.0,0.0,0.0,0.0,0.0,0.0,0.0,0.0,0.0,0.0,0.0
62,62,3.0,77.0,0.0,75.0,0.0,64.0,0.0,30.0,102.0,13.0,132.0,163.0,0.0,0.0,0.0,0.0,0.0,0.0,0.0,0.0,0.0,0.0,0.0,0.0,0.0,0.0
63,63,2.0,76.0,0.0,74.0,0.0,63.0,0.0,29.0,101.0,12.0,131.0,162.0,0.0,0.0,0.0,0.0,0.0,0.0,0.0,0.0,0.0,0.0,0.0,0.0,0.0,0.0
64,64,1.0,75.0,0.0,73.0,0.0,62.0,0.0,28.0,100.0,11.0,130.0,161.0,138.0,0.0,0.0,0.0,0.0,0.0,0.0,0.0,0.0,0.0,0.0,0.0,0.0,0.0
65,65,0.0,74.0,0.0,72.0,0.0,61.0,0.0,27.0,99.0,10.0,129.0,160.0,137.0,0.0,0.0,0.0,0.0,0.0,0.0,0.0,0.0,0.0,0.0,0.0,0.0,0.0
66,66,0.0,73.0,0.0,71.0,0.0,60.0,0.0,26.0,98.0,9.0,128.0,159.0,136.0,173.0,0.0,0.0,0.0,0.0,0.0,0.0,0.0,0.0,0.0,0.0,0.0,0.0
67,67,0.0,72.0,0.0,70.0,0.0,59.0,0.0,25.0,97.0,8.0,127.0,158.0,135.0,172.0,0.0,0.0,0.0,0.0,0.0,0.0,0.0,0.0,0.0,0.0,0.0,0.0
68,68,0.0,71.0,0.0,69.0,0.0,58.0,0.0,24.0,96.0,7.0,126.0,157.0,134.0,171.0,0.0,0.0,0.0,0.0,0.0,0.0,0.0,0.0,0.0,0.0,0.0,0.0
69,69,0.0,70.0,0.0,68.0,0.0,57.0,0.0,23.0,95.0,6.0,125.0,156.0,133.0,170.0,0.0,0.0,0.0,0.0,0.0,0.0,0.0,0.0,0.0,0.0,0.0,0.0
70,70,0.0,69.0,0.0,67.0,0.0,56.0,0.0,22.0,94.0,5.0,124.0,155.0,132.0,169.0,0.0,0.0,0.0,0.0,0.0,0.0,0.0,0.0,0.0,0.0,0.0,0.0
71,71,0.0,68.0,0.0,66.0,0.0,55.0,0.0,21.0,93.0,4.0,123.0,154.0,131.0,168.0,0.0,0.0,0.0,0.0,0.0,0.0,0.0,0.0,0.0,0.0,0.0,0.0
72,72,0.0,67.0,0.0,65.0,0.0,54.0,0.0,20.0,92.0,3.0,122.0,153.0,130.0,167.0,0.0,0.0,0.0,0.0,0.0,0.0,0.0,0.0,0.0,0.0,0.0,0.0
73,73,0.0,66.0,0.0,64.0,0.0,53.0,0.0,19.0,91.0,2.0,121.0,152.0,129.0,166.0,0.0,0.0,0.0,0.0,0.0,0.0,0.0,0.0,0.0,0.0,0.0,0.0
74,74,0.0,65.0,0.0,63.0,0.0,52.0,0.0,18.0,90.0,1.0,120.0,151.0,128.0,165.0,0.0,0.0,0.0,0.0,0.0,0.0,0.0,0.0,0.0,0.0,0.0,0.0
75,75,0.0,64.0,0.0,62.0,0.0,51.0,0.0,17.0,89.0,0.0,119.0,150.0,127.0,164.0,0.0,0.0,0.0,0.0,0.0,0.0,0.0,0.0,0.0,0.0,0.0,0.0
76,76,0.0,63.0,0.0,61.0,0.0,50.0,0.0,16.0,88.0,0.0,118.0,149.0,126.0,163.0,0.0,0.0,0.0,0.0,0.0,0.0,0.0,0.0,0.0,0.0,0.0,0.0
77,77,0.0,62.0,0.0,60.0,0.0,49.0,0.0,15.0,87.0,0.0,117.0,148.0,125.0,162.0,0.0,0.0,0.0,0.0,0.0,0.0,0.0,0.0,0.0,0.0,0.0,0.0
78,78,0.0,61.0,0.0,59.0,0.0,48.0,0.0,14.0,86.0,0.0,116.0,147.0,124.0,161.0,0.0,0.0,0.0,0.0,0.0,0.0,0.0,0.0,0.0,0.0,0.0,0.0
79,79,0.0,60.0,0.0,58.0,0.0,47.0,0.0,13.0,85.0,0.0,115.0,146.0,123.0,160.0,0.0,0.0,0.0,0.0,0.0,0.0,0.0,0.0,0.0,0.0,0.0,0.0
80,80,0.0,59.0,0.0,57.0,0.0,46.0,0.0,12.0,84.0,0.0,114.0,145.0,122.0,159.0,0.0,0.0,0.0,0.0,0.0,0.0,0.0,0.0,0.0,0.0,0.0,0.0
81,81,0.0,58.0,0.0,56.0,0.0,45.0,0.0,11.0,83.0,0.0,113.0,144.0,121.0,158.0,0.0,0.0,0.0,0.0,0.0,0.0,0.0,0.0,0.0,0.0,0.0,0.0
82,82,0.0,57.0,0.0,55.0,0.0,44.0,0.0,10.0,82.0,0.0,112.0,143.0,120.0,157.0,0.0,0.0,0.0,0.0,0.0,0.0,0.0,0.0,0.0,0.0,0.0,0.0
83,83,0.0,56.0,0.0,54.0,0.0,43.0,0.0,9.0,81.0,0.0,111.0,142.0,119.0,156.0,0.0,0.0,0.0,0.0,0.0,0.0,0.0,0.0,0.0,0.0,0.0,0.0
84,84,0.0,55.0,0.0,53.0,0.0,42.0,0.0,8.0,80.0,0.0,110.0,141.0,118.0,155.0,0.0,0.0,0.0,0.0,0.0,0.0,0.0,0.0,0.0,0.0,0.0,0.0
85,85,0.0,54.0,0.0,52.0,0.0,41.0,0.0,7.0,79.0,0.0,109.0,140.0,117.0,154.0,0.0,0.0,0.0,0.0,0.0,0.0,0.0,0.0,0.0,0.0,0.0,0.0
86,86,0.0,53.0,0.0,51.0,0.0,40.0,0.0,6.0,78.0,0.0,108.0,139.0,116.0,153.0,0.0,0.0,0.0,0.0,0.0,0.0,0.0,0.0,0.0,0.0,0.0,0.0
87,87,0.0,52.0,0.0,50.0,0.0,39.0,0.0,5.0,77.0,0.0,107.0,138.0,115.0,152.0,0.0,0.0,0.0,0.0,0.0,0.0,0.0,0.0,0.0,0.0,0.0,0.0
88,88,0.0,51.0,0.0,49.0,0.0,38.0,0.0,4.0,76.0,0.0,106.0,137.0,114.0,151.0,0.0,0.0,0.0,0.0,0.0,0.0,0.0,0.0,0.0,0.0,0.0,0.0
89,89,0.0,50.0,0.0,48.0,0.0,37.0,0.0,3.0,75.0,0.0,105.0,136.0,113.0,150.0,0.0,0.0,0.0,0.0,0.0,0.0,0.0,0.0,0.0,0.0,0.0,0.0
90,90,0.0,49.0,0.0,47.0,0.0,36.0,0.0,2.0,74.0,0.0,104.0,135.0,112.0,149.0,0.0,0.0,0.0,0.0,0.0,0.0,0.0,0.0,0.0,0.0,0.0,0.0
91,91,0.0,48.0,0.0,46.0,0.0,35.0,0.0,1.0,73.0,0.0,103.0,134.0,111.0,148.0,0.0,0.0,0.0,0.0,0.0,0.0,0.0,0.0,0.0,0.0,0.0,0.0
92,92,0.0,47.0,0.0,45.0,0.0,34.0,0.0,0.0,72.0,0.0,102.0,133.0,110.0,147.0,0.0,0.0,0.0,0.0,0.0,0.0,0.0,0.0,0.0,0.0,0.0,0.0
93,93,0.0,46.0,0.0,44.0,0.0,33.0,0.0,0.0,71.0,0.0,101.0,132.0,109.0,146.0,0.0,0.0,0.0,0.0,0.0,0.0,0.0,0.0,0.0,0.0,0.0,0.0
94,94,0.0,45.0,0.0,43.0,0.0,32.0,0.0,0.0,70.0,0.0,100.0,131.0,108.0,145.0,0.0,0.0,0.0,0.0,0.0,0.0,0.0,0.0,0.0,0.0,0.0,0.0
95,95,0.0,44.0,0.0,42.0,0.0,31.0,0.0,0.0,69.0,0.0,99.0,130.0,107.0,144.0,0.0,0.0,0.0,0.0,0.0,0.0,0.0,0.0,0.0,0.0,0.0,0.0
96,96,0.0,43.0,0.0,41.0,0.0,30.0,0.0,0.0,68.0,0.0,98.0,129.0,106.0,143.0,0.0,0.0,0.0,0.0,0.0,0.0,0.0,0.0,0.0,0.0,0.0,0.0
97,97,0.0,42.0,0.0,40.0,0.0,29.0,0.0,0.0,67.0,0.0,97.0,128.0,105.0,142.0,0.0,0.0,0.0,0.0,0.0,0.0,0.0,0.0,0.0,0.0,0.0,0.0
98,98,0.0,41.0,0.0,39.0,0.0,28.0,0.0,0.0,66.0,0.0,96.0,127.0,104.0,141.0,0.0,0.0,0.0,0.0,0.0,0.0,0.0,0.0,0.0,0.0,0.0,0.0
99,99,0.0,40.0,0.0,38.0,0.0,27.0,0.0,0.0,65.0,0.0,95.0,126.0,103.0,140.0,165.0,0.0,0.0,0.0,0.0,0.0,0.0,0.0,0.0,0.0,0.0,0.0
100,100,0.0,39.0,0.0,37.0,0.0,26.0,0.0,0.0,64.0,0.0,94.0,125.0,102.0,139.0,164.0,112.0,0.0,0.0,0.0,0.0,0.0,0.0,0.0,0.0,0.0,0.0
101,101,0.0,38.0,0.0,36.0,0.0,25.0,0.0,0.0,63.0,0.0,93.0,124.0,101.0,138.0,163.0,111.0,0.0,0.0,0.0,0.0,0.0,0.0,0.0,0.0,0.0,0.0
102,102,0.0,37.0,0.0,35.0,0.0,24.0,0.0,0.0,62.0,0.0,92.0,123.0,100.0,137.0,162.0,110.0,0.0,0.0,0.0,0.0,0.0,0.0,0.0,0.0,0.0,0.0
103,103,0.0,36.0,0.0,34.0,0.0,23.0,0.0,0.0,61.0,0.0,91.0,122.0,99.0,136.0,161.0,109.0,0.0,0.0,0.0,0.0,0.0,0.0,0.0,0.0,0.0,0.0
104,104,0.0,35.0,0.0,33.0,0.0,22.0,0.0,0.0,60.0,0.0,90.0,121.0,98.0,135.0,160.0,108.0,0.0,0.0,0.0,0.0,0.0,0.0,0.0,0.0,0.0,0.0
105,105,0.0,34.0,0.0,32.0,0.0,21.0,0.0,0.0,59.0,0.0,89.0,120.0,97.0,134.0,159.0,107.0,0.0,0.0,0.0,0.0,0.0,0.0,0.0,0.0,0.0,0.0
106,106,0.0,33.0,0.0,31.0,0.0,20.0,0.0,0.0,58.0,0.0,88.0,119.0,96.0,133.0,158.0,106.0,0.0,0.0,0.0,0.0,0.0,0.0,0.0,0.0,0.0,0.0
107,107,0.0,32.0,0.0,30.0,0.0,19.0,0.0,0.0,57.0,0.0,87.0,118.0,95.0,132.0,157.0,105.0,0.0,0.0,0.0,0.0,0.0,0.0,0.0,0.0,0.0,0.0
108,108,0.0,31.0,0.0,29.0,0.0,18.0,0.0,0.0,56.0,0.0,86.0,117.0,94.0,131.0,156.0,104.0,0.0,0.0,0.0,0.0,0.0,0.0,0.0,0.0,0.0,0.0
109,109,0.0,30.0,0.0,28.0,0.0,17.0,0.0,0.0,55.0,0.0,85.0,116.0,93.0,130.0,155.0,103.0,0.0,0.0,0.0,0.0,0.0,0.0,0.0,0.0,0.0,0.0
110,110,0.0,29.0,0.0,27.0,0.0,16.0,0.0,0.0,54.0,0.0,84.0,115.0,92.0,129.0,154.0,102.0,0.0,0.0,0.0,0.0,0.0,0.0,0.0,0.0,0.0,0.0
111,111,0.0,28.0,0.0,26.0,0.0,15.0,0.0,0.0,53.0,0.0,83.0,114.0,91.0,128.0,153.0,101.0,0.0,0.0,0.0,0.0,0.0,0.0,0.0,0.0,0.0,0.0
112,112,0.0,27.0,0.0,25.0,0.0,14.0,0.0,0.0,52.0,0.0,82.0,113.0,90.0,127.0,152.0,100.0,0.0,0.0,0.0,0.0,0.0,0.0,0.0,0.0,0.0,0.0
113,113,0.0,26.0,0.0,24.0,0.0,13.0,0.0,0.0,51.0,0.0,81.0,112.0,89.0,126.0,151.0,99.0,0.0,0.0,0.0,0.0,0.0,0.0,0.0,0.0,0.0,0.0
114,114,0.0,25.0,0.0,23.0,0.0,12.0,0.0,0.0,50.0,0.0,80.0,111.0,88.0,125.0,150.0,98.0,0.0,0.0,0.0,0.0,0.0,0.0,0.0,0.0,0.0,0.0
115,115,0.0,24.0,0.0,22.0,0.0,11.0,0.0,0.0,49.0,0.0,79.0,110.0,87.0,124.0,149.0,97.0,0.0,0.0,0.0,0.0,0.0,0.0,0.0,0.0,0.0,0.0
116,116,0.0,23.0,0.0,21.0,0.0,10.0,0.0,0.0,48.0,0.0,78.0,109.0,86.0,123.0,148.0,96.0,0.0,0.0,0.0,0.0,0.0,0.0,0.0,0.0,0.0,0.0
117,117,0.0,22.0,0.0,20.0,0.0,9.0,0.0,0.0,47.0,0.0,77.0,108.0,85.0,122.0,147.0,95.0,0.0,0.0,0.0,0.0,0.0,0.0,0.0,0.0,0.0,0.0
118,118,0.0,21.0,0.0,19.0,0.0,8.0,0.0,0.0,46.0,0.0,76.0,107.0,84.0,121.0,146.0,94.0,0.0,0.0,0.0,0.0,0.0,0.0,0.0,0.0,0.0,0.0
119,119,0.0,20.0,0.0,18.0,0.0,7.0,0.0,0.0,45.0,0.0,75.0,106.0,83.0,120.0,145.0,93.0,0.0,0.0,0.0,0.0,0.0,0.0,0.0,0.0,0.0,0.0
120,120,0.0,19.0,0.0,17.0,0.0,6.0,0.0,0.0,44.0,0.0,74.0,105.0,82.0,119.0,144.0,92.0,0.0,0.0,0.0,0.0,0.0,0.0,0.0,0.0,0.0,0.0
121,121,0.0,18.0,0.0,16.0,0.0,5.0,0.0,0.0,43.0,0.0,73.0,104.0,81.0,118.0,143.0,91.0,0.0,0.0,0.0,0.0,0.0,0.0,0.0,0.0,0.0,0.0
122,122,0.0,17.0,0.0,15.0,0.0,4.0,0.0,0.0,42.0,0.0,72.0,103.0,80.0,117.0,142.0,90.0,0.0,0.0,0.0,0.0,0.0,0.0,0.0,0.0,0.0,0.0
123,123,0.0,16.0,0.0,14.0,0.0,3.0,0.0,0.0,41.0,0.0,71.0,102.0,79.0,116.0,141.0,89.0,0.0,0.0,0.0,0.0,0.0,0.0,0.0,0.0,0.0,0.0
124,124,0.0,15.0,0.0,13.0,0.0,2.0,0.0,0.0,40.0,0.0,70.0,101.0,78.0,115.0,140.0,88.0,0.0,0.0,0.0,0.0,0.0,0.0,0.0,0.0,0.0,0.0
125,125,0.0,14.0,0.0,12.0,0.0,1.0,0.0,0.0,39.0,0.0,69.0,100.0,77.0,114.0,139.0,87.0,0.0,0.0,0.0,0.0,0.0,0.0,0.0,0.0,0.0,0.0
126,126,0.0,13.0,0.0,11.0,0.0,0.0,0.0,0.0,38.0,0.0,68.0,99.0,76.0,113.0,138.0,86.0,0.0,0.0,0.0,0.0,0.0,0.0,0.0,0.0,0.0,0.0
127,127,0.0,12.0,0.0,10.0,0.0,0.0,0.0,0.0,37.0,0.0,67.0,98.0,75.0,112.0,137.0,85.0,169.0,0.0,0.0,0.0,0.0,0.0,0.0,0.0,0.0,0.0
128,128,0.0,11.0,0.0,9.0,0.0,0.0,0.0,0.0,36.0,0.0,66.0,97.0,74.0,111.0,136.0,84.0,168.0,0.0,0.0,0.0,0.0,0.0,0.0,0.0,0.0,0.0
129,129,0.0,10.0,0.0,8.0,0.0,0.0,0.0,0.0,35.0,0.0,65.0,96.0,73.0,110.0,135.0,83.0,167.0,0.0,0.0,0.0,0.0,0.0,0.0,0.0,0.0,0.0
130,130,0.0,9.0,0.0,7.0,0.0,0.0,0.0,0.0,34.0,0.0,64.0,95.0,72.0,109.0,134.0,82.0,166.0,0.0,0.0,0.0,0.0,0.0,0.0,0.0,0.0,0.0
131,131,0.0,8.0,0.0,6.0,0.0,0.0,0.0,0.0,33.0,0.0,63.0,94.0,71.0,108.0,133.0,81.0,165.0,0.0,0.0,0.0,0.0,0.0,0.0,0.0,0.0,0.0
132,132,0.0,7.0,0.0,5.0,0.0,0.0,0.0,0.0,32.0,0.0,62.0,93.0,70.0,107.0,132.0,80.0,164.0,0.0,0.0,0.0,0.0,0.0,0.0,0.0,0.0,0.0
133,133,0.0,6.0,0.0,4.0,0.0,0.0,0.0,0.0,31.0,0.0,61.0,92.0,69.0,106.0,131.0,79.0,163.0,0.0,0.0,0.0,0.0,0.0,0.0,0.0,0.0,0.0
134,134,0.0,5.0,0.0,3.0,0.0,0.0,0.0,0.0,30.0,0.0,60.0,91.0,68.0,105.0,130.0,78.0,162.0,0.0,0.0,0.0,0.0,0.0,0.0,0.0,0.0,0.0
135,135,0.0,4.0,0.0,2.0,0.0,0.0,0.0,0.0,29.0,0.0,59.0,90.0,67.0,104.0,129.0,77.0,161.0,0.0,0.0,0.0,0.0,0.0,0.0,0.0,0.0,0.0
136,136,0.0,3.0,0.0,1.0,0.0,0.0,0.0,0.0,28.0,0.0,58.0,89.0,66.0,103.0,128.0,76.0,160.0,0.0,0.0,0.0,0.0,0.0,0.0,0.0,0.0,0.0
137,137,0.0,2.0,0.0,0.0,0.0,0.0,0.0,0.0,27.0,0.0,57.0,88.0,65.0,102.0,127.0,75.0,159.0,0.0,0.0,0.0,0.0,0.0,0.0,0.0,0.0,0.0
138,138,0.0,1.0,0.0,0.0,0.0,0.0,0.0,0.0,26.0,0.0,56.0,87.0,64.0,101.0,126.0,74.0,158.0,0.0,0.0,0.0,0.0,0.0,0.0,0.0,0.0,0.0
139,139,0.0,0.0,0.0,0.0,0.0,0.0,0.0,0.0,25.0,0.0,55.0,86.0,63.0,100.0,125.0,73.0,157.0,0.0,0.0,0.0,0.0,0.0,0.0,0.0,0.0,0.0
140,140,0.0,0.0,0.0,0.0,0.0,0.0,0.0,0.0,24.0,0.0,54.0,85.0,62.0,99.0,124.0,72.0,156.0,0.0,0.0,0.0,0.0,0.0,0.0,0.0,0.0,0.0
141,141,0.0,0.0,0.0,0.0,0.0,0.0,0.0,0.0,23.0,0.0,53.0,84.0,61.0,98.0,123.0,71.0,155.0,0.0,0.0,0.0,0.0,0.0,0.0,0.0,0.0,0.0
142,142,0.0,0.0,0.0,0.0,0.0,0.0,0.0,0.0,22.0,0.0,52.0,83.0,60.0,97.0,122.0,70.0,154.0,0.0,0.0,0.0,0.0,0.0,0.0,0.0,0.0,0.0
143,143,0.0,0.0,0.0,0.0,0.0,0.0,0.0,0.0,21.0,0.0,51.0,82.0,59.0,96.0,121.0,69.0,153.0,0.0,0.0,0.0,0.0,0.0,0.0,0.0,0.0,0.0
144,144,0.0,0.0,0.0,0.0,0.0,0.0,0.0,0.0,20.0,0.0,50.0,81.0,58.0,95.0,120.0,68.0,152.0,0.0,0.0,0.0,0.0,0.0,0.0,0.0,0.0,0.0
145,145,0.0,0.0,0.0,0.0,0.0,0.0,0.0,0.0,19.0,0.0,49.0,80.0,57.0,94.0,119.0,67.0,151.0,0.0,0.0,0.0,0.0,0.0,0.0,0.0,0.0,0.0
146,146,0.0,0.0,0.0,0.0,0.0,0.0,0.0,0.0,18.0,0.0,48.0,79.0,56.0,93.0,118.0,66.0,150.0,0.0,0.0,0.0,0.0,0.0,0.0,0.0,0.0,0.0
147,147,0.0,0.0,0.0,0.0,0.0,0.0,0.0,0.0,17.0,0.0,47.0,78.0,55.0,92.0,117.0,65.0,149.0,153.0,0.0,0.0,0.0,0.0,0.0,0.0,0.0,0.0
148,148,0.0,0.0,0.0,0.0,0.0,0.0,0.0,0.0,16.0,0.0,46.0,77.0,54.0,91.0,116.0,64.0,148.0,152.0,0.0,0.0,0.0,0.0,0.0,0.0,0.0,0.0
149,149,0.0,0.0,0.0,0.0,0.0,0.0,0.0,0.0,15.0,0.0,45.0,76.0,53.0,90.0,115.0,63.0,147.0,151.0,0.0,0.0,0.0,0.0,0.0,0.0,0.0,0.0
150,150,0.0,0.0,0.0,0.0,0.0,0.0,0.0,0.0,14.0,0.0,44.0,75.0,52.0,89.0,114.0,62.0,146.0,150.0,0.0,0.0,0.0,0.0,0.0,0.0,0.0,0.0
151,151,0.0,0.0,0.0,0.0,0.0,0.0,0.0,0.0,13.0,0.0,43.0,74.0,51.0,88.0,113.0,61.0,145.0,149.0,0.0,0.0,0.0,0.0,0.0,0.0,0.0,0.0
152,152,0.0,0.0,0.0,0.0,0.0,0.0,0.0,0.0,12.0,0.0,42.0,73.0,50.0,87.0,112.0,60.0,144.0,148.0,0.0,0.0,0.0,0.0,0.0,0.0,0.0,0.0
153,153,0.0,0.0,0.0,0.0,0.0,0.0,0.0,0.0,11.0,0.0,41.0,72.0,49.0,86.0,111.0,59.0,143.0,147.0,147.0,0.0,0.0,0.0,0.0,0.0,0.0,0.0
154,154,0.0,0.0,0.0,0.0,0.0,0.0,0.0,0.0,10.0,0.0,40.0,71.0,48.0,85.0,110.0,58.0,142.0,146.0,146.0,0.0,0.0,0.0,0.0,0.0,0.0,0.0
155,155,0.0,0.0,0.0,0.0,0.0,0.0,0.0,0.0,9.0,0.0,39.0,70.0,47.0,84.0,109.0,57.0,141.0,145.0,145.0,0.0,0.0,0.0,0.0,0.0,0.0,0.0
156,156,0.0,0.0,0.0,0.0,0.0,0.0,0.0,0.0,8.0,0.0,38.0,69.0,46.0,83.0,108.0,56.0,140.0,144.0,144.0,0.0,0.0,0.0,0.0,0.0,0.0,0.0
157,157,0.0,0.0,0.0,0.0,0.0,0.0,0.0,0.0,7.0,0.0,37.0,68.0,45.0,82.0,107.0,55.0,139.0,143.0,143.0,0.0,0.0,0.0,0.0,0.0,0.0,0.0
158,158,0.0,0.0,0.0,0.0,0.0,0.0,0.0,0.0,6.0,0.0,36.0,67.0,44.0,81.0,106.0,54.0,138.0,142.0,142.0,0.0,0.0,0.0,0.0,0.0,0.0,0.0
159,159,0.0,0.0,0.0,0.0,0.0,0.0,0.0,0.0,5.0,0.0,35.0,66.0,43.0,80.0,105.0,53.0,137.0,141.0,141.0,0.0,0.0,0.0,0.0,0.0,0.0,0.0
160,160,0.0,0.0,0.0,0.0,0.0,0.0,0.0,0.0,4.0,0.0,34.0,65.0,42.0,79.0,104.0,52.0,136.0,140.0,140.0,0.0,0.0,0.0,0.0,0.0,0.0,0.0
161,161,0.0,0.0,0.0,0.0,0.0,0.0,0.0,0.0,3.0,0.0,33.0,64.0,41.0,78.0,103.0,51.0,135.0,139.0,139.0,0.0,0.0,0.0,0.0,0.0,0.0,0.0
162,162,0.0,0.0,0.0,0.0,0.0,0.0,0.0,0.0,2.0,0.0,32.0,63.0,40.0,77.0,102.0,50.0,134.0,138.0,138.0,0.0,0.0,0.0,0.0,0.0,0.0,0.0
163,163,0.0,0.0,0.0,0.0,0.0,0.0,0.0,0.0,1.0,0.0,31.0,62.0,39.0,76.0,101.0,49.0,133.0,137.0,137.0,0.0,0.0,0.0,0.0,0.0,0.0,0.0
164,164,0.0,0.0,0.0,0.0,0.0,0.0,0.0,0.0,0.0,0.0,30.0,61.0,38.0,75.0,100.0,48.0,132.0,136.0,136.0,0.0,0.0,0.0,0.0,0.0,0.0,0.0
165,165,0.0,0.0,0.0,0.0,0.0,0.0,0.0,0.0,0.0,0.0,29.0,60.0,37.0,74.0,99.0,47.0,131.0,135.0,135.0,0.0,0.0,0.0,0.0,0.0,0.0,0.0
166,166,0.0,0.0,0.0,0.0,0.0,0.0,0.0,0.0,0.0,0.0,28.0,59.0,36.0,73.0,98.0,46.0,130.0,134.0,134.0,0.0,0.0,0.0,0.0,0.0,0.0,0.0
167,167,0.0,0.0,0.0,0.0,0.0,0.0,0.0,0.0,0.0,0.0,27.0,58.0,35.0,72.0,97.0,45.0,129.0,133.0,133.0,133.0,0.0,0.0,0.0,0.0,0.0,0.0
168,168,0.0,0.0,0.0,0.0,0.0,0.0,0.0,0.0,0.0,0.0,26.0,57.0,34.0,71.0,96.0,44.0,128.0,132.0,132.0,132.0,0.0,0.0,0.0,0.0,0.0,0.0
169,169,0.0,0.0,0.0,0.0,0.0,0.0,0.0,0.0,0.0,0.0,25.0,56.0,33.0,70.0,95.0,43.0,127.0,131.0,131.0,131.0,0.0,0.0,0.0,0.0,0.0,0.0
170,170,0.0,0.0,0.0,0.0,0.0,0.0,0.0,0.0,0.0,0.0,24.0,55.0,32.0,69.0,94.0,42.0,126.0,130.0,130.0,130.0,0.0,0.0,0.0,0.0,0.0,0.0
171,171,0.0,0.0,0.0,0.0,0.0,0.0,0.0,0.0,0.0,0.0,23.0,54.0,31.0,68.0,93.0,41.0,125.0,129.0,129.0,129.0,0.0,0.0,0.0,0.0,0.0,0.0
172,172,0.0,0.0,0.0,0.0,0.0,0.0,0.0,0.0,0.0,0.0,22.0,53.0,30.0,67.0,92.0,40.0,124.0,128.0,128.0,128.0,0.0,0.0,0.0,0.0,0.0,0.0
173,173,0.0,0.0,0.0,0.0,0.0,0.0,0.0,0.0,0.0,0.0,21.0,52.0,29.0,66.0,91.0,39.0,123.0,127.0,127.0,127.0,0.0,0.0,0.0,0.0,0.0,0.0
174,174,0.0,0.0,0.0,0.0,0.0,0.0,0.0,0.0,0.0,0.0,20.0,51.0,28.0,65.0,90.0,38.0,122.0,126.0,126.0,126.0,0.0,0.0,0.0,0.0,0.0,0.0
175,175,0.0,0.0,0.0,0.0,0.0,0.0,0.0,0.0,0.0,0.0,19.0,50.0,27.0,64.0,89.0,37.0,121.0,125.0,125.0,125.0,0.0,0.0,0.0,0.0,0.0,0.0
176,176,0.0,0.0,0.0,0.0,0.0,0.0,0.0,0.0,0.0,0.0,18.0,49.0,26.0,63.0,88.0,36.0,120.0,124.0,124.0,124.0,0.0,0.0,0.0,0.0,0.0,0.0
177,177,0.0,0.0,0.0,0.0,0.0,0.0,0.0,0.0,0.0,0.0,17.0,48.0,25.0,62.0,87.0,35.0,119.0,123.0,123.0,123.0,0.0,0.0,0.0,0.0,0.0,0.0
178,178,0.0,0.0,0.0,0.0,0.0,0.0,0.0,0.0,0.0,0.0,16.0,47.0,24.0,61.0,86.0,34.0,118.0,122.0,122.0,122.0,0.0,0.0,0.0,0.0,0.0,0.0
179,179,0.0,0.0,0.0,0.0,0.0,0.0,0.0,0.0,0.0,0.0,15.0,46.0,23.0,60.0,85.0,33.0,117.0,121.0,121.0,121.0,0.0,0.0,0.0,0.0,0.0,0.0
180,180,0.0,0.0,0.0,0.0,0.0,0.0,0.0,0.0,0.0,0.0,14.0,45.0,22.0,59.0,84.0,32.0,116.0,120.0,120.0,120.0,0.0,0.0,0.0,0.0,0.0,0.0
181,181,0.0,0.0,0.0,0.0,0.0,0.0,0.0,0.0,0.0,0.0,13.0,44.0,21.0,58.0,83.0,31.0,115.0,119.0,119.0,119.0,0.0,0.0,0.0,0.0,0.0,0.0
182,182,0.0,0.0,0.0,0.0,0.0,0.0,0.0,0.0,0.0,0.0,12.0,43.0,20.0,57.0,82.0,30.0,114.0,118.0,118.0,118.0,0.0,0.0,0.0,0.0,0.0,0.0
183,183,0.0,0.0,0.0,0.0,0.0,0.0,0.0,0.0,0.0,0.0,11.0,42.0,19.0,56.0,81.0,29.0,113.0,117.0,117.0,117.0,0.0,0.0,0.0,0.0,0.0,0.0
184,184,0.0,0.0,0.0,0.0,0.0,0.0,0.0,0.0,0.0,0.0,10.0,41.0,18.0,55.0,80.0,28.0,112.0,116.0,116.0,116.0,0.0,0.0,0.0,0.0,0.0,0.0
185,185,0.0,0.0,0.0,0.0,0.0,0.0,0.0,0.0,0.0,0.0,9.0,40.0,17.0,54.0,79.0,27.0,111.0,115.0,115.0,115.0,0.0,0.0,0.0,0.0,0.0,0.0
186,186,0.0,0.0,0.0,0.0,0.0,0.0,0.0,0.0,0.0,0.0,8.0,39.0,16.0,53.0,78.0,26.0,110.0,114.0,114.0,114.0,0.0,0.0,0.0,0.0,0.0,0.0
187,187,0.0,0.0,0.0,0.0,0.0,0.0,0.0,0.0,0.0,0.0,7.0,38.0,15.0,52.0,77.0,25.0,109.0,113.0,113.0,113.0,0.0,0.0,0.0,0.0,0.0,0.0
188,188,0.0,0.0,0.0,0.0,0.0,0.0,0.0,0.0,0.0,0.0,6.0,37.0,14.0,51.0,76.0,24.0,108.0,112.0,112.0,112.0,0.0,0.0,0.0,0.0,0.0,0.0
189,189,0.0,0.0,0.0,0.0,0.0,0.0,0.0,0.0,0.0,0.0,5.0,36.0,13.0,50.0,75.0,23.0,107.0,111.0,111.0,111.0,0.0,0.0,0.0,0.0,0.0,0.0
190,190,0.0,0.0,0.0,0.0,0.0,0.0,0.0,0.0,0.0,0.0,4.0,35.0,12.0,49.0,74.0,22.0,106.0,110.0,110.0,110.0,0.0,0.0,0.0,0.0,0.0,0.0
191,191,0.0,0.0,0.0,0.0,0.0,0.0,0.0,0.0,0.0,0.0,3.0,34.0,11.0,48.0,73.0,21.0,105.0,109.0,109.0,109.0,0.0,0.0,0.0,0.0,0.0,0.0
192,192,0.0,0.0,0.0,0.0,0.0,0.0,0.0,0.0,0.0,0.0,2.0,33.0,10.0,47.0,72.0,20.0,104.0,108.0,108.0,108.0,0.0,0.0,0.0,0.0,0.0,0.0
193,193,0.0,0.0,0.0,0.0,0.0,0.0,0.0,0.0,0.0,0.0,1.0,32.0,9.0,46.0,71.0,19.0,103.0,107.0,107.0,107.0,0.0,0.0,0.0,0.0,0.0,0.0
194,194,0.0,0.0,0.0,0.0,0.0,0.0,0.0,0.0,0.0,0.0,0.0,31.0,8.0,45.0,70.0,18.0,102.0,106.0,106.0,106.0,0.0,0.0,0.0,0.0,0.0,0.0
195,195,0.0,0.0,0.0,0.0,0.0,0.0,0.0,0.0,0.0,0.0,0.0,30.0,7.0,44.0,69.0,17.0,101.0,105.0,105.0,105.0,0.0,0.0,0.0,0.0,0.0,0.0
196,196,0.0,0.0,0.0,0.0,0.0,0.0,0.0,0.0,0.0,0.0,0.0,29.0,6.0,43.0,68.0,16.0,100.0,104.0,104.0,104.0,0.0,0.0,0.0,0.0,0.0,0.0
197,197,0.0,0.0,0.0,0.0,0.0,0.0,0.0,0.0,0.0,0.0,0.0,28.0,5.0,42.0,67.0,15.0,99.0,103.0,103.0,103.0,0.0,0.0,0.0,0.0,0.0,0.0
198,198,0.0,0.0,0.0,0.0,0.0,0.0,0.0,0.0,0.0,0.0,0.0,27.0,4.0,41.0,66.0,14.0,98.0,102.0,102.0,102.0,0.0,0.0,0.0,0.0,0.0,0.0
199,199,0.0,0.0,0.0,0.0,0.0,0.0,0.0,0.0,0.0,0.0,0.0,26.0,3.0,40.0,65.0,13.0,97.0,101.0,101.0,101.0,0.0,0.0,0.0,0.0,0.0,0.0
200,200,0.0,0.0,0.0,0.0,0.0,0.0,0.0,0.0,0.0,0.0,0.0,25.0,2.0,39.0,64.0,12.0,96.0,100.0,100.0,100.0,100.0,0.0,0.0,0.0,0.0,0.0
201,201,0.0,0.0,0.0,0.0,0.0,0.0,0.0,0.0,0.0,0.0,0.0,24.0,1.0,38.0,63.0,11.0,95.0,99.0,99.0,99.0,99.0,0.0,0.0,0.0,0.0,0.0
202,202,0.0,0.0,0.0,0.0,0.0,0.0,0.0,0.0,0.0,0.0,0.0,23.0,0.0,37.0,62.0,10.0,94.0,98.0,98.0,98.0,98.0,0.0,0.0,0.0,0.0,0.0
203,203,0.0,0.0,0.0,0.0,0.0,0.0,0.0,0.0,0.0,0.0,0.0,22.0,0.0,36.0,61.0,9.0,93.0,97.0,97.0,97.0,97.0,0.0,0.0,0.0,0.0,0.0
204,204,0.0,0.0,0.0,0.0,0.0,0.0,0.0,0.0,0.0,0.0,0.0,21.0,0.0,35.0,60.0,8.0,92.0,96.0,96.0,96.0,96.0,0.0,0.0,0.0,0.0,0.0
205,205,0.0,0.0,0.0,0.0,0.0,0.0,0.0,0.0,0.0,0.0,0.0,20.0,0.0,34.0,59.0,7.0,91.0,95.0,95.0,95.0,95.0,0.0,0.0,0.0,0.0,0.0
206,206,0.0,0.0,0.0,0.0,0.0,0.0,0.0,0.0,0.0,0.0,0.0,19.0,0.0,33.0,58.0,6.0,90.0,94.0,94.0,94.0,94.0,0.0,0.0,0.0,0.0,0.0
207,207,0.0,0.0,0.0,0.0,0.0,0.0,0.0,0.0,0.0,0.0,0.0,18.0,0.0,32.0,57.0,5.0,89.0,93.0,93.0,93.0,93.0,0.0,0.0,0.0,0.0,0.0
208,208,0.0,0.0,0.0,0.0,0.0,0.0,0.0,0.0,0.0,0.0,0.0,17.0,0.0,31.0,56.0,4.0,88.0,92.0,92.0,92.0,92.0,0.0,0.0,0.0,0.0,0.0
209,209,0.0,0.0,0.0,0.0,0.0,0.0,0.0,0.0,0.0,0.0,0.0,16.0,0.0,30.0,55.0,3.0,87.0,91.0,91.0,91.0,91.0,0.0,0.0,0.0,0.0,0.0
210,210,0.0,0.0,0.0,0.0,0.0,0.0,0.0,0.0,0.0,0.0,0.0,15.0,0.0,29.0,54.0,2.0,86.0,90.0,90.0,90.0,90.0,0.0,0.0,0.0,0.0,0.0
211,211,0.0,0.0,0.0,0.0,0.0,0.0,0.0,0.0,0.0,0.0,0.0,14.0,0.0,28.0,53.0,1.0,85.0,89.0,89.0,89.0,89.0,0.0,0.0,0.0,0.0,0.0
212,212,0.0,0.0,0.0,0.0,0.0,0.0,0.0,0.0,0.0,0.0,0.0,13.0,0.0,27.0,52.0,0.0,84.0,88.0,88.0,88.0,88.0,0.0,0.0,0.0,0.0,0.0
213,213,0.0,0.0,0.0,0.0,0.0,0.0,0.0,0.0,0.0,0.0,0.0,12.0,0.0,26.0,51.0,0.0,83.0,87.0,87.0,87.0,87.0,0.0,0.0,0.0,0.0,0.0
214,214,0.0,0.0,0.0,0.0,0.0,0.0,0.0,0.0,0.0,0.0,0.0,11.0,0.0,25.0,50.0,0.0,82.0,86.0,86.0,86.0,86.0,0.0,0.0,0.0,0.0,0.0
215,215,0.0,0.0,0.0,0.0,0.0,0.0,0.0,0.0,0.0,0.0,0.0,10.0,0.0,24.0,49.0,0.0,81.0,85.0,85.0,85.0,85.0,0.0,0.0,0.0,0.0,0.0
216,216,0.0,0.0,0.0,0.0,0.0,0.0,0.0,0.0,0.0,0.0,0.0,9.0,0.0,23.0,48.0,0.0,80.0,84.0,84.0,84.0,84.0,0.0,0.0,0.0,0.0,0.0
217,217,0.0,0.0,0.0,0.0,0.0,0.0,0.0,0.0,0.0,0.0,0.0,8.0,0.0,22.0,47.0,0.0,79.0,83.0,83.0,83.0,83.0,0.0,0.0,0.0,0.0,0.0
218,218,0.0,0.0,0.0,0.0,0.0,0.0,0.0,0.0,0.0,0.0,0.0,7.0,0.0,21.0,46.0,0.0,78.0,82.0,82.0,82.0,82.0,0.0,0.0,0.0,0.0,0.0
219,219,0.0,0.0,0.0,0.0,0.0,0.0,0.0,0.0,0.0,0.0,0.0,6.0,0.0,20.0,45.0,0.0,77.0,81.0,81.0,81.0,81.0,0.0,0.0,0.0,0.0,0.0
220,220,0.0,0.0,0.0,0.0,0.0,0.0,0.0,0.0,0.0,0.0,0.0,5.0,0.0,19.0,44.0,0.0,76.0,80.0,80.0,80.0,80.0,0.0,0.0,0.0,0.0,0.0
221,221,0.0,0.0,0.0,0.0,0.0,0.0,0.0,0.0,0.0,0.0,0.0,4.0,0.0,18.0,43.0,0.0,75.0,79.0,79.0,79.0,79.0,0.0,0.0,0.0,0.0,0.0
222,222,0.0,0.0,0.0,0.0,0.0,0.0,0.0,0.0,0.0,0.0,0.0,3.0,0.0,17.0,42.0,0.0,74.0,78.0,78.0,78.0,78.0,0.0,0.0,0.0,0.0,0.0
223,223,0.0,0.0,0.0,0.0,0.0,0.0,0.0,0.0,0.0,0.0,0.0,2.0,0.0,16.0,41.0,0.0,73.0,77.0,77.0,77.0,77.0,0.0,0.0,0.0,0.0,0.0
224,224,0.0,0.0,0.0,0.0,0.0,0.0,0.0,0.0,0.0,0.0,0.0,1.0,0.0,15.0,40.0,0.0,72.0,76.0,76.0,76.0,76.0,0.0,0.0,0.0,0.0,0.0
225,225,0.0,0.0,0.0,0.0,0.0,0.0,0.0,0.0,0.0,0.0,0.0,0.0,0.0,14.0,39.0,0.0,71.0,75.0,75.0,75.0,75.0,75.0,0.0,0.0,0.0,0.0
226,226,0.0,0.0,0.0,0.0,0.0,0.0,0.0,0.0,0.0,0.0,0.0,0.0,0.0,13.0,38.0,0.0,70.0,74.0,74.0,74.0,74.0,74.0,0.0,0.0,0.0,0.0
227,227,0.0,0.0,0.0,0.0,0.0,0.0,0.0,0.0,0.0,0.0,0.0,0.0,0.0,12.0,37.0,0.0,69.0,73.0,73.0,73.0,73.0,73.0,0.0,0.0,0.0,0.0
228,228,0.0,0.0,0.0,0.0,0.0,0.0,0.0,0.0,0.0,0.0,0.0,0.0,0.0,11.0,36.0,0.0,68.0,72.0,72.0,72.0,72.0,72.0,0.0,0.0,0.0,0.0
229,229,0.0,0.0,0.0,0.0,0.0,0.0,0.0,0.0,0.0,0.0,0.0,0.0,0.0,10.0,35.0,0.0,67.0,71.0,71.0,71.0,71.0,71.0,0.0,0.0,0.0,0.0
230,230,0.0,0.0,0.0,0.0,0.0,0.0,0.0,0.0,0.0,0.0,0.0,0.0,0.0,9.0,34.0,0.0,66.0,70.0,70.0,70.0,70.0,70.0,0.0,0.0,0.0,0.0
231,231,0.0,0.0,0.0,0.0,0.0,0.0,0.0,0.0,0.0,0.0,0.0,0.0,0.0,8.0,33.0,0.0,65.0,69.0,69.0,69.0,69.0,69.0,0.0,0.0,0.0,0.0
232,232,0.0,0.0,0.0,0.0,0.0,0.0,0.0,0.0,0.0,0.0,0.0,0.0,0.0,7.0,32.0,0.0,64.0,68.0,68.0,68.0,68.0,68.0,0.0,0.0,0.0,0.0
233,233,0.0,0.0,0.0,0.0,0.0,0.0,0.0,0.0,0.0,0.0,0.0,0.0,0.0,6.0,31.0,0.0,63.0,67.0,67.0,67.0,67.0,67.0,0.0,0.0,0.0,0.0
234,234,0.0,0.0,0.0,0.0,0.0,0.0,0.0,0.0,0.0,0.0,0.0,0.0,0.0,5.0,30.0,0.0,62.0,66.0,66.0,66.0,66.0,66.0,0.0,0.0,0.0,0.0
235,235,0.0,0.0,0.0,0.0,0.0,0.0,0.0,0.0,0.0,0.0,0.0,0.0,0.0,4.0,29.0,0.0,61.0,65.0,65.0,65.0,65.0,65.0,0.0,0.0,0.0,0.0
236,236,0.0,0.0,0.0,0.0,0.0,0.0,0.0,0.0,0.0,0.0,0.0,0.0,0.0,3.0,28.0,0.0,60.0,64.0,64.0,64.0,64.0,64.0,0.0,0.0,0.0,0.0
237,237,0.0,0.0,0.0,0.0,0.0,0.0,0.0,0.0,0.0,0.0,0.0,0.0,0.0,2.0,27.0,0.0,59.0,63.0,63.0,63.0,63.0,63.0,0.0,0.0,0.0,0.0
238,238,0.0,0.0,0.0,0.0,0.0,0.0,0.0,0.0,0.0,0.0,0.0,0.0,0.0,1.0,26.0,0.0,58.0,62.0,62.0,62.0,62.0,62.0,0.0,0.0,0.0,0.0
239,239,0.0,0.0,0.0,0.0,0.0,0.0,0.0,0.0,0.0,0.0,0.0,0.0,0.0,0.0,25.0,0.0,57.0,61.0,61.0,61.0,61.0,61.0,0.0,0.0,0.0,0.0
240,240,0.0,0.0,0.0,0.0,0.0,0.0,0.0,0.0,0.0,0.0,0.0,0.0,0.0,0.0,24.0,0.0,56.0,60.0,60.0,60.0,60.0,60.0,60.0,0.0,0.0,0.0
241,241,0.0,0.0,0.0,0.0,0.0,0.0,0.0,0.0,0.0,0.0,0.0,0.0,0.0,0.0,23.0,0.0,55.0,59.0,59.0,59.0,59.0,59.0,59.0,0.0,0.0,0.0
242,242,0.0,0.0,0.0,0.0,0.0,0.0,0.0,0.0,0.0,0.0,0.0,0.0,0.0,0.0,22.0,0.0,54.0,58.0,58.0,58.0,58.0,58.0,58.0,0.0,0.0,0.0
243,243,0.0,0.0,0.0,0.0,0.0,0.0,0.0,0.0,0.0,0.0,0.0,0.0,0.0,0.0,21.0,0.0,53.0,57.0,57.0,57.0,57.0,57.0,57.0,0.0,0.0,0.0
244,244,0.0,0.0,0.0,0.0,0.0,0.0,0.0,0.0,0.0,0.0,0.0,0.0,0.0,0.0,20.0,0.0,52.0,56.0,56.0,56.0,56.0,56.0,56.0,0.0,0.0,0.0
245,245,0.0,0.0,0.0,0.0,0.0,0.0,0.0,0.0,0.0,0.0,0.0,0.0,0.0,0.0,19.0,0.0,51.0,55.0,55.0,55.0,55.0,55.0,55.0,0.0,0.0,0.0
246,246,0.0,0.0,0.0,0.0,0.0,0.0,0.0,0.0,0.0,0.0,0.0,0.0,0.0,0.0,18.0,0.0,50.0,54.0,54.0,54.0,54.0,54.0,54.0,0.0,0.0,0.0
247,247,0.0,0.0,0.0,0.0,0.0,0.0,0.0,0.0,0.0,0.0,0.0,0.0,0.0,0.0,17.0,0.0,49.0,53.0,53.0,53.0,53.0,53.0,53.0,0.0,0.0,0.0
248,248,0.0,0.0,0.0,0.0,0.0,0.0,0.0,0.0,0.0,0.0,0.0,0.0,0.0,0.0,16.0,0.0,48.0,52.0,52.0,52.0,52.0,52.0,52.0,0.0,0.0,0.0
249,249,0.0,0.0,0.0,0.0,0.0,0.0,0.0,0.0,0.0,0.0,0.0,0.0,0.0,0.0,15.0,0.0,47.0,51.0,51.0,51.0,51.0,51.0,51.0,0.0,0.0,0.0
250,250,0.0,0.0,0.0,0.0,0.0,0.0,0.0,0.0,0.0,0.0,0.0,0.0,0.0,0.0,14.0,0.0,46.0,50.0,50.0,50.0,50.0,50.0,50.0,0.0,0.0,0.0
251,251,0.0,0.0,0.0,0.0,0.0,0.0,0.0,0.0,0.0,0.0,0.0,0.0,0.0,0.0,13.0,0.0,45.0,49.0,49.0,49.0,49.0,49.0,49.0,0.0,0.0,0.0
252,252,0.0,0.0,0.0,0.0,0.0,0.0,0.0,0.0,0.0,0.0,0.0,0.0,0.0,0.0,12.0,0.0,44.0,48.0,48.0,48.0,48.0,48.0,48.0,0.0,0.0,0.0
253,253,0.0,0.0,0.0,0.0,0.0,0.0,0.0,0.0,0.0,0.0,0.0,0.0,0.0,0.0,11.0,0.0,43.0,47.0,47.0,47.0,47.0,47.0,47.0,0.0,0.0,0.0
254,254,0.0,0.0,0.0,0.0,0.0,0.0,0.0,0.0,0.0,0.0,0.0,0.0,0.0,0.0,10.0,0.0,42.0,46.0,46.0,46.0,46.0,46.0,46.0,0.0,0.0,0.0
255,255,0.0,0.0,0.0,0.0,0.0,0.0,0.0,0.0,0.0,0.0,0.0,0.0,0.0,0.0,9.0,0.0,41.0,45.0,45.0,45.0,45.0,45.0,45.0,0.0,0.0,0.0
256,256,0.0,0.0,0.0,0.0,0.0,0.0,0.0,0.0,0.0,0.0,0.0,0.0,0.0,0.0,8.0,0.0,40.0,44.0,44.0,44.0,44.0,44.0,44.0,0.0,0.0,0.0
257,257,0.0,0.0,0.0,0.0,0.0,0.0,0.0,0.0,0.0,0.0,0.0,0.0,0.0,0.0,7.0,0.0,39.0,43.0,43.0,43.0,43.0,43.0,43.0,0.0,0.0,0.0
258,258,0.0,0.0,0.0,0.0,0.0,0.0,0.0,0.0,0.0,0.0,0.0,0.0,0.0,0.0,6.0,0.0,38.0,42.0,42.0,42.0,42.0,42.0,42.0,0.0,0.0,0.0
259,259,0.0,0.0,0.0,0.0,0.0,0.0,0.0,0.0,0.0,0.0,0.0,0.0,0.0,0.0,5.0,0.0,37.0,41.0,41.0,41.0,41.0,41.0,41.0,41.0,0.0,0.0
260,260,0.0,0.0,0.0,0.0,0.0,0.0,0.0,0.0,0.0,0.0,0.0,0.0,0.0,0.0,4.0,0.0,36.0,40.0,40.0,40.0,40.0,40.0,40.0,40.0,0.0,0.0
261,261,0.0,0.0,0.0,0.0,0.0,0.0,0.0,0.0,0.0,0.0,0.0,0.0,0.0,0.0,3.0,0.0,35.0,39.0,39.0,39.0,39.0,39.0,39.0,39.0,0.0,0.0
262,262,0.0,0.0,0.0,0.0,0.0,0.0,0.0,0.0,0.0,0.0,0.0,0.0,0.0,0.0,2.0,0.0,34.0,38.0,38.0,38.0,38.0,38.0,38.0,38.0,38.0,0.0
263,263,0.0,0.0,0.0,0.0,0.0,0.0,0.0,0.0,0.0,0.0,0.0,0.0,0.0,0.0,1.0,0.0,33.0,37.0,37.0,37.0,37.0,37.0,37.0,37.0,37.0,0.0
264,264,0.0,0.0,0.0,0.0,0.0,0.0,0.0,0.0,0.0,0.0,0.0,0.0,0.0,0.0,0.0,0.0,32.0,36.0,36.0,36.0,36.0,36.0,36.0,36.0,36.0,0.0
265,265,0.0,0.0,0.0,0.0,0.0,0.0,0.0,0.0,0.0,0.0,0.0,0.0,0.0,0.0,0.0,0.0,31.0,35.0,35.0,35.0,35.0,35.0,35.0,35.0,35.0,0.0
266,266,0.0,0.0,0.0,0.0,0.0,0.0,0.0,0.0,0.0,0.0,0.0,0.0,0.0,0.0,0.0,0.0,30.0,34.0,34.0,34.0,34.0,34.0,34.0,34.0,34.0,0.0
267,267,0.0,0.0,0.0,0.0,0.0,0.0,0.0,0.0,0.0,0.0,0.0,0.0,0.0,0.0,0.0,0.0,29.0,33.0,33.0,33.0,33.0,33.0,33.0,33.0,33.0,0.0
268,268,0.0,0.0,0.0,0.0,0.0,0.0,0.0,0.0,0.0,0.0,0.0,0.0,0.0,0.0,0.0,0.0,28.0,32.0,32.0,32.0,32.0,32.0,32.0,32.0,32.0,0.0
269,269,0.0,0.0,0.0,0.0,0.0,0.0,0.0,0.0,0.0,0.0,0.0,0.0,0.0,0.0,0.0,0.0,27.0,31.0,31.0,31.0,31.0,31.0,31.0,31.0,31.0,31.0
270,270,0.0,0.0,0.0,0.0,0.0,0.0,0.0,0.0,0.0,0.0,0.0,0.0,0.0,0.0,0.0,0.0,26.0,30.0,30.0,30.0,30.0,30.0,30.0,30.0,30.0,30.0
271,271,0.0,0.0,0.0,0.0,0.0,0.0,0.0,0.0,0.0,0.0,0.0,0.0,0.0,0.0,0.0,0.0,25.0,29.0,29.0,29.0,29.0,29.0,29.0,29.0,29.0,29.0
272,272,0.0,0.0,0.0,0.0,0.0,0.0,0.0,0.0,0.0,0.0,0.0,0.0,0.0,0.0,0.0,0.0,24.0,28.0,28.0,28.0,28.0,28.0,28.0,28.0,28.0,28.0
273,273,0.0,0.0,0.0,0.0,0.0,0.0,0.0,0.0,0.0,0.0,0.0,0.0,0.0,0.0,0.0,0.0,23.0,27.0,27.0,27.0,27.0,27.0,27.0,27.0,27.0,27.0
274,274,0.0,0.0,0.0,0.0,0.0,0.0,0.0,0.0,0.0,0.0,0.0,0.0,0.0,0.0,0.0,0.0,22.0,26.0,26.0,26.0,26.0,26.0,26.0,26.0,26.0,26.0
275,275,0.0,0.0,0.0,0.0,0.0,0.0,0.0,0.0,0.0,0.0,0.0,0.0,0.0,0.0,0.0,0.0,21.0,25.0,25.0,25.0,25.0,25.0,25.0,25.0,25.0,25.0
276,276,0.0,0.0,0.0,0.0,0.0,0.0,0.0,0.0,0.0,0.0,0.0,0.0,0.0,0.0,0.0,0.0,20.0,24.0,24.0,24.0,24.0,24.0,24.0,24.0,24.0,24.0
277,277,0.0,0.0,0.0,0.0,0.0,0.0,0.0,0.0,0.0,0.0,0.0,0.0,0.0,0.0,0.0,0.0,19.0,23.0,23.0,23.0,23.0,23.0,23.0,23.0,23.0,23.0
278,278,0.0,0.0,0.0,0.0,0.0,0.0,0.0,0.0,0.0,0.0,0.0,0.0,0.0,0.0,0.0,0.0,18.0,22.0,22.0,22.0,22.0,22.0,22.0,22.0,22.0,22.0
279,279,0.0,0.0,0.0,0.0,0.0,0.0,0.0,0.0,0.0,0.0,0.0,0.0,0.0,0.0,0.0,0.0,17.0,21.0,21.0,21.0,21.0,21.0,21.0,21.0,21.0,21.0
280,280,0.0,0.0,0.0,0.0,0.0,0.0,0.0,0.0,0.0,0.0,0.0,0.0,0.0,0.0,0.0,0.0,16.0,20.0,20.0,20.0,20.0,20.0,20.0,20.0,20.0,20.0
281,281,0.0,0.0,0.0,0.0,0.0,0.0,0.0,0.0,0.0,0.0,0.0,0.0,0.0,0.0,0.0,0.0,15.0,19.0,19.0,19.0,19.0,19.0,19.0,19.0,19.0,19.0
282,282,0.0,0.0,0.0,0.0,0.0,0.0,0.0,0.0,0.0,0.0,0.0,0.0,0.0,0.0,0.0,0.0,14.0,18.0,18.0,18.0,18.0,18.0,18.0,18.0,18.0,18.0
283,283,0.0,0.0,0.0,0.0,0.0,0.0,0.0,0.0,0.0,0.0,0.0,0.0,0.0,0.0,0.0,0.0,13.0,17.0,17.0,17.0,17.0,17.0,17.0,17.0,17.0,17.0
284,284,0.0,0.0,0.0,0.0,0.0,0.0,0.0,0.0,0.0,0.0,0.0,0.0,0.0,0.0,0.0,0.0,12.0,16.0,16.0,16.0,16.0,16.0,16.0,16.0,16.0,16.0
285,285,0.0,0.0,0.0,0.0,0.0,0.0,0.0,0.0,0.0,0.0,0.0,0.0,0.0,0.0,0.0,0.0,11.0,15.0,15.0,15.0,15.0,15.0,15.0,15.0,15.0,15.0
286,286,0.0,0.0,0.0,0.0,0.0,0.0,0.0,0.0,0.0,0.0,0.0,0.0,0.0,0.0,0.0,0.0,10.0,14.0,14.0,14.0,14.0,14.0,14.0,14.0,14.0,14.0
287,287,0.0,0.0,0.0,0.0,0.0,0.0,0.0,0.0,0.0,0.0,0.0,0.0,0.0,0.0,0.0,0.0,9.0,13.0,13.0,13.0,13.0,13.0,13.0,13.0,13.0,13.0
288,288,0.0,0.0,0.0,0.0,0.0,0.0,0.0,0.0,0.0,0.0,0.0,0.0,0.0,0.0,0.0,0.0,8.0,12.0,12.0,12.0,12.0,12.0,12.0,12.0,12.0,12.0
289,289,0.0,0.0,0.0,0.0,0.0,0.0,0.0,0.0,0.0,0.0,0.0,0.0,0.0,0.0,0.0,0.0,7.0,11.0,11.0,11.0,11.0,11.0,11.0,11.0,11.0,11.0
290,290,0.0,0.0,0.0,0.0,0.0,0.0,0.0,0.0,0.0,0.0,0.0,0.0,0.0,0.0,0.0,0.0,6.0,10.0,10.0,10.0,10.0,10.0,10.0,10.0,10.0,10.0
291,291,0.0,0.0,0.0,0.0,0.0,0.0,0.0,0.0,0.0,0.0,0.0,0.0,0.0,0.0,0.0,0.0,5.0,9.0,9.0,9.0,9.0,9.0,9.0,9.0,9.0,9.0
292,292,0.0,0.0,0.0,0.0,0.0,0.0,0.0,0.0,0.0,0.0,0.0,0.0,0.0,0.0,0.0,0.0,4.0,8.0,8.0,8.0,8.0,8.0,8.0,8.0,8.0,8.0
293,293,0.0,0.0,0.0,0.0,0.0,0.0,0.0,0.0,0.0,0.0,0.0,0.0,0.0,0.0,0.0,0.0,3.0,7.0,7.0,7.0,7.0,7.0,7.0,7.0,7.0,7.0
294,294,0.0,0.0,0.0,0.0,0.0,0.0,0.0,0.0,0.0,0.0,0.0,0.0,0.0,0.0,0.0,0.0,2.0,6.0,6.0,6.0,6.0,6.0,6.0,6.0,6.0,6.0
295,295,0.0,0.0,0.0,0.0,0.0,0.0,0.0,0.0,0.0,0.0,0.0,0.0,0.0,0.0,0.0,0.0,1.0,5.0,5.0,5.0,5.0,5.0,5.0,5.0,5.0,5.0
296,296,0.0,0.0,0.0,0.0,0.0,0.0,0.0,0.0,0.0,0.0,0.0,0.0,0.0,0.0,0.0,0.0,0.0,4.0,4.0,4.0,4.0,4.0,4.0,4.0,4.0,4.0
297,297,0.0,0.0,0.0,0.0,0.0,0.0,0.0,0.0,0.0,0.0,0.0,0.0,0.0,0.0,0.0,0.0,0.0,3.0,3.0,3.0,3.0,3.0,3.0,3.0,3.0,3.0
298,298,0.0,0.0,0.0,0.0,0.0,0.0,0.0,0.0,0.0,0.0,0.0,0.0,0.0,0.0,0.0,0.0,0.0,2.0,2.0,2.0,2.0,2.0,2.0,2.0,2.0,2.0
299,299,0.0,0.0,0.0,0.0,0.0,0.0,0.0,0.0,0.0,0.0,0.0,0.0,0.0,0.0,0.0,0.0,0.0,1.0,1.0,1.0,1.0,1.0,1.0,1.0,1.0,1.0
